# Blender 4.4.0
# www.blender.org
mtllib H_ziki.mtl
o 立方体.002
v -0.121331 0.203202 -0.170243
v -0.083599 0.676100 -0.035963
v 0.126412 0.203202 -0.170243
v 0.088678 0.676100 -0.035963
v -0.121331 0.203202 0.711422
v -0.130025 0.268327 0.742361
v 0.126412 0.203202 0.711422
v 0.135106 0.268327 0.742361
v 0.002541 0.152943 -0.301002
v -0.126044 0.511192 -0.187023
v 0.002541 0.711060 -0.071279
v 0.131126 0.511192 -0.187023
v 0.163152 0.152943 0.270589
v 0.163152 0.592358 0.270589
v 0.131125 0.234107 0.728199
v 0.002541 0.152943 0.842179
v 0.002541 0.230147 0.915020
v -0.126045 0.234107 0.728199
v -0.158073 0.152943 0.270589
v -0.158073 0.592358 0.270589
v 0.002541 0.689353 0.270589
v 0.002541 -0.016478 0.270589
v -0.192057 0.372650 0.270589
v 0.002541 0.188069 0.880257
v 0.197138 0.372650 0.270589
v 0.002541 0.557229 -0.339081
v -0.456046 0.034096 -0.336086
v -0.297005 0.066590 -0.261817
v -0.454648 0.374421 -0.336086
v -0.295884 0.340241 -0.261817
v -0.456046 0.034096 0.422094
v -0.395433 0.015847 0.462033
v -0.454648 0.374421 0.422094
v -0.393891 0.392029 0.462033
v -0.473674 0.204354 -0.450206
v -0.362392 0.020706 -0.364809
v -0.280161 0.203327 -0.312449
v -0.360891 0.386818 -0.364811
v -0.472764 0.425747 0.043005
v -0.314368 0.424905 0.043005
v -0.426557 0.387166 0.450817
v -0.473674 0.204354 0.536214
v -0.394738 0.203937 0.635600
v -0.428059 0.021054 0.450817
v -0.474581 -0.017033 0.043005
v -0.316185 -0.017873 0.043005
v -0.251607 0.203178 0.043005
v -0.537343 0.204696 0.043005
v -0.395567 -0.062065 0.043005
v -0.439730 0.204176 0.605085
v -0.393385 0.469937 0.043005
v -0.349222 0.203696 -0.519077
v -0.468014 0.102125 -0.412352
v -0.322572 0.041533 -0.317943
v -0.284667 0.279769 -0.297468
v -0.410370 0.390832 -0.373165
v -0.466755 0.408722 -0.184675
v -0.352859 0.431789 0.297049
v -0.441370 0.381523 0.438070
v -0.467175 0.306524 0.498360
v -0.395200 0.084977 0.573038
v -0.442825 0.026855 0.438070
v -0.468433 -0.000074 0.270683
v -0.299959 0.026096 -0.154527
v -0.467175 0.306524 -0.412352
v -0.411903 0.017215 -0.373165
v -0.285295 0.126940 -0.297468
v -0.321241 0.365568 -0.317943
v -0.466755 0.408722 0.270683
v -0.298504 0.380764 -0.154529
v -0.410552 0.390806 0.459111
v -0.468014 0.102125 0.498360
v -0.394222 0.322894 0.573038
v -0.412085 0.017247 0.459111
v -0.468433 -0.000074 -0.184675
v -0.354730 -0.024350 0.297049
v -0.280874 0.043634 0.043005
v -0.279563 0.363024 0.043005
v -0.315431 0.203516 0.536635
v -0.266691 0.203258 -0.222012
v -0.509385 0.044847 0.043005
v -0.508076 0.364238 0.043005
v -0.508730 0.204543 -0.312765
v -0.508730 0.204543 0.398773
v -0.374338 -0.031485 -0.219108
v -0.416543 -0.031260 0.305116
v -0.440652 -0.048198 0.043005
v -0.350368 -0.048678 0.043005
v -0.435832 0.090169 0.550868
v -0.434896 0.318137 0.550868
v -0.458368 0.204275 0.573038
v -0.418131 0.204061 0.627420
v -0.414613 0.439358 0.305116
v -0.372406 0.439131 -0.219108
v -0.438582 0.456550 0.043005
v -0.348299 0.456070 0.043005
v -0.353119 0.317701 -0.464860
v -0.354054 0.089736 -0.464860
v -0.417879 0.204061 -0.541588
v -0.302974 0.203449 -0.412103
v -0.309446 0.108129 -0.381856
v -0.415946 0.086380 -0.481281
v -0.414979 0.321714 -0.481281
v -0.327509 0.414508 -0.191943
v -0.424645 0.436306 -0.215649
v -0.443436 0.427151 0.291348
v -0.415209 0.321689 0.567162
v -0.452355 0.312840 0.526858
v -0.453248 0.095651 0.526858
v -0.384927 -0.033393 0.307302
v -0.445266 -0.018748 0.291348
v -0.426550 -0.028103 -0.215649
v -0.491871 0.341373 0.348026
v -0.491871 0.341373 -0.262018
v -0.492993 0.067539 -0.262018
v -0.277380 0.311910 -0.198922
v -0.333041 0.373862 0.422285
v -0.334439 0.033364 0.422285
v -0.278270 0.094721 -0.198922
v -0.492993 0.067539 0.348026
v -0.329239 -0.007337 -0.191943
v -0.416175 0.086409 0.567160
v -0.382981 0.441151 0.307302
v -0.308662 0.298837 -0.381857
v -0.365154 -0.161935 -1.029806
v -0.365154 0.173806 -1.029806
v 0.365120 -0.162700 -1.035728
v 0.365120 0.174570 -1.035728
v -0.073673 -0.206620 1.917140
v -0.073673 0.218492 1.917140
v 0.081673 -0.206361 1.915133
v 0.081673 0.218234 1.915133
v -0.001437 -0.208359 -1.389428
v -0.438849 0.005936 -1.291311
v -0.001437 0.278988 -1.389428
v 0.439164 0.005936 -1.301601
v 0.323239 -0.247960 0.270589
v 0.323239 0.259832 0.270589
v 0.113916 0.005937 2.575020
v 0.004070 -0.208357 1.930603
v 0.004070 0.220229 1.930603
v -0.103887 0.005937 2.580553
v -0.320608 -0.247960 0.270589
v -0.320608 0.259832 0.270589
v 0.001316 0.308998 0.270589
v 0.001316 -0.297125 0.270589
v -0.588267 0.005937 0.270589
v 0.005211 0.005937 2.618180
v 0.590900 0.005937 0.270589
v -0.002578 0.081278 -2.077004
v -2.754256 -0.170324 -1.202362
v -2.754256 0.126016 -1.202362
v 2.751334 -0.170354 -1.202482
v 2.745286 0.126045 -1.203367
v -0.549830 -0.226488 0.940327
v -0.549830 0.189414 0.940327
v 0.557691 -0.226478 0.940286
v 0.557691 0.189404 0.940286
v -0.001799 -0.075688 -0.816061
v -2.889161 -0.018537 -1.243479
v -0.001799 0.189733 -0.816061
v 2.880256 -0.018537 -1.244588
v 1.817399 -0.238318 0.062691
v 1.817399 0.201247 0.062691
v 0.614691 -0.018537 1.029942
v 0.003948 -0.226969 0.942352
v 0.003948 0.189894 0.942352
v -0.606297 -0.018537 1.030057
v -1.815248 -0.238318 0.062691
v -1.815248 0.201244 0.062691
v 0.001074 0.211859 0.062594
v 0.001074 -0.196025 0.062594
v -2.324547 -0.018537 0.062210
v 0.004254 -0.018537 1.035731
v 2.326705 -0.018537 0.062210
v -0.002101 -0.018537 -0.908757
v -1.389358 -0.071354 -0.797743
v -2.829181 0.037006 -1.225219
v 1.386074 0.068264 -0.797811
v 2.826289 -0.069751 -1.225396
v 2.294574 -0.228025 -0.361863
v 1.191826 0.196742 0.507039
v 0.588864 -0.124165 0.989281
v 0.280940 -0.226756 0.941463
v -0.273061 0.142857 0.941485
v -0.580713 -0.124172 0.989361
v -1.186809 -0.233824 0.507065
v -2.294982 0.190933 -0.361807
v 1.386074 -0.071369 -0.797811
v -2.829181 -0.069736 -1.225219
v -1.389358 0.068247 -0.797743
v 2.820246 0.037023 -1.226279
v 1.191826 -0.233816 0.507039
v 2.294574 0.190950 -0.361863
v 0.588864 0.087091 0.989281
v -0.273061 -0.226763 0.941485
v 0.280938 0.142852 0.941463
v -0.580713 0.087098 0.989361
v -2.294982 -0.228008 -0.361807
v -1.186809 0.196750 0.507065
v -0.914332 0.207192 0.062614
v 0.916477 0.207192 0.062614
v 0.002534 0.201927 0.509489
v -0.000386 0.201769 -0.383875
v -0.914332 -0.191357 0.062614
v 0.916477 -0.191357 0.062614
v -0.000386 -0.131850 -0.383875
v 0.002534 -0.239001 0.509489
v -2.610648 -0.018537 -0.389335
v -1.488762 -0.018537 0.568839
v -2.082138 -0.132092 0.062368
v -2.082138 0.095018 0.062368
v -0.301339 -0.018537 1.033296
v 0.309796 -0.018537 1.033239
v 0.004114 -0.124469 0.993324
v 0.004114 0.087395 0.993324
v 1.494003 -0.018537 0.568731
v 2.610323 -0.018537 -0.389457
v 2.084290 -0.132094 0.062368
v 2.084290 0.095020 0.062368
v 1.464846 -0.018537 -0.866733
v -1.468400 -0.018537 -0.866590
v -0.001964 -0.124315 -0.866662
v -0.001964 0.087241 -0.866662
v -1.434601 0.084801 -0.835699
v -1.434601 -0.121875 -0.835699
v 1.431165 -0.121885 -0.835808
v 2.464410 0.088139 -0.378040
v 2.464413 -0.125213 -0.378040
v 1.348451 -0.129948 0.540405
v 0.296738 0.087276 0.991597
v 0.296738 -0.124350 0.991597
v -0.288541 -0.124352 0.991638
v -1.343292 0.092884 0.540467
v -1.343292 -0.129955 0.540467
v -2.464783 -0.125203 -0.377946
v 0.599039 -0.236675 0.508803
v 1.158649 -0.127133 -0.374310
v -1.159256 -0.127123 -0.374276
v 1.158649 0.197056 -0.374310
v 0.599039 0.146115 0.508803
v -0.593988 0.146118 0.508815
v -1.159256 0.197046 -0.374276
v -0.593988 -0.236678 0.508815
v -2.464783 0.088128 -0.377946
v -0.288541 0.087278 0.991638
v 1.348451 0.092874 0.540405
v 1.431165 0.084811 -0.835808
v -0.690819 0.084964 0.010898
v -0.562844 0.061344 0.149677
v -0.690819 -0.156147 0.010898
v -0.562844 -0.132529 0.149677
v -0.690819 0.084964 1.427647
v -0.641946 0.097665 1.502277
v -0.690819 -0.156147 1.427647
v -0.641946 -0.168848 1.502277
v -0.705577 -0.035593 -0.202350
v -0.615351 0.094098 -0.042775
v -0.549732 -0.035593 0.055068
v -0.615351 -0.165281 -0.042775
v -0.705577 -0.192437 0.719274
v -0.578012 -0.192437 0.719274
v -0.668236 -0.165281 1.481319
v -0.705577 -0.035591 1.640895
v -0.642007 -0.035591 1.826606
v -0.668236 0.094098 1.481319
v -0.705577 0.121256 0.719274
v -0.578012 0.121256 0.719274
v -0.526735 -0.035593 0.719274
v -0.756853 -0.035593 0.719274
v -0.641795 0.152862 0.719274
v -0.678240 -0.035591 1.769589
v -0.641795 -0.224045 0.719274
v -0.605348 -0.035593 -0.331045
v -0.700681 0.036813 -0.131615
v -0.583350 0.079193 0.044803
v -0.553613 -0.089729 0.083063
v -0.655211 -0.167938 -0.058393
v -0.700681 -0.180400 0.293830
v -0.609032 -0.197172 1.193989
v -0.680148 -0.161227 1.457497
v -0.700681 -0.107996 1.570160
v -0.641985 0.048689 1.709703
v -0.680148 0.090044 1.457497
v -0.700681 0.109217 1.144716
v -0.565087 0.090044 0.350160
v -0.700681 -0.107996 -0.131615
v -0.655211 0.096755 -0.058393
v -0.553613 0.018544 0.083063
v -0.583350 -0.150376 0.044803
v -0.700681 -0.180400 1.144716
v -0.565087 -0.161227 0.350160
v -0.655358 -0.167918 1.496817
v -0.700681 0.036813 1.570160
v -0.641985 -0.119870 1.709703
v -0.655358 0.096735 1.496817
v -0.700681 0.109217 0.293830
v -0.609032 0.125988 1.193989
v -0.549776 0.077548 0.719274
v -0.549776 -0.148731 0.719274
v -0.578136 -0.035591 1.641683
v -0.538881 -0.035593 0.224056
v -0.733810 0.077548 0.719274
v -0.733810 -0.148731 0.719274
v -0.733810 -0.035593 0.054475
v -0.733810 -0.035591 1.384069
v -0.624800 0.131117 0.229487
v -0.658790 0.131117 1.209057
v -0.678150 0.143208 0.719274
v -0.605440 0.143208 0.719274
v -0.674725 0.045163 1.668277
v -0.674725 -0.116345 1.668273
v -0.693250 -0.035591 1.709705
v -0.660846 -0.035591 1.811323
v -0.658790 -0.202300 1.209057
v -0.624800 -0.202300 0.229487
v -0.678150 -0.214390 0.719274
v -0.605440 -0.214390 0.719274
v -0.608864 -0.116345 -0.229729
v -0.608864 0.045162 -0.229729
v -0.660642 -0.035593 -0.373106
v -0.568102 -0.035593 -0.131148
v -0.573000 0.031964 -0.074629
v -0.658698 0.047772 -0.260415
v -0.658698 -0.118957 -0.260415
v -0.588559 -0.185023 0.280250
v -0.666859 -0.200103 0.235949
v -0.681961 -0.193544 1.183332
v -0.658883 -0.118936 1.698724
v -0.688766 -0.112527 1.623409
v -0.688766 0.041342 1.623409
v -0.633321 0.132509 1.213144
v -0.681961 0.122359 1.183332
v -0.666859 0.128918 0.235949
v -0.720686 -0.132591 1.289242
v -0.720686 -0.132592 0.149306
v -0.720686 0.061410 0.149302
v -0.547847 -0.112527 0.267204
v -0.592881 -0.156208 1.428005
v -0.592881 0.085025 1.428005
v -0.547847 0.041342 0.267204
v -0.720686 0.061410 1.289242
v -0.588559 0.113840 0.280246
v -0.658883 0.047752 1.698724
v -0.633321 -0.203690 1.213144
v -0.573000 -0.103147 -0.074629
v 1.488794 0.154986 -0.500475
v 1.601897 0.163704 -0.339968
v 1.489145 0.253662 -0.500273
v 1.602181 0.243051 -0.339806
v 1.067939 0.154986 0.228467
v 1.104676 0.149426 0.300874
v 1.068291 0.253662 0.228669
v 1.105067 0.258499 0.301099
v 1.534524 0.204433 -0.620366
v 1.595712 0.150689 -0.475565
v 1.645954 0.203281 -0.379439
v 1.596091 0.256842 -0.475347
v 1.260975 0.268624 -0.146043
v 1.414777 0.267680 -0.057247
v 1.079586 0.257232 0.272012
v 0.986973 0.204433 0.328015
v 1.008450 0.203962 0.467819
v 1.079209 0.151079 0.271793
v 1.260520 0.140242 -0.146308
v 1.414322 0.139296 -0.057511
v 1.476371 0.203110 -0.021685
v 1.198927 0.204811 -0.181870
v 1.337374 0.126835 -0.101934
v 0.981705 0.204229 0.413260
v 1.337922 0.281088 -0.101620
v 1.693594 0.203692 -0.616814
v 1.519308 0.174764 -0.580624
v 1.608303 0.156551 -0.408216
v 1.633035 0.225466 -0.367688
v 1.552675 0.258224 -0.511127
v 1.393242 0.263660 -0.361544
v 1.236367 0.269847 0.165414
v 1.072296 0.255662 0.251460
v 1.013993 0.234029 0.295088
v 1.043083 0.169470 0.407613
v 1.071931 0.152826 0.251250
v 1.140060 0.145132 0.076008
v 1.539595 0.151978 -0.238403
v 1.519517 0.234028 -0.580502
v 1.552289 0.149896 -0.511349
v 1.632879 0.181154 -0.367780
v 1.608636 0.250507 -0.408023
v 1.140481 0.263660 0.076251
v 1.539960 0.254811 -0.238191
v 1.090511 0.258217 0.288952
v 1.013785 0.174764 0.294966
v 1.043328 0.238455 0.407754
v 1.090126 0.149906 0.288728
v 1.392821 0.145132 -0.361787
v 1.235895 0.137590 0.165141
v 1.448424 0.156977 -0.037820
v 1.448756 0.249585 -0.037630
v 1.140393 0.203490 0.417133
v 1.608835 0.203200 -0.284938
v 1.226544 0.158339 -0.165924
v 1.226871 0.250944 -0.165734
v 1.424189 0.204641 -0.507877
v 1.029226 0.204641 0.176219
v 1.503390 0.135609 -0.342087
v 1.171422 0.135859 0.138255
v 1.293557 0.131054 -0.127235
v 1.381220 0.130516 -0.076622
v 1.015920 0.171156 0.363510
v 1.016156 0.237254 0.363647
v 0.981396 0.204341 0.372000
v 0.990279 0.204101 0.446841
v 1.171907 0.272316 0.138536
v 1.503875 0.272063 -0.341809
v 1.294077 0.277405 -0.126933
v 1.381741 0.276869 -0.076320
v 1.659376 0.236767 -0.567064
v 1.659140 0.170669 -0.567200
v 1.639424 0.204100 -0.676945
v 1.679120 0.203416 -0.488037
v 1.656327 0.175806 -0.462422
v 1.608171 0.169967 -0.617678
v 1.608414 0.238203 -0.617539
v 1.532464 0.264725 -0.290481
v 1.451245 0.271475 -0.367763
v 1.151596 0.268903 0.109161
v 1.026216 0.238197 0.390341
v 1.012547 0.235794 0.330784
v 1.012323 0.172823 0.330654
v 1.200912 0.135103 0.158086
v 1.151138 0.139616 0.108896
v 1.450766 0.136820 -0.368040
v 1.073358 0.244242 0.136648
v 1.411985 0.244242 -0.449868
v 1.411704 0.164845 -0.450031
v 1.585318 0.234753 -0.268914
v 1.186264 0.252962 0.297027
v 1.185912 0.154235 0.296824
v 1.585094 0.171779 -0.269045
v 1.073080 0.164845 0.136485
v 1.532030 0.142410 -0.290732
v 1.025973 0.169978 0.390201
v 1.201401 0.272696 0.158368
v 1.656524 0.231100 -0.462310
v -1.628390 0.154986 -0.443199
v -1.432473 0.163704 -0.460804
v -1.628039 0.253662 -0.443403
v -1.432193 0.243051 -0.460967
v -1.206193 0.154986 0.288063
v -1.124958 0.149426 0.292523
v -1.205841 0.253662 0.287861
v -1.124571 0.258499 0.292299
v -1.709582 0.204433 -0.543082
v -1.553273 0.150689 -0.523507
v -1.444692 0.203280 -0.518860
v -1.552893 0.256842 -0.523724
v -1.434708 0.268624 -0.067513
v -1.280677 0.267680 -0.156444
v -1.162568 0.257236 0.299815
v -1.160290 0.204433 0.408321
v -1.028189 0.203962 0.459859
v -1.162947 0.151079 0.300031
v -1.435166 0.140242 -0.067250
v -1.281132 0.139296 -0.156179
v -1.218989 0.203110 -0.192058
v -1.496852 0.204813 -0.031635
v -1.358195 0.126835 -0.111688
v -1.088931 0.204232 0.455688
v -1.357648 0.281088 -0.112006
v -1.626912 0.203692 -0.679381
v -1.682698 0.174765 -0.509924
v -1.488511 0.156551 -0.500626
v -1.440957 0.225463 -0.501750
v -1.605674 0.258225 -0.503999
v -1.555597 0.263662 -0.290512
v -1.176658 0.269847 0.110205
v -1.184055 0.255662 0.295825
v -1.175352 0.234029 0.368336
v -1.063121 0.169472 0.399574
v -1.184420 0.152826 0.296036
v -1.302453 0.145132 0.148922
v -1.375478 0.151978 -0.355736
v -1.682485 0.234028 -0.510047
v -1.606061 0.149896 -0.503778
v -1.441113 0.181152 -0.501660
v -1.488178 0.250507 -0.500818
v -1.302032 0.263662 0.148679
v -1.375113 0.254811 -0.355948
v -1.142396 0.258217 0.298834
v -1.175565 0.174765 0.368455
v -1.062877 0.238455 0.399433
v -1.142782 0.149906 0.299056
v -1.556018 0.145132 -0.290269
v -1.177130 0.137590 0.110479
v -1.246979 0.156977 -0.175900
v -1.246648 0.249584 -0.176089
v -1.006172 0.203490 0.319881
v -1.381234 0.203200 -0.439200
v -1.469193 0.158339 -0.047605
v -1.468864 0.250945 -0.047793
v -1.667141 0.204643 -0.390838
v -1.270916 0.204643 0.295441
v -1.483599 0.135609 -0.376359
v -1.232728 0.135859 0.152947
v -1.402078 0.131056 -0.086352
v -1.314286 0.130516 -0.137041
v -1.114994 0.171156 0.401010
v -1.114760 0.237254 0.400876
v -1.124899 0.204341 0.435243
v -1.055490 0.204101 0.465104
v -1.232244 0.272316 0.152665
v -1.483113 0.272063 -0.376641
v -1.401558 0.277405 -0.086654
v -1.313763 0.276869 -0.137342
v -1.600847 0.236767 -0.624704
v -1.601081 0.170669 -0.624570
v -1.706210 0.204101 -0.662546
v -1.522368 0.203416 -0.602169
v -1.511538 0.175806 -0.569526
v -1.670402 0.169967 -0.605665
v -1.670159 0.238203 -0.605806
v -1.424254 0.264725 -0.375688
v -1.531978 0.271475 -0.343982
v -1.267899 0.268903 0.155552
v -1.086554 0.238198 0.405545
v -1.145092 0.235794 0.387511
v -1.145315 0.172823 0.387640
v -1.200758 0.135103 0.137300
v -1.268359 0.139616 0.155815
v -1.532456 0.136820 -0.343707
v -1.283188 0.244244 0.237263
v -1.622891 0.244244 -0.351123
v -1.623176 0.164847 -0.350960
v -1.379089 0.234753 -0.410743
v -1.087480 0.252962 0.219771
v -1.087831 0.154235 0.219973
v -1.379314 0.171779 -0.410614
v -1.283468 0.164847 0.237426
v -1.424687 0.142410 -0.375439
v -1.086797 0.169978 0.405684
v -1.200269 0.272696 0.137020
v -1.511341 0.231100 -0.569639
v 1.979056 0.059648 -0.271096
v 2.107029 0.040989 -0.198221
v 1.979056 -0.130831 -0.271096
v 2.107029 -0.112172 -0.198221
v 1.979056 0.059648 0.472866
v 2.027930 0.069682 0.512056
v 1.979056 -0.130831 0.472866
v 2.027930 -0.140865 0.512056
v 1.964299 -0.035593 -0.383075
v 2.054523 0.066864 -0.299279
v 2.120142 -0.035593 -0.247902
v 2.054523 -0.138047 -0.299279
v 1.964299 -0.159502 0.100884
v 2.091864 -0.159502 0.100884
v 2.001637 -0.138047 0.501051
v 1.964299 -0.035593 0.584848
v 2.027868 -0.035593 0.682369
v 2.001637 0.066864 0.501051
v 1.964299 0.088319 0.100884
v 2.091864 0.088319 0.100884
v 2.143139 -0.035593 0.100884
v 1.913020 -0.035593 0.100884
v 2.028081 0.113288 0.100884
v 1.991635 -0.035593 0.652427
v 2.028081 -0.184471 0.100884
v 2.064525 -0.035593 -0.450656
v 1.969193 0.021609 -0.345931
v 2.086525 0.055088 -0.253291
v 2.116263 -0.078361 -0.233201
v 2.014664 -0.140147 -0.307481
v 1.969193 -0.149992 -0.122522
v 2.060842 -0.163240 0.350168
v 1.989728 -0.134845 0.488542
v 1.969193 -0.092790 0.547702
v 2.027891 0.030989 0.620980
v 1.989728 0.063662 0.488542
v 1.969193 0.078809 0.324294
v 2.104786 0.063662 -0.092943
v 1.969193 -0.092792 -0.345931
v 2.014664 0.068964 -0.307481
v 2.116263 0.007178 -0.233201
v 2.086525 -0.126272 -0.253291
v 1.969193 -0.149992 0.324294
v 2.104786 -0.134845 -0.092943
v 2.014514 -0.140130 0.509191
v 1.969193 0.021609 0.547702
v 2.027891 -0.102172 0.620980
v 2.014514 0.068949 0.509191
v 1.969193 0.078809 -0.122522
v 2.060842 0.092057 0.350168
v 2.120097 0.053789 0.100884
v 2.120097 -0.124974 0.100884
v 2.091740 -0.035593 0.585262
v 2.130993 -0.035593 -0.159162
v 1.936064 0.053789 0.100884
v 1.936064 -0.124974 0.100884
v 1.936064 -0.035593 -0.248211
v 1.936064 -0.035593 0.449983
v 2.045076 0.096108 -0.156309
v 2.011088 0.096108 0.358080
v 1.991726 0.105660 0.100884
v 2.064436 0.105660 0.100884
v 1.995151 0.028205 0.599226
v 1.995151 -0.099386 0.599225
v 1.976625 -0.035593 0.620982
v 2.009030 -0.035593 0.674344
v 2.011088 -0.167293 0.358080
v 2.045076 -0.167293 -0.156309
v 1.991726 -0.176843 0.100884
v 2.064436 -0.176843 0.100884
v 2.061010 -0.099386 -0.397454
v 2.061010 0.028205 -0.397454
v 2.009233 -0.035593 -0.472743
v 2.101771 -0.035593 -0.345687
v 2.096874 0.017777 -0.316008
v 2.011178 0.030268 -0.413568
v 2.011178 -0.101451 -0.413568
v 2.081314 -0.153644 -0.129656
v 2.003017 -0.165556 -0.152917
v 1.987913 -0.160376 0.344572
v 2.010993 -0.101434 0.615213
v 1.981109 -0.096371 0.575666
v 1.981109 0.025188 0.575666
v 2.036555 0.097210 0.360226
v 1.987913 0.089191 0.344572
v 2.003017 0.094373 -0.152917
v 1.949190 -0.112223 0.400187
v 1.949190 -0.112223 -0.198416
v 1.949190 0.041040 -0.198417
v 2.122025 -0.096373 -0.136505
v 2.076993 -0.130878 0.473055
v 2.076993 0.059697 0.473055
v 2.122025 0.025188 -0.136505
v 1.949190 0.041040 0.400187
v 2.081314 0.082461 -0.129656
v 2.010993 0.030251 0.615213
v 2.036555 -0.168391 0.360226
v 2.096874 -0.088960 -0.316008
v -2.091559 0.059648 -0.271096
v -1.963586 0.040989 -0.198221
v -2.091559 -0.130831 -0.271096
v -1.963586 -0.112172 -0.198221
v -2.091559 0.059648 0.472866
v -2.042684 0.069682 0.512056
v -2.091559 -0.130831 0.472866
v -2.042684 -0.140865 0.512056
v -2.106316 -0.035593 -0.383077
v -2.016092 0.066864 -0.299279
v -1.950470 -0.035593 -0.247902
v -2.016092 -0.138047 -0.299279
v -2.106316 -0.159502 0.100884
v -1.978752 -0.159502 0.100884
v -2.068978 -0.138047 0.501051
v -2.106316 -0.035593 0.584848
v -2.042747 -0.035593 0.682369
v -2.068978 0.066864 0.501051
v -2.106316 0.088319 0.100884
v -1.978752 0.088319 0.100884
v -1.927475 -0.035593 0.100884
v -2.157593 -0.035593 0.100884
v -2.042533 0.113288 0.100884
v -2.078980 -0.035593 0.652427
v -2.042533 -0.184471 0.100884
v -2.006088 -0.035593 -0.450656
v -2.101421 0.021609 -0.345931
v -1.984090 0.055088 -0.253291
v -1.954352 -0.078361 -0.233201
v -2.055953 -0.140147 -0.307481
v -2.101421 -0.149992 -0.122523
v -2.009773 -0.163240 0.350168
v -2.080886 -0.134845 0.488542
v -2.101421 -0.092790 0.547702
v -2.042725 0.030989 0.620980
v -2.080886 0.063662 0.488542
v -2.101421 0.078809 0.324294
v -1.965829 0.063662 -0.092943
v -2.101421 -0.092792 -0.345931
v -2.055953 0.068964 -0.307481
v -1.954352 0.007178 -0.233201
v -1.984090 -0.126272 -0.253291
v -2.101421 -0.149992 0.324294
v -1.965829 -0.134845 -0.092943
v -2.056100 -0.140130 0.509189
v -2.101421 0.021609 0.547702
v -2.042725 -0.102172 0.620980
v -2.056100 0.068949 0.509191
v -2.101421 0.078809 -0.122523
v -2.009773 0.092057 0.350168
v -1.950518 0.053789 0.100884
v -1.950518 -0.124974 0.100884
v -1.978875 -0.035593 0.585262
v -1.939623 -0.035593 -0.159162
v -2.134551 0.053789 0.100884
v -2.134551 -0.124974 0.100884
v -2.134551 -0.035593 -0.248213
v -2.134551 -0.035593 0.449983
v -2.025538 0.096108 -0.156309
v -2.059530 0.096108 0.358080
v -2.078888 0.105660 0.100884
v -2.006180 0.105660 0.100884
v -2.075464 0.028205 0.599225
v -2.075464 -0.099386 0.599225
v -2.093990 -0.035593 0.620982
v -2.061588 -0.035593 0.674344
v -2.059530 -0.167293 0.358080
v -2.025538 -0.167293 -0.156309
v -2.078888 -0.176843 0.100884
v -2.006180 -0.176843 0.100884
v -2.009605 -0.099386 -0.397454
v -2.009605 0.028205 -0.397454
v -2.061381 -0.035593 -0.472746
v -1.968844 -0.035593 -0.345687
v -1.973740 0.017777 -0.316008
v -2.059437 0.030268 -0.413568
v -2.059437 -0.101451 -0.413568
v -1.989301 -0.153644 -0.129656
v -2.067598 -0.165556 -0.152917
v -2.082701 -0.160376 0.344572
v -2.059622 -0.101434 0.615213
v -2.089508 -0.096371 0.575664
v -2.089508 0.025188 0.575664
v -2.034060 0.097210 0.360226
v -2.082701 0.089191 0.344572
v -2.067598 0.094373 -0.152917
v -2.121425 -0.112223 0.400187
v -2.121425 -0.112223 -0.198416
v -2.121425 0.041040 -0.198417
v -1.948589 -0.096373 -0.136505
v -1.993623 -0.130878 0.473055
v -1.993623 0.059697 0.473055
v -1.948589 0.025188 -0.136505
v -2.121425 0.041040 0.400187
v -1.989301 0.082461 -0.129656
v -2.059622 0.030251 0.615213
v -2.034060 -0.168391 0.360226
v -1.973740 -0.088960 -0.316008
v 0.337813 0.034096 -0.336086
v 0.496850 0.066590 -0.261817
v 0.339207 0.374421 -0.336086
v 0.497974 0.340241 -0.261817
v 0.337813 0.034096 0.422094
v 0.398424 0.015847 0.462033
v 0.339207 0.374421 0.422094
v 0.399967 0.392029 0.462034
v 0.320184 0.204354 -0.450206
v 0.431465 0.020706 -0.364809
v 0.513696 0.203327 -0.312449
v 0.432967 0.386818 -0.364811
v 0.321094 0.425747 0.043005
v 0.479489 0.424905 0.043005
v 0.367300 0.387166 0.450817
v 0.320184 0.204354 0.536214
v 0.399117 0.203937 0.635600
v 0.365799 0.021054 0.450817
v 0.319276 -0.017033 0.043005
v 0.477670 -0.017873 0.043005
v 0.542249 0.203178 0.043005
v 0.256514 0.204696 0.043005
v 0.398290 -0.062065 0.043005
v 0.354128 0.204176 0.605085
v 0.400473 0.469937 0.043005
v 0.444636 0.203696 -0.519077
v 0.325845 0.102125 -0.412352
v 0.471285 0.041533 -0.317943
v 0.509193 0.279769 -0.297468
v 0.383488 0.390832 -0.373165
v 0.327101 0.408722 -0.184675
v 0.440998 0.431789 0.297049
v 0.352488 0.381523 0.438070
v 0.326682 0.306524 0.498360
v 0.398657 0.084977 0.573038
v 0.351033 0.026855 0.438070
v 0.325426 -0.000074 0.270683
v 0.493899 0.026096 -0.154527
v 0.326682 0.306524 -0.412352
v 0.381955 0.017215 -0.373165
v 0.508563 0.126940 -0.297468
v 0.472616 0.365568 -0.317943
v 0.327101 0.408722 0.270683
v 0.495354 0.380764 -0.154527
v 0.383305 0.390806 0.459111
v 0.325845 0.102125 0.498360
v 0.399633 0.322894 0.573038
v 0.381774 0.017247 0.459111
v 0.325426 -0.000074 -0.184675
v 0.439127 -0.024350 0.297049
v 0.512983 0.043634 0.043005
v 0.514293 0.363024 0.043005
v 0.478427 0.203516 0.536635
v 0.527168 0.203258 -0.222012
v 0.284471 0.044847 0.043005
v 0.285782 0.364238 0.043005
v 0.285127 0.204543 -0.312765
v 0.285127 0.204543 0.398773
v 0.419517 -0.031485 -0.219108
v 0.377314 -0.031260 0.305116
v 0.353207 -0.048198 0.043005
v 0.443487 -0.048678 0.043005
v 0.358027 0.090169 0.550868
v 0.358960 0.318137 0.550868
v 0.335490 0.204275 0.573038
v 0.375724 0.204061 0.627420
v 0.379244 0.439358 0.305116
v 0.421451 0.439131 -0.219108
v 0.355276 0.456550 0.043005
v 0.445560 0.456070 0.043005
v 0.440738 0.317701 -0.464860
v 0.439803 0.089736 -0.464860
v 0.375979 0.204061 -0.541588
v 0.490884 0.203449 -0.412103
v 0.484412 0.108129 -0.381856
v 0.377911 0.086380 -0.481281
v 0.378876 0.321714 -0.481281
v 0.466348 0.414508 -0.191943
v 0.369213 0.436306 -0.215649
v 0.350422 0.427151 0.291348
v 0.378646 0.321689 0.567162
v 0.341502 0.312840 0.526858
v 0.340612 0.095651 0.526858
v 0.408932 -0.033393 0.307302
v 0.348592 -0.018748 0.291348
v 0.367308 -0.028103 -0.215649
v 0.301987 0.341373 0.348026
v 0.301987 0.341373 -0.262018
v 0.300862 0.067539 -0.262018
v 0.516480 0.311910 -0.198922
v 0.460818 0.373862 0.422285
v 0.459417 0.033364 0.422285
v 0.515587 0.094721 -0.198922
v 0.300862 0.067539 0.348026
v 0.464618 -0.007337 -0.191943
v 0.377684 0.086409 0.567160
v 0.410877 0.441151 0.307302
v 0.485193 0.298837 -0.381857
v 0.600237 0.084964 0.010898
v 0.728210 0.061344 0.149677
v 0.600237 -0.156147 0.010898
v 0.728210 -0.132529 0.149677
v 0.600237 0.084964 1.427647
v 0.649112 0.097665 1.502277
v 0.600237 -0.156147 1.427647
v 0.649112 -0.168848 1.502277
v 0.585480 -0.035593 -0.202350
v 0.675704 0.094098 -0.042775
v 0.741326 -0.035593 0.055068
v 0.675704 -0.165281 -0.042775
v 0.585480 -0.192437 0.719274
v 0.713044 -0.192437 0.719274
v 0.622820 -0.165281 1.481319
v 0.585480 -0.035591 1.640895
v 0.649049 -0.035591 1.826606
v 0.622820 0.094098 1.481319
v 0.585480 0.121256 0.719274
v 0.713044 0.121256 0.719274
v 0.764321 -0.035593 0.719274
v 0.534203 -0.035593 0.719274
v 0.649263 0.152862 0.719274
v 0.612816 -0.035591 1.769589
v 0.649263 -0.224045 0.719274
v 0.685708 -0.035593 -0.331045
v 0.590377 0.036813 -0.131615
v 0.707706 0.079193 0.044803
v 0.737445 -0.089729 0.083063
v 0.635844 -0.167938 -0.058389
v 0.590377 -0.180400 0.293830
v 0.682025 -0.197172 1.193989
v 0.610910 -0.161227 1.457497
v 0.590377 -0.107996 1.570160
v 0.649071 0.048689 1.709703
v 0.610910 0.090044 1.457497
v 0.590377 0.109217 1.144716
v 0.725968 0.090044 0.350160
v 0.590377 -0.107996 -0.131615
v 0.635844 0.096755 -0.058393
v 0.737445 0.018544 0.083063
v 0.707706 -0.150376 0.044803
v 0.590377 -0.180400 1.144716
v 0.725968 -0.161227 0.350160
v 0.635698 -0.167918 1.496817
v 0.590377 0.036813 1.570160
v 0.649071 -0.119870 1.709703
v 0.635698 0.096735 1.496817
v 0.590377 0.109217 0.293830
v 0.682025 0.125988 1.193989
v 0.741278 0.077548 0.719274
v 0.741278 -0.148731 0.719274
v 0.712922 -0.035591 1.641683
v 0.752175 -0.035593 0.224056
v 0.557246 0.077548 0.719274
v 0.557246 -0.148731 0.719274
v 0.557246 -0.035593 0.054475
v 0.557246 -0.035591 1.384069
v 0.666258 0.131117 0.229487
v 0.632266 0.131117 1.209057
v 0.612908 0.143208 0.719274
v 0.685616 0.143208 0.719274
v 0.616333 0.045163 1.668277
v 0.616333 -0.116345 1.668273
v 0.597808 -0.035591 1.709705
v 0.630210 -0.035591 1.811323
v 0.632266 -0.202300 1.209057
v 0.666258 -0.202300 0.229487
v 0.612908 -0.214390 0.719274
v 0.685616 -0.214390 0.719274
v 0.682192 -0.116345 -0.229729
v 0.682192 0.045162 -0.229729
v 0.630416 -0.035593 -0.373106
v 0.722952 -0.035593 -0.131148
v 0.718056 0.031964 -0.074629
v 0.632360 0.047772 -0.260415
v 0.632360 -0.118957 -0.260415
v 0.702497 -0.185023 0.280250
v 0.624198 -0.200103 0.235949
v 0.609095 -0.193544 1.183332
v 0.632175 -0.118936 1.698724
v 0.602288 -0.112527 1.623409
v 0.602288 0.041342 1.623409
v 0.657737 0.132509 1.213144
v 0.609095 0.122359 1.183332
v 0.624198 0.128918 0.235949
v 0.570372 -0.132591 1.289242
v 0.570372 -0.132592 0.149306
v 0.570372 0.061410 0.149306
v 0.743207 -0.112527 0.267204
v 0.698175 -0.156208 1.428005
v 0.698175 0.085025 1.428005
v 0.743207 0.041342 0.267204
v 0.570372 0.061410 1.289242
v 0.702497 0.113840 0.280250
v 0.632175 0.047752 1.698724
v 0.657737 -0.203690 1.213144
v 0.718056 -0.103147 -0.074629
v 0.517261 -0.126089 -1.258199
v 0.517261 0.125191 -1.258199
v 0.690954 -0.126089 -1.258199
v 0.690954 0.125191 -1.258199
v 0.517261 -0.126089 -0.875314
v 0.517261 0.125191 -0.875314
v 0.690954 -0.126089 -0.875314
v 0.690954 0.125191 -0.875314
v 0.604107 -0.154325 -1.301224
v 0.497742 -0.000449 -1.301224
v 0.604107 0.153429 -1.301224
v 0.710474 -0.000449 -1.301224
v 0.710474 -0.154325 -1.066756
v 0.710474 0.153429 -1.066756
v 0.710474 -0.000447 -0.832287
v 0.604107 -0.154325 -0.832287
v 0.604107 0.153429 -0.832287
v 0.497742 -0.000447 -0.832287
v 0.497742 -0.154325 -1.066756
v 0.497742 0.153429 -1.066756
v 0.604107 0.217166 -1.066756
v 0.604107 -0.218066 -1.066756
v 0.453684 -0.000449 -1.066756
v 0.604107 -0.000447 -0.735168
v 0.754531 -0.000449 -1.066756
v 0.604107 -0.000449 -1.398345
v 0.553966 -0.145526 -1.287815
v 0.503825 0.072091 -1.287815
v 0.654248 0.144629 -1.287815
v 0.704390 -0.072987 -1.287815
v 0.704390 -0.145526 -1.177285
v 0.704390 0.144629 -0.956226
v 0.704390 -0.072987 -0.845696
v 0.654248 -0.145526 -0.845696
v 0.553966 0.144629 -0.845696
v 0.503825 -0.072987 -0.845696
v 0.503825 -0.145526 -0.956226
v 0.503825 0.144629 -1.177285
v 0.654248 -0.145526 -1.287815
v 0.503825 -0.072987 -1.287815
v 0.553966 0.144629 -1.287815
v 0.704390 0.072091 -1.287815
v 0.704390 -0.145526 -0.956226
v 0.704390 0.144629 -1.177285
v 0.704390 0.072091 -0.845696
v 0.553966 -0.145526 -0.845696
v 0.654248 0.144629 -0.845696
v 0.503825 0.072091 -0.845696
v 0.503825 -0.145526 -1.177285
v 0.503825 0.144629 -0.956226
v 0.536837 0.194193 -1.066756
v 0.671378 0.194193 -1.066756
v 0.604107 0.194193 -0.918465
v 0.604107 0.194193 -1.215046
v 0.536837 -0.195089 -1.066756
v 0.671378 -0.195089 -1.066756
v 0.604107 -0.195089 -1.215046
v 0.604107 -0.195089 -0.918463
v 0.469563 -0.000449 -1.215046
v 0.469563 -0.000447 -0.918465
v 0.469563 -0.097770 -1.066756
v 0.469563 0.096874 -1.066756
v 0.536837 -0.000447 -0.770173
v 0.671378 -0.000447 -0.770173
v 0.604107 -0.097770 -0.770173
v 0.604107 0.096874 -0.770173
v 0.738652 -0.000447 -0.918465
v 0.738652 -0.000449 -1.215046
v 0.738652 -0.097770 -1.066756
v 0.738652 0.096874 -1.066756
v 0.671378 -0.000449 -1.363340
v 0.536837 -0.000449 -1.363340
v 0.604107 -0.097770 -1.363340
v 0.604107 0.096874 -1.363340
v 0.542699 0.088393 -1.337496
v 0.542699 -0.089289 -1.337496
v 0.665518 -0.089289 -1.337496
v 0.726929 0.088393 -1.202127
v 0.726929 -0.089289 -1.202127
v 0.726929 -0.089289 -0.931385
v 0.665518 0.088393 -0.796013
v 0.665518 -0.089289 -0.796013
v 0.542699 -0.089289 -0.796013
v 0.481287 0.088393 -0.931385
v 0.481287 -0.089289 -0.931385
v 0.481287 -0.089289 -1.202127
v 0.665518 -0.178132 -0.931385
v 0.665518 -0.178132 -1.202127
v 0.542699 -0.178132 -1.202127
v 0.665518 0.177235 -1.202127
v 0.665518 0.177235 -0.931385
v 0.542699 0.177235 -0.931385
v 0.542699 0.177235 -1.202127
v 0.542699 -0.178132 -0.931385
v 0.481287 0.088393 -1.202127
v 0.542699 0.088393 -0.796013
v 0.726929 0.088393 -0.931385
v 0.665518 0.088393 -1.337496
v -0.676956 -0.126089 -1.258199
v -0.676956 0.125191 -1.258199
v -0.503260 -0.126089 -1.258199
v -0.503260 0.125191 -1.258199
v -0.676956 -0.126089 -0.875314
v -0.676956 0.125191 -0.875314
v -0.503260 -0.126089 -0.875314
v -0.503260 0.125191 -0.875314
v -0.590107 -0.154325 -1.301224
v -0.696476 -0.000449 -1.301224
v -0.590107 0.153429 -1.301224
v -0.483742 -0.000449 -1.301224
v -0.483742 -0.154325 -1.066756
v -0.483742 0.153429 -1.066756
v -0.483742 -0.000447 -0.832287
v -0.590107 -0.154325 -0.832287
v -0.590107 0.153429 -0.832287
v -0.696476 -0.000447 -0.832287
v -0.696476 -0.154325 -1.066756
v -0.696476 0.153429 -1.066756
v -0.590107 0.217166 -1.066756
v -0.590107 -0.218066 -1.066756
v -0.740533 -0.000449 -1.066756
v -0.590107 -0.000447 -0.735168
v -0.439684 -0.000449 -1.066756
v -0.590107 -0.000449 -1.398345
v -0.640250 -0.145526 -1.287815
v -0.690389 0.072091 -1.287815
v -0.539966 0.144629 -1.287815
v -0.489823 -0.072987 -1.287815
v -0.489823 -0.145526 -1.177285
v -0.489823 0.144629 -0.956226
v -0.489823 -0.072987 -0.845696
v -0.539966 -0.145526 -0.845696
v -0.640250 0.144629 -0.845696
v -0.690389 -0.072987 -0.845696
v -0.690389 -0.145526 -0.956226
v -0.690389 0.144629 -1.177285
v -0.539966 -0.145526 -1.287815
v -0.690389 -0.072987 -1.287815
v -0.640250 0.144629 -1.287815
v -0.489823 0.072091 -1.287815
v -0.489823 -0.145526 -0.956226
v -0.489823 0.144629 -1.177285
v -0.489823 0.072091 -0.845696
v -0.640250 -0.145526 -0.845696
v -0.539966 0.144629 -0.845696
v -0.690389 0.072091 -0.845696
v -0.690389 -0.145526 -1.177285
v -0.690389 0.144629 -0.956226
v -0.657380 0.194193 -1.066756
v -0.522835 0.194193 -1.066756
v -0.590107 0.194193 -0.918465
v -0.590107 0.194193 -1.215046
v -0.657380 -0.195089 -1.066756
v -0.522835 -0.195089 -1.066756
v -0.590107 -0.195089 -1.215046
v -0.590107 -0.195089 -0.918463
v -0.724651 -0.000449 -1.215046
v -0.724651 -0.000447 -0.918465
v -0.724651 -0.097770 -1.066756
v -0.724651 0.096874 -1.066756
v -0.657380 -0.000447 -0.770173
v -0.522835 -0.000447 -0.770173
v -0.590107 -0.097770 -0.770173
v -0.590107 0.096874 -0.770173
v -0.455565 -0.000447 -0.918465
v -0.455565 -0.000449 -1.215046
v -0.455565 -0.097770 -1.066756
v -0.455565 0.096874 -1.066756
v -0.522835 -0.000449 -1.363340
v -0.657380 -0.000449 -1.363340
v -0.590107 -0.097770 -1.363340
v -0.590107 0.096874 -1.363340
v -0.651520 0.088393 -1.337496
v -0.651520 -0.089289 -1.337496
v -0.528698 -0.089289 -1.337496
v -0.467285 0.088393 -1.202127
v -0.467285 -0.089289 -1.202127
v -0.467285 -0.089289 -0.931385
v -0.528698 0.088393 -0.796013
v -0.528698 -0.089289 -0.796013
v -0.651520 -0.089289 -0.796013
v -0.712929 0.088393 -0.931385
v -0.712929 -0.089289 -0.931385
v -0.712929 -0.089289 -1.202127
v -0.528698 -0.178132 -0.931385
v -0.528698 -0.178132 -1.202127
v -0.651520 -0.178132 -1.202127
v -0.528698 0.177235 -1.202127
v -0.528698 0.177235 -0.931385
v -0.651520 0.177235 -0.931385
v -0.651520 0.177235 -1.202127
v -0.651520 -0.178132 -0.931385
v -0.712929 0.088393 -1.202127
v -0.651520 0.088393 -0.796013
v -0.467285 0.088393 -0.931385
v -0.528698 0.088393 -1.337496
v -1.595110 0.059648 -0.271096
v -1.467137 0.040989 -0.198221
v -1.595110 -0.130831 -0.271096
v -1.467137 -0.112172 -0.198221
v -1.595110 0.059648 0.472866
v -1.546237 0.069682 0.512056
v -1.595110 -0.130831 0.472866
v -1.546237 -0.140865 0.512056
v -1.609869 -0.035593 -0.383075
v -1.519645 0.066864 -0.299279
v -1.454025 -0.035593 -0.247902
v -1.519645 -0.138047 -0.299279
v -1.609869 -0.159502 0.100884
v -1.482304 -0.159502 0.100884
v -1.572529 -0.138047 0.501051
v -1.609869 -0.035593 0.584848
v -1.546300 -0.035593 0.682369
v -1.572529 0.066864 0.501051
v -1.609869 0.088319 0.100884
v -1.482304 0.088319 0.100884
v -1.431027 -0.035593 0.100884
v -1.661146 -0.035593 0.100884
v -1.546086 0.113288 0.100884
v -1.582533 -0.035593 0.652427
v -1.546086 -0.184471 0.100884
v -1.509641 -0.035593 -0.450656
v -1.604974 0.021609 -0.345931
v -1.487641 0.055088 -0.253291
v -1.457904 -0.078361 -0.233201
v -1.559504 -0.140147 -0.307481
v -1.604974 -0.149992 -0.122523
v -1.513326 -0.163240 0.350168
v -1.584439 -0.134845 0.488542
v -1.604974 -0.092790 0.547702
v -1.546275 0.030989 0.620980
v -1.584439 0.063662 0.488542
v -1.604974 0.078809 0.324294
v -1.469380 0.063662 -0.092943
v -1.604974 -0.092792 -0.345931
v -1.559504 0.068964 -0.307481
v -1.457904 0.007178 -0.233201
v -1.487641 -0.126272 -0.253291
v -1.604974 -0.149992 0.324294
v -1.469380 -0.134845 -0.092943
v -1.559652 -0.140130 0.509189
v -1.604974 0.021609 0.547702
v -1.546275 -0.102172 0.620980
v -1.559652 0.068949 0.509191
v -1.604974 0.078809 -0.122523
v -1.513326 0.092057 0.350168
v -1.454069 0.053789 0.100884
v -1.454069 -0.124974 0.100884
v -1.482426 -0.035593 0.585262
v -1.443174 -0.035593 -0.159162
v -1.638102 0.053789 0.100884
v -1.638102 -0.124974 0.100884
v -1.638102 -0.035593 -0.248213
v -1.638102 -0.035593 0.449983
v -1.529091 0.096108 -0.156309
v -1.563081 0.096108 0.358080
v -1.582441 0.105660 0.100884
v -1.509731 0.105660 0.100884
v -1.579017 0.028205 0.599225
v -1.579017 -0.099386 0.599225
v -1.597541 -0.035593 0.620982
v -1.565139 -0.035593 0.674344
v -1.563081 -0.167293 0.358080
v -1.529091 -0.167293 -0.156309
v -1.582441 -0.176843 0.100884
v -1.509731 -0.176843 0.100884
v -1.513156 -0.099386 -0.397454
v -1.513156 0.028205 -0.397454
v -1.564935 -0.035593 -0.472746
v -1.472394 -0.035593 -0.345687
v -1.477292 0.017777 -0.316008
v -1.562991 0.030268 -0.413568
v -1.562991 -0.101451 -0.413568
v -1.492852 -0.153644 -0.129656
v -1.571149 -0.165556 -0.152917
v -1.586254 -0.160376 0.344572
v -1.563175 -0.101434 0.615213
v -1.593059 -0.096371 0.575664
v -1.593059 0.025188 0.575664
v -1.537614 0.097210 0.360226
v -1.586254 0.089191 0.344572
v -1.571149 0.094373 -0.152917
v -1.624978 -0.112223 0.400187
v -1.624978 -0.112223 -0.198416
v -1.624978 0.041040 -0.198417
v -1.452141 -0.096373 -0.136505
v -1.497175 -0.130878 0.473055
v -1.497175 0.059697 0.473055
v -1.452141 0.025188 -0.136505
v -1.624978 0.041040 0.400187
v -1.492852 0.082461 -0.129656
v -1.563175 0.030251 0.615213
v -1.537614 -0.168391 0.360226
v -1.477292 -0.088960 -0.316008
v 1.531704 0.059648 -0.271096
v 1.659678 0.040989 -0.198221
v 1.531704 -0.130831 -0.271096
v 1.659677 -0.112172 -0.198221
v 1.531704 0.059648 0.472866
v 1.580578 0.069682 0.512056
v 1.531704 -0.130831 0.472866
v 1.580578 -0.140865 0.512056
v 1.516948 -0.035593 -0.383075
v 1.607171 0.066864 -0.299279
v 1.672792 -0.035593 -0.247902
v 1.607171 -0.138047 -0.299279
v 1.516948 -0.159502 0.100884
v 1.644512 -0.159502 0.100884
v 1.554284 -0.138047 0.501051
v 1.516948 -0.035593 0.584848
v 1.580515 -0.035593 0.682369
v 1.554284 0.066864 0.501051
v 1.516948 0.088319 0.100884
v 1.644512 0.088319 0.100884
v 1.695787 -0.035593 0.100884
v 1.465670 -0.035593 0.100884
v 1.580729 0.113288 0.100884
v 1.544283 -0.035593 0.652427
v 1.580729 -0.184471 0.100884
v 1.617176 -0.035593 -0.450656
v 1.521841 0.021609 -0.345931
v 1.639174 0.055088 -0.253291
v 1.668911 -0.078361 -0.233201
v 1.567310 -0.140147 -0.307481
v 1.521841 -0.149992 -0.122522
v 1.613492 -0.163240 0.350168
v 1.542376 -0.134845 0.488542
v 1.521841 -0.092790 0.547702
v 1.580539 0.030989 0.620980
v 1.542376 0.063662 0.488542
v 1.521841 0.078809 0.324294
v 1.657434 0.063662 -0.092943
v 1.521841 -0.092792 -0.345931
v 1.567310 0.068964 -0.307481
v 1.668911 0.007178 -0.233201
v 1.639174 -0.126272 -0.253291
v 1.521841 -0.149992 0.324294
v 1.657434 -0.134845 -0.092943
v 1.567162 -0.140130 0.509191
v 1.521841 0.021609 0.547702
v 1.580539 -0.102172 0.620980
v 1.567162 0.068949 0.509191
v 1.521841 0.078809 -0.122523
v 1.613492 0.092057 0.350168
v 1.672745 0.053789 0.100884
v 1.672745 -0.124974 0.100884
v 1.644388 -0.035593 0.585262
v 1.683641 -0.035593 -0.159162
v 1.488712 0.053789 0.100884
v 1.488712 -0.124974 0.100884
v 1.488712 -0.035593 -0.248211
v 1.488712 -0.035593 0.449983
v 1.597724 0.096108 -0.156309
v 1.563734 0.096108 0.358080
v 1.544374 0.105660 0.100884
v 1.617084 0.105660 0.100884
v 1.547799 0.028205 0.599226
v 1.547799 -0.099386 0.599225
v 1.529273 -0.035593 0.620982
v 1.561680 -0.035593 0.674344
v 1.563734 -0.167293 0.358080
v 1.597724 -0.167293 -0.156309
v 1.544374 -0.176843 0.100884
v 1.617084 -0.176843 0.100884
v 1.613660 -0.099386 -0.397454
v 1.613660 0.028205 -0.397454
v 1.561882 -0.035593 -0.472743
v 1.654420 -0.035593 -0.345687
v 1.649522 0.017777 -0.316008
v 1.563826 0.030268 -0.413568
v 1.563826 -0.101451 -0.413568
v 1.633962 -0.153644 -0.129656
v 1.555665 -0.165556 -0.152917
v 1.540561 -0.160376 0.344572
v 1.563641 -0.101434 0.615213
v 1.533755 -0.096371 0.575664
v 1.533755 0.025188 0.575666
v 1.589203 0.097210 0.360226
v 1.540561 0.089191 0.344572
v 1.555665 0.094373 -0.152917
v 1.501838 -0.112223 0.400187
v 1.501838 -0.112223 -0.198416
v 1.501838 0.041040 -0.198417
v 1.674673 -0.096373 -0.136505
v 1.629641 -0.130878 0.473055
v 1.629641 0.059697 0.473055
v 1.674673 0.025188 -0.136505
v 1.501838 0.041040 0.400187
v 1.633962 0.082461 -0.129656
v 1.563641 0.030251 0.615213
v 1.589203 -0.168391 0.360226
v 1.649522 -0.088960 -0.316008
vn 0.7046 0.5693 -0.4235
vn 0.9836 -0.1534 0.0954
vn 0.9835 -0.1539 0.0953
vn 0.9836 -0.1527 0.0956
vn -0.7517 -0.4201 0.5085
vn -0.9837 0.1522 -0.0958
vn -0.7188 -0.6814 0.1376
vn -0.5139 0.8510 0.1076
vn -0.4622 0.7222 0.5146
vn 0.4622 0.7222 0.5146
vn 0.5140 0.8510 0.1076
vn -0.5674 -0.7895 -0.2340
vn 0.5674 -0.7895 -0.2340
vn 0.7188 -0.6814 0.1376
vn -0.9834 -0.1521 -0.0993
vn -0.9731 -0.2055 0.1045
vn -0.9835 -0.1538 0.0953
vn -0.9836 -0.1534 0.0954
vn -0.9837 -0.1524 0.0958
vn -0.7120 -0.5161 0.4761
vn 0.7120 -0.5161 0.4761
vn 0.7517 -0.4201 0.5085
vn 0.9731 -0.2051 0.1045
vn 0.9834 -0.1521 -0.0993
vn 0.9837 0.1522 -0.0958
vn 0.7366 -0.0634 -0.6734
vn -0.7366 -0.0634 -0.6734
vn -0.7047 0.5693 -0.4235
vn -0.8931 -0.3874 0.2287
vn 0.1209 -0.9486 -0.2926
vn 0.2029 0.8282 -0.5224
vn -0.8262 0.5387 0.1652
vn 0.8368 0.5153 -0.1848
vn -0.9243 0.3647 0.1122
vn -0.8446 0.5249 -0.1051
vn -0.9746 -0.1853 -0.1259
vn -0.9863 -0.1209 0.1124
vn 0.9041 0.4197 0.0798
vn 0.9854 -0.1508 0.0793
vn 0.9600 -0.1934 -0.2025
vn 0.0806 0.9559 0.2825
vn 0.4365 0.8943 -0.0979
vn -0.3153 0.9442 -0.0958
vn 0.7088 0.5955 -0.3782
vn 0.8359 -0.2534 -0.4869
vn 0.2941 -0.4415 -0.8477
vn 0.5302 -0.8075 -0.2586
vn 0.2828 -0.9549 0.0900
vn -0.6748 -0.7347 0.0703
vn -0.1579 -0.8289 0.5366
vn -0.2527 0.4380 0.8628
vn -0.9596 0.1422 0.2429
vn -0.8768 0.2364 0.4188
vn -0.7234 0.5950 0.3502
vn -0.8897 0.3950 0.2289
vn 0.8303 0.2334 0.5062
vn 0.7094 0.5776 0.4039
vn -0.1492 0.8304 0.5368
vn 0.7039 -0.5840 0.4043
vn 0.8281 -0.2403 0.5064
vn -0.2572 -0.4358 0.8625
vn -0.2928 -0.9521 0.0885
vn -0.5733 -0.7845 0.2364
vn -0.8310 -0.5313 0.1650
vn 0.6677 -0.7409 0.0730
vn 0.6419 -0.7352 0.2179
vn 0.0704 -0.9567 0.2826
vn 0.7135 -0.6689 -0.2086
vn 0.6611 -0.7466 -0.0750
vn 0.6653 -0.7429 -0.0737
vn 0.6677 -0.7409 -0.0730
vn 0.4274 -0.8987 -0.0980
vn 0.6751 -0.3401 -0.6546
vn 0.5109 -0.7269 -0.4589
vn 0.1940 -0.8302 -0.5227
vn 0.9051 -0.1971 -0.3766
vn 0.8095 -0.4982 -0.3106
vn 0.7032 -0.6018 -0.3785
vn 0.8140 0.4910 -0.3102
vn 0.9068 0.1896 -0.3765
vn 0.8381 0.2464 -0.4867
vn 0.0745 0.9911 -0.1105
vn 0.3615 0.8862 -0.2896
vn 0.1310 0.9472 -0.2925
vn 0.6724 0.7365 -0.0736
vn 0.6681 0.7403 -0.0749
vn 0.6747 0.7345 -0.0729
vn 0.7197 0.6623 -0.2083
vn 0.5382 0.8023 -0.2583
vn 0.6489 0.7291 0.2176
vn 0.6747 0.7345 0.0729
vn 0.2928 0.9519 0.0899
vn 0.9815 -0.1800 -0.0656
vn 0.8657 -0.4970 -0.0600
vn 0.8322 -0.5228 -0.1850
vn 0.9577 -0.1515 0.2445
vn 0.8680 -0.4331 0.2430
vn 0.9005 -0.4275 0.0799
vn 0.8718 0.4255 0.2427
vn 0.9590 0.1436 0.2444
vn 0.9866 0.1427 0.0793
vn -0.9847 -0.1722 0.0275
vn -0.8709 -0.4898 0.0395
vn -0.9274 -0.3568 0.1121
vn -0.7428 -0.3091 -0.5939
vn -0.5141 -0.7274 -0.4546
vn -0.8492 -0.5175 -0.1050
vn -0.5068 0.7322 -0.4550
vn -0.7399 0.3154 -0.5942
vn -0.9730 0.1933 -0.1259
vn -0.8666 0.4975 0.0396
vn -0.9832 0.1804 0.0275
vn -0.9852 0.1290 0.1124
vn 0.8700 0.4894 -0.0599
vn 0.9829 0.1719 -0.0656
vn 0.9616 0.1854 -0.2024
vn -0.5656 0.7900 0.2366
vn -0.2829 0.9551 0.0885
vn -0.6678 0.7410 0.0703
vn 0.5181 0.7220 -0.4585
vn 0.6783 0.3343 -0.6543
vn 0.2987 0.4390 -0.8474
vn 0.3525 -0.8898 -0.2898
vn 0.0639 -0.9918 -0.1105
vn -0.3255 -0.9407 -0.0960
vn -0.7289 -0.5884 0.3499
vn -0.8788 -0.2291 0.4186
vn -0.9607 -0.1343 0.2428
vn 0.5454 0.8053 -0.2325
vn 0.6813 0.7183 0.1410
vn -0.1032 0.9486 0.2992
vn -0.8591 0.5052 -0.0822
vn -0.1508 -0.9874 0.0474
vn -0.1507 0.9867 -0.0601
vn -0.0316 0.9981 0.0534
vn 0.0363 0.9979 0.0533
vn 0.1507 0.9868 -0.0596
vn -0.1771 -0.9828 -0.0523
vn 0.1735 -0.9834 -0.0529
vn 0.1508 -0.9874 0.0471
vn -0.6880 -0.7253 -0.0244
vn -0.8259 -0.5468 0.1376
vn -0.6812 0.7181 0.1428
vn -0.0727 -0.9521 0.2969
vn 0.0836 -0.9514 0.2964
vn 0.1186 0.9469 0.2988
vn 0.8268 -0.5460 0.1353
vn 0.6880 -0.7253 -0.0253
vn 0.8578 0.5072 -0.0828
vn 0.4648 -0.8005 -0.3783
vn -0.4743 -0.7955 -0.3770
vn -0.5519 0.8017 -0.2296
vn -0.2699 0.0205 -0.9627
vn 0.3493 0.7195 0.6003
vn -0.0073 0.4340 0.9009
vn -0.7669 0.5697 0.2955
vn -0.0021 -0.9997 0.0245
vn -0.0044 -0.9997 0.0240
vn -0.0049 -0.9997 0.0241
vn -0.0083 0.9579 -0.2868
vn 0.0846 0.9936 0.0752
vn 0.0932 0.9954 0.0218
vn 0.0043 0.9997 -0.0244
vn -0.0000 0.9996 -0.0278
vn -0.0000 0.9998 -0.0194
vn 0.0865 -0.9888 -0.1218
vn 0.0052 -0.9898 -0.1425
vn -0.0000 -0.9898 -0.1424
vn 0.0093 -0.9904 -0.1381
vn 0.0001 -0.9997 0.0251
vn 0.0003 -0.9996 0.0295
vn 0.0020 -0.9997 0.0245
vn -0.5884 -0.7830 0.2018
vn -0.3982 -0.6774 0.6185
vn -0.3209 0.8047 0.4995
vn -0.0090 -0.3636 0.9315
vn -0.0080 -0.3659 0.9306
vn -0.0062 -0.3700 0.9290
vn 0.0063 -0.3700 0.9290
vn 0.0001 -0.3639 0.9314
vn 0.0001 -0.3717 0.9284
vn 0.0047 0.6705 0.7419
vn 0.4606 -0.4147 0.7848
vn 0.4003 -0.8541 0.3322
vn 0.4991 0.7586 0.4189
vn -0.2566 -0.1994 -0.9457
vn -0.0207 -0.3697 -0.9289
vn 0.0069 0.9196 0.3928
vn -0.0275 0.2945 -0.9552
vn 0.2562 0.0408 -0.9658
vn 0.2683 0.0215 -0.9631
vn 0.0069 -0.7210 0.6929
vn -0.0000 -0.7210 0.6929
vn -0.2238 -0.4493 0.8649
vn 0.2567 -0.1988 -0.9458
vn 0.2235 -0.4506 0.8643
vn -0.0069 -0.7210 0.6929
vn 0.0206 -0.3697 -0.9289
vn 0.5693 0.7404 0.3575
vn 0.6980 0.6813 0.2203
vn 0.7678 0.5725 0.2876
vn 0.3445 -0.8644 0.3662
vn 0.5201 -0.8236 0.2261
vn 0.5884 -0.7834 0.2000
vn 0.4867 -0.4935 0.7208
vn 0.3805 -0.7483 0.5433
vn 0.3990 -0.6782 0.6172
vn 0.0063 0.3700 0.9290
vn -0.0049 0.3655 0.9308
vn 0.0092 0.3634 0.9316
vn 0.0081 0.3658 0.9307
vn 0.0101 0.3614 0.9324
vn 0.0074 0.4337 0.9010
vn 0.0039 -0.4435 0.8962
vn 0.0001 -0.4393 0.8983
vn -0.0000 -0.4453 0.8954
vn 0.0049 -0.4389 0.8985
vn 0.0065 -0.4361 0.8999
vn 0.0081 -0.3658 0.9307
vn 0.0092 -0.3634 0.9316
vn -0.0063 -0.4362 0.8998
vn -0.0048 -0.4390 0.8985
vn -0.0037 -0.4436 0.8962
vn -0.3478 0.7416 0.5737
vn -0.3563 0.6389 0.6818
vn -0.3487 0.7187 0.6016
vn -0.3799 -0.7475 0.5448
vn -0.4855 -0.4927 0.7222
vn -0.4594 -0.4140 0.7858
vn -0.5201 -0.8232 0.2277
vn -0.3442 -0.8637 0.3680
vn -0.4000 -0.8534 0.3342
vn 0.0040 -0.9953 -0.0965
vn 0.0002 -0.9949 -0.1010
vn 0.0048 -0.9952 -0.0977
vn -0.0519 -0.9967 -0.0630
vn 0.0044 -0.9997 0.0240
vn 0.0049 -0.9997 0.0241
vn 0.0054 -0.9918 -0.1279
vn 0.0048 -0.9918 -0.1280
vn -0.1091 -0.9859 -0.1269
vn -0.0865 -0.9889 -0.1212
vn 0.1092 -0.9858 -0.1273
vn -0.0048 -0.9918 -0.1280
vn -0.0052 -0.9898 -0.1425
vn -0.0051 -0.9913 -0.1314
vn 0.0058 0.9997 -0.0221
vn -0.0000 0.9997 -0.0226
vn 0.0064 0.9998 -0.0190
vn 0.0083 0.9579 -0.2869
vn 0.1675 0.9855 0.0268
vn -0.1653 0.9796 -0.1141
vn -0.0846 0.9935 0.0758
vn 0.1652 0.9795 -0.1152
vn -0.1674 0.9855 0.0279
vn -0.0932 0.9954 0.0224
vn -0.0043 0.9997 -0.0244
vn -0.0064 0.9998 -0.0190
vn -0.0058 0.9997 -0.0220
vn 0.0519 -0.9966 -0.0634
vn -0.0040 -0.9953 -0.0963
vn -0.0048 -0.9952 -0.0977
vn -0.0001 -0.9997 0.0250
vn -0.6980 0.6789 0.2276
vn -0.5688 0.7393 0.3604
vn -0.4986 0.7574 0.4215
vn -0.0090 0.3636 0.9315
vn -0.0080 0.3659 0.9306
vn -0.0099 0.3616 0.9323
vn -0.0062 0.3700 0.9290
vn -0.0045 0.6706 0.7418
vn 0.3571 0.6396 0.6808
vn 0.3482 0.7424 0.5724
vn 0.3212 0.8055 0.4980
vn -0.2577 0.0398 -0.9654
vn 0.0274 0.2947 -0.9552
vn -0.0069 0.9198 0.3924
vn 0.9138 -0.3986 -0.0784
vn -0.1154 -0.9866 0.1154
vn -0.1602 0.9599 0.2301
vn 0.8229 0.5644 -0.0648
vn -0.8140 0.5756 0.0777
vn 0.9133 0.4045 -0.0477
vn 0.8186 0.5727 0.0437
vn 0.9750 -0.2154 0.0543
vn 0.9886 -0.1425 -0.0486
vn -0.8817 0.4706 -0.0336
vn -0.9854 -0.1667 -0.0342
vn -0.9720 -0.2178 0.0883
vn -0.0689 0.9914 -0.1111
vn -0.2564 0.9657 0.0413
vn 0.2862 0.9575 0.0369
vn -0.6318 0.7520 0.1879
vn -0.9059 -0.3385 0.2547
vn -0.3935 -0.7425 0.5421
vn -0.4534 -0.8848 0.1073
vn -0.2565 -0.9659 -0.0345
vn 0.7363 -0.6765 -0.0169
vn 0.1942 -0.9526 -0.2343
vn 0.4151 0.7280 -0.5457
vn 0.9835 0.1525 -0.0970
vn 0.9485 0.2630 -0.1767
vn 0.7868 0.6032 -0.1306
vn 0.9138 0.3986 -0.0784
vn -0.9074 0.3234 -0.2683
vn -0.6430 0.7380 -0.2048
vn 0.1942 0.9526 -0.2343
vn -0.6430 -0.7380 -0.2048
vn -0.9074 -0.3234 -0.2683
vn 0.4151 -0.7280 -0.5457
vn 0.4570 -0.8892 -0.0236
vn 0.6054 -0.7912 -0.0866
vn 0.8229 -0.5644 -0.0649
vn -0.6246 -0.7804 -0.0293
vn -0.6104 -0.7871 -0.0887
vn -0.0689 -0.9914 -0.1111
vn -0.6851 -0.7234 0.0859
vn -0.6181 -0.7855 0.0300
vn -0.6220 -0.7824 0.0296
vn -0.6246 -0.7804 0.0293
vn -0.2565 -0.9657 0.0413
vn -0.7872 -0.4952 0.3674
vn -0.4361 -0.8742 0.2137
vn -0.1602 -0.9599 0.2301
vn -0.9490 -0.2508 0.1910
vn -0.7556 -0.6346 0.1621
vn -0.6318 -0.7520 0.1879
vn -0.7556 0.6346 0.1621
vn -0.9490 0.2508 0.1910
vn -0.9059 0.3385 0.2547
vn -0.0613 0.9972 0.0421
vn -0.3311 0.9364 0.1158
vn -0.1154 0.9866 0.1155
vn -0.6220 0.7825 0.0296
vn -0.6181 0.7855 0.0300
vn -0.6246 0.7804 0.0293
vn -0.6851 0.7234 0.0859
vn -0.4535 0.8848 0.1073
vn -0.6104 0.7871 -0.0887
vn -0.6246 0.7804 -0.0293
vn -0.2565 0.9659 -0.0346
vn -0.9795 -0.1995 0.0282
vn -0.8397 -0.5424 0.0250
vn -0.8141 -0.5756 0.0777
vn -0.9793 -0.1714 -0.1077
vn -0.8674 -0.4866 -0.1044
vn -0.8817 -0.4706 -0.0336
vn -0.8674 0.4866 -0.1044
vn -0.9793 0.1714 -0.1077
vn -0.9854 0.1667 -0.0342
vn 0.9798 -0.1995 -0.0118
vn 0.8398 -0.5426 -0.0165
vn 0.9133 -0.4045 -0.0477
vn 0.8611 -0.4123 0.2974
vn 0.5137 -0.8350 0.1973
vn 0.8186 -0.5727 0.0437
vn 0.5137 0.8350 0.1972
vn 0.8611 0.4123 0.2974
vn 0.9750 0.2154 0.0543
vn 0.8399 0.5426 -0.0165
vn 0.9798 0.1995 -0.0118
vn 0.9886 0.1425 -0.0486
vn -0.8397 0.5424 0.0250
vn -0.9795 0.1995 0.0282
vn -0.9720 0.2178 0.0883
vn 0.6054 0.7912 -0.0866
vn 0.4570 0.8892 -0.0236
vn 0.7363 0.6765 -0.0169
vn -0.4361 0.8742 0.2137
vn -0.7872 0.4953 0.3675
vn -0.3936 0.7422 0.5425
vn -0.3311 -0.9364 0.1158
vn -0.0612 -0.9972 0.0422
vn 0.2860 -0.9575 0.0369
vn 0.7868 -0.6032 -0.1306
vn 0.9485 -0.2630 -0.1767
vn 0.9835 -0.1525 -0.0970
vn -0.5403 -0.8213 -0.1830
vn 0.0626 -0.9964 -0.0574
vn 0.0653 -0.9963 -0.0551
vn 0.0580 -0.9964 -0.0613
vn 0.1293 0.9854 -0.1111
vn 0.1354 0.9848 -0.1086
vn 0.1384 0.9846 -0.1073
vn -0.3725 0.9187 -0.1313
vn 0.3781 0.9180 0.1195
vn -0.5080 0.8340 -0.2153
vn -0.3068 0.9228 -0.2331
vn -0.6390 -0.5940 -0.4887
vn -0.8265 -0.4339 -0.3585
vn 0.4301 0.8571 0.2835
vn 0.7268 -0.4864 0.4850
vn 0.7602 -0.6013 0.2461
vn -0.0162 0.9967 0.0794
vn 0.1258 0.9913 0.0399
vn -0.0579 0.9963 -0.0640
vn -0.0559 0.9965 -0.0624
vn -0.0521 0.9969 -0.0596
vn 0.3318 0.9433 0.0115
vn 0.6815 -0.7305 -0.0424
vn 0.3510 -0.8836 -0.3099
vn 0.1827 -0.9831 0.0103
vn 0.0505 -0.9971 0.0575
vn -0.2149 -0.9719 -0.0961
vn -0.1285 -0.9847 0.1179
vn -0.3383 0.8815 0.3293
vn -0.8489 0.4608 -0.2587
vn -0.7492 0.6572 -0.0828
vn -0.3719 0.9266 -0.0554
vn -0.5334 0.8268 -0.1789
vn 0.3056 0.7032 0.6420
vn 0.1246 0.9512 0.2822
vn -0.1195 0.9852 0.1232
vn 0.1159 -0.9538 0.2773
vn 0.2994 -0.7087 0.6389
vn -0.3463 -0.8802 0.3246
vn -0.0840 -0.9963 -0.0206
vn -0.2016 -0.9791 -0.0277
vn -0.3806 -0.9147 -0.1360
vn 0.1813 -0.9743 0.1337
vn 0.1498 -0.9733 0.1737
vn -0.0254 -0.9969 0.0741
vn 0.2296 -0.9722 0.0450
vn 0.2028 -0.9753 0.0880
vn 0.2054 -0.9746 0.0892
vn 0.2014 -0.9756 0.0874
vn 0.1167 -0.9926 0.0347
vn 0.5655 -0.8115 -0.1475
vn 0.2303 -0.9717 -0.0525
vn 0.1263 -0.9855 -0.1137
vn 0.1203 -0.9859 -0.1162
vn 0.1294 -0.9852 -0.1125
vn 0.7708 -0.6340 0.0626
vn 0.3600 -0.9328 0.0186
vn 0.3233 -0.9463 0.0065
vn 0.3684 0.9294 0.0236
vn 0.7757 0.6276 0.0659
vn 0.6875 0.7251 -0.0385
vn 0.0347 0.9993 -0.0136
vn 0.1359 0.9905 -0.0190
vn 0.0744 0.9960 -0.0497
vn 0.0718 0.9961 -0.0520
vn 0.0671 0.9962 -0.0560
vn 0.2143 0.9722 0.0943
vn 0.2116 0.9729 0.0932
vn 0.2101 0.9733 0.0925
vn 0.2385 0.9698 0.0501
vn 0.1916 0.9813 0.0156
vn 0.1586 0.9710 0.1787
vn 0.1902 0.9719 0.1388
vn 0.0597 0.9962 0.0628
vn 0.7363 -0.5723 0.3611
vn 0.3690 -0.9119 0.1797
vn 0.3700 -0.9219 0.1147
vn 0.6165 -0.5031 0.6056
vn 0.3298 -0.8806 0.3403
vn 0.4226 -0.8622 0.2792
vn 0.3375 0.8759 0.3447
vn 0.6205 0.4958 0.6077
vn 0.7305 0.4787 0.4870
vn -0.7255 -0.5656 -0.3921
vn -0.3721 -0.9079 -0.1929
vn -0.5151 -0.8286 -0.2195
vn -0.2258 -0.7824 -0.5804
vn -0.0776 -0.9707 -0.2273
vn -0.3150 -0.9188 -0.2378
vn -0.0687 0.9726 -0.2223
vn -0.2187 0.7871 -0.5768
vn -0.6342 0.6012 -0.4861
vn -0.3642 0.9121 -0.1883
vn -0.7210 0.5731 -0.3895
vn -0.8233 0.4417 -0.3565
vn 0.3770 0.9077 0.1843
vn 0.7407 0.5649 0.3637
vn 0.7648 0.5942 0.2490
vn -0.1927 0.9810 -0.0225
vn -0.0749 0.9971 -0.0153
vn -0.2060 0.9743 -0.0909
vn 0.2392 0.9698 -0.0473
vn 0.5724 0.8074 -0.1431
vn 0.3590 0.8820 -0.3051
vn 0.1269 -0.9916 -0.0242
vn 0.0256 -0.9995 -0.0188
vn -0.0650 -0.9956 -0.0677
vn -0.0671 -0.9953 -0.0693
vn -0.0613 -0.9960 -0.0648
vn -0.3801 -0.9230 -0.0603
vn -0.7544 -0.6508 -0.0862
vn -0.8523 -0.4533 -0.2609
vn -0.4284 -0.8217 0.3759
vn -0.1561 -0.9872 -0.0325
vn -0.0317 0.9852 -0.1682
vn -0.0261 0.9851 -0.1701
vn -0.0347 0.9853 -0.1672
vn -0.2996 0.9189 0.2565
vn 0.2923 0.9182 -0.2672
vn -0.4400 0.8344 0.3318
vn -0.3548 0.9230 0.1490
vn -0.7423 -0.5946 0.3090
vn -0.7236 -0.4345 0.5363
vn 0.4422 0.8730 -0.2057
vn 0.7814 -0.5023 -0.3703
vn 0.5930 -0.6019 -0.5348
vn 0.0132 0.9971 0.0754
vn 0.0572 0.9961 -0.0668
vn -0.2157 0.9737 0.0730
vn 0.1267 0.9565 -0.2629
vn 0.3042 -0.7312 -0.6106
vn -0.1069 -0.8859 -0.4514
vn 0.0829 -0.9863 -0.1426
vn 0.0205 -0.9997 0.0127
vn -0.2596 -0.9508 0.1688
vn 0.0379 -0.9836 0.1763
vn 0.0293 -0.9840 0.1759
vn 0.0276 -0.9840 0.1760
vn 0.1029 0.8802 0.4634
vn -0.6485 0.4614 0.6054
vn -0.4463 0.6578 0.6067
vn -0.2338 0.9268 0.2938
vn -0.4212 0.8272 0.3719
vn 0.7081 0.7039 0.0557
vn 0.3452 0.9385 -0.0027
vn 0.0384 0.9846 0.1708
vn 0.0469 0.9841 0.1711
vn 0.0366 0.9846 0.1708
vn 0.3367 -0.9416 0.0023
vn 0.7023 -0.7094 0.0595
vn 0.0948 -0.8787 0.4679
vn -0.1247 -0.9879 0.0928
vn -0.1571 -0.9719 0.1751
vn -0.3078 -0.9149 0.2612
vn 0.1683 -0.9833 -0.0693
vn 0.1646 -0.9863 -0.0135
vn 0.0040 -0.9967 0.0807
vn 0.1877 -0.9619 -0.1989
vn 0.1776 -0.9752 -0.1321
vn 0.1797 -0.9747 -0.1329
vn 0.1810 -0.9744 -0.1335
vn 0.0481 -0.9969 -0.0615
vn 0.1191 -0.8246 -0.5530
vn 0.0373 -0.9768 -0.2108
vn -0.0351 -0.9857 -0.1649
vn -0.0407 -0.9858 -0.1630
vn -0.0438 -0.9858 -0.1620
vn 0.4397 -0.6347 -0.6354
vn 0.1960 -0.9330 -0.3019
vn 0.1181 -0.9589 -0.2580
vn 0.2045 0.9296 -0.3066
vn 0.4450 0.6283 -0.6381
vn 0.3105 0.7258 -0.6138
vn -0.0810 0.9967 0.0044
vn -0.0218 0.9955 -0.0927
vn -0.1469 0.9884 -0.0378
vn 0.1886 0.9723 -0.1381
vn 0.1864 0.9729 -0.1371
vn 0.1899 0.9720 -0.1386
vn 0.1964 0.9591 -0.2038
vn 0.0919 0.9847 -0.1478
vn 0.1736 0.9846 -0.0187
vn 0.1772 0.9813 -0.0745
vn 0.0297 0.9995 0.0074
vn 0.6745 -0.5725 -0.4662
vn 0.3340 -0.9118 -0.2390
vn 0.2840 -0.9222 -0.2626
vn 0.8323 -0.5038 -0.2313
vn 0.4590 -0.8809 -0.1155
vn 0.4346 -0.8778 -0.2013
vn 0.4667 0.8763 -0.1201
vn 0.8360 0.4964 -0.2338
vn 0.7854 0.4943 -0.3726
vn -0.6894 -0.5657 0.4524
vn -0.3390 -0.9073 0.2487
vn -0.4472 -0.8290 0.3359
vn -0.6148 -0.7831 -0.0941
vn -0.2352 -0.9708 -0.0462
vn -0.3629 -0.9190 0.1538
vn -0.2264 0.9727 -0.0514
vn -0.6081 0.7877 -0.0983
vn -0.7376 0.6018 0.3062
vn -0.3310 0.9115 0.2441
vn -0.6849 0.5731 0.4499
vn -0.7203 0.4422 0.5344
vn 0.3420 0.9076 -0.2436
vn 0.6789 0.5651 -0.4687
vn 0.5979 0.5948 -0.5374
vn -0.1483 0.9742 0.1700
vn -0.1156 0.9894 0.0876
vn -0.2511 0.9540 0.1639
vn 0.0463 0.9753 -0.2159
vn 0.1266 0.8209 -0.5569
vn -0.0988 0.8845 -0.4559
vn -0.0309 -0.9957 -0.0874
vn -0.0901 -0.9959 0.0097
vn -0.2246 -0.9713 0.0781
vn -0.2421 -0.9232 0.2985
vn -0.4519 -0.6515 0.6095
vn -0.6521 -0.4538 0.6073
vn 0.8324 -0.5256 -0.1754
vn -0.0906 -0.9808 0.1727
vn -0.1230 0.9336 0.3367
vn 0.7503 0.6514 -0.1126
vn -0.7384 0.6608 0.1342
vn 0.8690 0.4872 -0.0864
vn 0.7465 0.6610 0.0760
vn 0.9580 -0.2680 0.1017
vn 0.9796 -0.1787 -0.0917
vn -0.8271 0.5588 -0.0601
vn -0.9758 -0.2090 -0.0644
vn -0.9490 -0.2692 0.1642
vn -0.0540 0.9847 -0.1659
vn -0.3169 0.9466 0.0590
vn 0.2295 0.9717 0.0563
vn -0.5278 0.7951 0.2989
vn -0.8136 -0.3849 0.4357
vn -0.2713 -0.6476 0.7121
vn -0.3700 -0.9140 0.1667
vn -0.2051 -0.9773 -0.0526
vn 0.5338 -0.8443 -0.0459
vn 0.1494 -0.9273 -0.3432
vn 0.2864 0.6357 -0.7169
vn 0.9650 0.1894 -0.1813
vn 0.8948 0.3140 -0.3175
vn 0.6998 0.6792 -0.2212
vn 0.8324 0.5257 -0.1754
vn -0.8110 0.3659 -0.4566
vn -0.5362 0.7789 -0.3253
vn 0.1494 0.9273 -0.3432
vn -0.5362 -0.7789 -0.3253
vn -0.8110 -0.3659 -0.4566
vn 0.2864 -0.6357 -0.7169
vn 0.2051 -0.9774 -0.0517
vn 0.5123 -0.8474 -0.1395
vn 0.7503 -0.6514 -0.1126
vn -0.5338 -0.8443 -0.0476
vn -0.5170 -0.8439 -0.1432
vn -0.0540 -0.9847 -0.1659
vn -0.5930 -0.7926 0.1416
vn -0.5272 -0.8483 0.0487
vn -0.5313 -0.8458 0.0480
vn -0.5338 -0.8443 0.0476
vn -0.3169 -0.9466 0.0590
vn -0.6422 -0.5115 0.5709
vn -0.3470 -0.8802 0.3237
vn -0.1231 -0.9336 0.3366
vn -0.8913 -0.2981 0.3416
vn -0.7319 -0.6416 0.2297
vn -0.5278 -0.7951 0.2989
vn -0.7318 0.6416 0.2297
vn -0.8913 0.2981 0.3416
vn -0.8137 0.3849 0.4357
vn -0.0485 0.9968 0.0634
vn -0.2650 0.9480 0.1764
vn -0.0905 0.9808 0.1727
vn -0.5313 0.8458 0.0480
vn -0.5272 0.8483 0.0487
vn -0.5338 0.8443 0.0476
vn -0.5930 0.7927 0.1416
vn -0.3700 0.9140 0.1667
vn -0.5170 0.8439 -0.1432
vn -0.5338 0.8443 -0.0476
vn -0.2051 0.9773 -0.0526
vn -0.9670 -0.2493 0.0530
vn -0.7734 -0.6324 0.0439
vn -0.7384 -0.6608 0.1342
vn -0.9566 -0.2119 -0.2003
vn -0.8015 -0.5691 -0.1836
vn -0.8271 -0.5588 -0.0601
vn -0.8015 0.5691 -0.1837
vn -0.9566 0.2119 -0.2003
vn -0.9758 0.2090 -0.0644
vn 0.9681 -0.2496 -0.0222
vn 0.7738 -0.6327 -0.0289
vn 0.8690 -0.4872 -0.0864
vn 0.7453 -0.4518 0.4903
vn 0.4164 -0.8567 0.3045
vn 0.7465 -0.6610 0.0760
vn 0.4164 0.8567 0.3045
vn 0.7454 0.4518 0.4903
vn 0.9580 0.2680 0.1017
vn 0.7738 0.6327 -0.0289
vn 0.9681 0.2496 -0.0222
vn 0.9796 0.1787 -0.0917
vn -0.7734 0.6324 0.0439
vn -0.9670 0.2493 0.0530
vn -0.9490 0.2692 0.1641
vn 0.5123 0.8474 -0.1395
vn 0.2051 0.9774 -0.0517
vn 0.5338 0.8443 -0.0459
vn -0.3471 0.8802 0.3237
vn -0.6422 0.5115 0.5709
vn -0.2713 0.6476 0.7121
vn -0.2649 -0.9480 0.1764
vn -0.0483 -0.9968 0.0634
vn 0.2294 -0.9717 0.0563
vn 0.6998 -0.6792 -0.2212
vn 0.8947 -0.3141 -0.3175
vn 0.9650 -0.1894 -0.1813
vn 0.8324 -0.5257 -0.1754
vn -0.3170 0.9466 0.0590
vn -0.2714 -0.6476 0.7120
vn -0.3700 -0.9139 0.1667
vn 0.8948 0.3141 -0.3175
vn -0.5931 -0.7926 0.1416
vn -0.3170 -0.9466 0.0590
vn -0.1231 -0.9335 0.3366
vn -0.8136 0.3849 0.4357
vn -0.3700 0.9139 0.1667
vn -0.8015 0.5691 -0.1836
vn 0.7738 -0.6328 -0.0289
vn -0.2714 0.6476 0.7121
vn -0.2648 -0.9480 0.1764
vn 0.8368 0.5154 -0.1848
vn -0.9746 -0.1852 -0.1259
vn 0.9041 0.4198 0.0798
vn 0.4366 0.8943 -0.0979
vn -0.3153 0.9441 -0.0958
vn 0.7088 0.5954 -0.3782
vn -0.6748 -0.7346 0.0703
vn -0.2527 0.4380 0.8627
vn -0.8309 -0.5313 0.1650
vn 0.6418 -0.7352 0.2179
vn 0.6653 -0.7430 -0.0737
vn 0.4275 -0.8987 -0.0980
vn 0.6752 -0.3401 -0.6546
vn 0.5110 -0.7269 -0.4589
vn 0.8140 0.4910 -0.3103
vn 0.1310 0.9473 -0.2922
vn 0.6681 0.7403 -0.0750
vn 0.9815 -0.1801 -0.0656
vn 0.8322 -0.5227 -0.1850
vn 0.8680 -0.4330 0.2430
vn 0.8718 0.4255 0.2428
vn -0.8492 -0.5175 -0.1049
vn -0.7399 0.3154 -0.5943
vn -0.8666 0.4975 0.0395
vn 0.9616 0.1854 -0.2025
vn -0.5655 0.7901 0.2366
vn 0.6784 0.3343 -0.6542
vn -0.3250 -0.9408 -0.0958
vn -0.9607 -0.1343 0.2429
vn 0.8230 0.5644 -0.0648
vn 0.9750 -0.2155 0.0543
vn -0.9058 -0.3385 0.2547
vn -0.3935 -0.7422 0.5425
vn 0.8229 -0.5644 -0.0648
vn -0.6851 -0.7233 0.0859
vn -0.6220 -0.7825 0.0296
vn -0.7872 -0.4953 0.3674
vn -0.4361 -0.8741 0.2137
vn -0.9490 -0.2507 0.1910
vn -0.6315 -0.7523 0.1879
vn -0.9490 0.2507 0.1910
vn -0.9058 0.3385 0.2547
vn -0.8397 -0.5425 0.0250
vn -0.8674 -0.4865 -0.1044
vn -0.8674 0.4865 -0.1044
vn 0.9798 -0.1996 -0.0118
vn 0.8399 -0.5426 -0.0165
vn 0.8186 -0.5726 0.0437
vn 0.5137 0.8350 0.1973
vn 0.9750 0.2155 0.0543
vn 0.8399 0.5425 -0.0165
vn 0.9798 0.1996 -0.0118
vn 0.7363 0.6764 -0.0169
vn -0.3937 0.7421 0.5425
vn 0.7694 0.4484 -0.4549
vn 0.8700 0.3891 0.3029
vn -0.7694 0.4484 0.4549
vn -0.8700 0.3891 -0.3029
vn -0.7147 -0.6438 0.2733
vn -0.7147 0.6438 -0.2733
vn -0.6819 0.7216 0.1199
vn 0.2918 0.9452 0.1464
vn 0.3191 0.8711 -0.3734
vn -0.6819 -0.7216 -0.1199
vn 0.2918 -0.9452 -0.1464
vn 0.3191 -0.8711 0.3734
vn -0.9456 -0.1655 -0.2802
vn -0.9851 -0.1437 0.0943
vn -0.9064 0.4093 0.1041
vn -0.8021 -0.2150 0.5571
vn 0.4048 -0.3095 0.8604
vn 0.3679 0.6560 0.6590
vn 0.9456 -0.1655 0.2802
vn 0.9851 -0.1437 -0.0943
vn 0.9064 0.4093 -0.1041
vn 0.8021 -0.2150 -0.5571
vn -0.4049 -0.3095 -0.8604
vn -0.3680 0.6559 -0.6591
vn -0.4435 0.2772 -0.8523
vn -0.8344 0.1671 -0.5252
vn -0.7694 0.4484 -0.4549
vn -0.2959 -0.7063 -0.6431
vn -0.6798 -0.5573 -0.4767
vn -0.8021 -0.2150 -0.5571
vn 0.6798 -0.5574 -0.4767
vn 0.2959 -0.7063 -0.6431
vn 0.4048 -0.3095 -0.8604
vn 0.9815 0.1601 -0.1051
vn 0.9417 0.1359 -0.3079
vn 0.8700 0.3891 -0.3029
vn 0.8919 -0.4444 -0.0845
vn 0.8551 -0.4536 -0.2510
vn 0.9456 -0.1655 -0.2802
vn 0.8551 -0.4536 0.2510
vn 0.8919 -0.4444 0.0845
vn 0.9851 -0.1437 0.0943
vn 0.4435 0.2772 0.8523
vn 0.8344 0.1671 0.5252
vn 0.7694 0.4484 0.4549
vn 0.2959 -0.7063 0.6431
vn 0.6798 -0.5574 0.4767
vn 0.8022 -0.2150 0.5571
vn -0.6798 -0.5573 0.4767
vn -0.2959 -0.7063 0.6431
vn -0.4048 -0.3095 0.8604
vn -0.9815 0.1601 0.1051
vn -0.9417 0.1359 0.3079
vn -0.8700 0.3891 0.3029
vn -0.8919 -0.4444 0.0845
vn -0.8551 -0.4536 0.2510
vn -0.9456 -0.1655 0.2802
vn -0.8551 -0.4536 -0.2510
vn -0.8919 -0.4444 -0.0845
vn -0.9851 -0.1437 -0.0943
vn 0.3204 -0.9381 0.1314
vn 0.7185 -0.6891 0.0944
vn 0.7147 -0.6438 0.2733
vn 0.2634 -0.8721 -0.4125
vn 0.6413 -0.6853 -0.3451
vn 0.6819 -0.7216 -0.1199
vn -0.6413 -0.6853 -0.3451
vn -0.2634 -0.8721 -0.4125
vn -0.2918 -0.9452 -0.1464
vn 0.3204 0.9381 -0.1314
vn 0.7185 0.6891 -0.0944
vn 0.7147 0.6438 -0.2733
vn 0.2634 0.8721 0.4125
vn 0.6413 0.6853 0.3451
vn 0.6819 0.7216 0.1199
vn -0.6414 0.6853 0.3451
vn -0.2634 0.8721 0.4125
vn -0.2918 0.9452 0.1464
vn -0.7185 0.6891 -0.0944
vn -0.3204 0.9381 -0.1314
vn -0.3191 0.8711 -0.3734
vn -0.7185 -0.6891 0.0944
vn -0.3204 -0.9381 0.1314
vn -0.3191 -0.8711 0.3734
vn -0.9417 0.1359 -0.3079
vn -0.9815 0.1601 -0.1051
vn -0.9064 0.4093 -0.1041
vn -0.8344 0.1671 0.5252
vn -0.4435 0.2772 0.8523
vn -0.3679 0.6560 0.6591
vn 0.9417 0.1359 0.3079
vn 0.9815 0.1601 0.1051
vn 0.9064 0.4093 0.1041
vn 0.8344 0.1671 -0.5252
vn 0.4435 0.2772 -0.8523
vn 0.3679 0.6560 -0.6590
vn -0.7695 0.4484 0.4549
vn -0.8700 0.3890 -0.3029
vn -0.6819 0.7215 0.1199
vn -0.6819 -0.7215 -0.1199
vn -0.8022 -0.2149 0.5571
vn 0.3679 0.6560 0.6591
vn -0.4048 -0.3095 -0.8604
vn -0.3679 0.6560 -0.6591
vn -0.7695 0.4484 -0.4549
vn -0.6798 -0.5574 -0.4767
vn -0.8022 -0.2150 -0.5571
vn 0.9815 0.1602 -0.1051
vn 0.8919 -0.4443 -0.0844
vn 0.8919 -0.4443 0.0844
vn 0.8344 0.1670 0.5252
vn 0.8021 -0.2150 0.5571
vn -0.6798 -0.5574 0.4767
vn -0.9815 0.1602 0.1051
vn -0.8700 0.3890 0.3029
vn -0.8919 -0.4443 0.0845
vn -0.8552 -0.4536 0.2509
vn -0.8551 -0.4536 -0.2509
vn -0.8919 -0.4443 -0.0845
vn -0.6413 0.6853 0.3451
vn -0.9815 0.1602 -0.1051
vn 0.9815 0.1602 0.1051
vn 0.9065 0.4093 0.1041
vn 0.8344 0.1670 -0.5252
vn 0.3679 0.6560 -0.6591
vn -0.0907 -0.9808 0.1727
vn -0.7384 0.6609 0.1343
vn -0.9490 -0.2692 0.1641
vn -0.5277 0.7951 0.2989
vn -0.8137 -0.3849 0.4357
vn 0.8947 0.3141 -0.3175
vn 0.1493 0.9273 -0.3432
vn -0.8110 -0.3659 -0.4565
vn 0.5122 -0.8474 -0.1395
vn -0.7318 -0.6416 0.2297
vn -0.5277 -0.7951 0.2989
vn -0.8137 0.3848 0.4357
vn -0.7384 -0.6609 0.1343
vn -0.9566 -0.2119 -0.2002
vn -0.8015 -0.5691 -0.1837
vn -0.9566 0.2119 -0.2002
vn 0.7454 0.4517 0.4903
vn 0.8325 -0.5256 -0.1754
vn -0.8110 0.3658 -0.4566
vn 0.2863 -0.6357 -0.7169
vn 0.7504 -0.6514 -0.1126
vn -0.7319 0.6416 0.2297
vn 0.4860 0.7578 -0.4353
vn 0.9753 0.1509 0.1616
vn -0.7856 -0.3124 0.5341
vn -0.9259 0.3554 -0.1278
vn -0.5674 -0.7895 0.2340
vn -0.3544 0.9332 0.0593
vn -0.4396 0.7280 0.5261
vn 0.4396 0.7280 0.5261
vn 0.3544 0.9332 0.0593
vn -0.7188 -0.6814 -0.1376
vn 0.7188 -0.6814 -0.1376
vn 0.5674 -0.7895 0.2340
vn -0.9885 -0.0233 -0.1496
vn -0.9837 -0.1522 0.0958
vn -0.9753 0.1509 0.1616
vn -0.7565 -0.3974 0.5194
vn 0.7565 -0.3974 0.5194
vn 0.7856 -0.3124 0.5341
vn 0.9837 -0.1522 0.0958
vn 0.9885 -0.0233 -0.1496
vn 0.9259 0.3554 -0.1278
vn 0.7556 -0.0472 -0.6533
vn -0.7557 -0.0472 -0.6533
vn -0.4860 0.7578 -0.4353
vn -0.9354 -0.2915 0.2001
vn -0.3757 -0.8753 -0.3044
vn 0.1620 0.8375 -0.5219
vn -0.8508 0.4989 0.1649
vn 0.8718 0.4255 -0.2427
vn -0.9476 0.2773 0.1582
vn -0.8612 0.4944 -0.1181
vn -0.9763 -0.1708 -0.1328
vn -0.9854 -0.0868 0.1467
vn 0.8700 0.4894 0.0599
vn 0.9815 -0.1800 0.0656
vn 0.9577 -0.1515 -0.2445
vn -0.1211 0.9376 0.3259
vn 0.2928 0.9521 -0.0885
vn -0.6672 0.7403 -0.0824
vn 0.6191 0.6678 -0.4132
vn 0.8042 -0.2832 -0.5225
vn 0.2647 -0.4498 -0.8530
vn 0.4795 -0.8379 -0.2608
vn 0.0616 -0.9907 0.1214
vn -0.7940 -0.6037 0.0711
vn -0.1979 -0.8136 0.5467
vn -0.2804 0.4220 0.8621
vn -0.9690 0.1087 0.2220
vn -0.9019 0.1851 0.3903
vn -0.8134 0.4782 0.3312
vn -0.9329 0.2993 0.2003
vn 0.7947 0.2871 0.5348
vn 0.6064 0.6799 0.4123
vn -0.1893 0.8155 0.5469
vn 0.5997 -0.6856 0.4127
vn 0.7921 -0.2938 0.5351
vn -0.2848 -0.4196 0.8619
vn -0.5255 -0.8446 0.1029
vn -0.6645 -0.7071 0.2416
vn -0.8553 -0.4913 0.1647
vn 0.5932 -0.7995 0.0945
vn 0.5304 -0.8004 0.2792
vn -0.1310 -0.9363 0.3258
vn 0.6605 -0.7143 -0.2314
vn 0.6587 -0.7486 -0.0757
vn 0.2829 -0.9551 -0.0885
vn 0.6317 -0.3658 -0.6835
vn 0.4220 -0.7719 -0.4756
vn 0.1531 -0.8390 -0.5221
vn 0.8842 -0.2235 -0.4103
vn 0.7357 -0.5767 -0.3551
vn 0.6126 -0.6735 -0.4136
vn 0.7410 0.5701 -0.3548
vn 0.8861 0.2161 -0.4100
vn 0.8069 0.2760 -0.5223
vn -0.2828 0.9547 -0.0922
vn 0.0849 0.9496 -0.3016
vn -0.3667 0.8791 -0.3046
vn 0.6658 0.7423 -0.0757
vn 0.6672 0.7081 -0.2312
vn 0.4878 0.8331 -0.2606
vn 0.5384 0.7952 0.2789
vn 0.6010 0.7937 0.0944
vn 0.0722 0.9900 0.1213
vn 0.9854 -0.1508 -0.0793
vn 0.9005 -0.4275 -0.0799
vn 0.8680 -0.4331 -0.2430
vn 0.9600 -0.1934 0.2025
vn 0.8322 -0.5228 0.1850
vn 0.8657 -0.4970 0.0600
vn 0.8368 0.5153 0.1848
vn 0.9616 0.1854 0.2024
vn 0.9829 0.1719 0.0656
vn -0.9924 -0.1096 0.0564
vn -0.9426 -0.3284 0.0609
vn -0.9500 -0.2694 0.1581
vn -0.8003 -0.3890 -0.4563
vn -0.4540 -0.8339 -0.3139
vn -0.8655 -0.4868 -0.1179
vn -0.4455 0.8383 -0.3142
vn -0.7967 0.3959 -0.4567
vn -0.9749 0.1788 -0.1328
vn -0.9397 0.3364 0.0609
vn -0.9914 0.1178 0.0565
vn -0.9846 0.0950 0.1467
vn 0.9041 0.4197 -0.0798
vn 0.9866 0.1427 -0.0793
vn 0.9590 0.1436 -0.2444
vn -0.6578 0.7133 0.2419
vn -0.5170 0.8497 0.1030
vn -0.7885 0.6109 0.0712
vn 0.4297 0.7678 -0.4752
vn 0.6351 0.3604 -0.6831
vn 0.2695 0.4474 -0.8528
vn 0.0747 -0.9505 -0.3016
vn -0.2927 -0.9517 -0.0921
vn -0.6742 -0.7340 -0.0823
vn -0.8177 -0.4711 0.3309
vn -0.9035 -0.1776 0.3902
vn -0.9699 -0.1007 0.2219
vn 0.5436 0.7690 -0.3364
vn 0.8268 0.5460 0.1353
vn -0.0727 0.9521 0.2969
vn -0.6880 0.7253 -0.0244
vn -0.0315 -0.9981 0.0534
vn -0.2931 0.9559 -0.0168
vn -0.1508 0.9874 0.0474
vn 0.1508 0.9874 0.0471
vn 0.2898 0.9569 -0.0178
vn -0.1507 -0.9868 -0.0601
vn 0.1507 -0.9868 -0.0596
vn 0.0363 -0.9979 0.0533
vn -0.8591 -0.5052 -0.0822
vn -0.6812 -0.7181 0.1428
vn -0.8259 0.5468 0.1376
vn -0.1032 -0.9486 0.2992
vn 0.1187 -0.9469 0.2988
vn 0.0835 0.9514 0.2964
vn 0.6813 -0.7183 0.1410
vn 0.8578 -0.5072 -0.0828
vn 0.6880 0.7253 -0.0253
vn 0.4653 -0.8155 -0.3443
vn -0.4742 -0.8117 -0.3411
vn -0.5519 0.7638 -0.3348
vn 0.1155 0.8532 0.5086
vn 0.4867 0.4935 0.7208
vn 0.1061 0.6497 0.7527
vn -0.5204 0.8249 0.2206
vn 0.0770 0.9900 -0.1186
vn -0.0066 0.9998 0.0194
vn 0.0050 0.9903 0.1391
vn 0.0877 0.9652 -0.2464
vn 0.0513 -0.9835 -0.1733
vn -0.0000 -0.9898 -0.1423
vn -0.0000 -0.9996 0.0278
vn -0.6712 -0.7082 0.2189
vn -0.3478 -0.7416 0.5737
vn -0.3799 0.7476 0.5448
vn -0.0099 -0.3616 0.9323
vn 0.0783 0.4440 0.8926
vn 0.3571 -0.6396 0.6808
vn 0.5693 -0.7404 0.3575
vn 0.3445 0.8644 0.3662
vn -0.2569 -0.0899 -0.9623
vn -0.0275 -0.2945 -0.9552
vn -0.0505 0.4422 -0.8955
vn -0.0207 0.3697 -0.9289
vn 0.2573 0.1985 -0.9457
vn -0.1147 0.8532 0.5089
vn 0.0161 -0.6097 0.7924
vn 0.2683 -0.0190 -0.9631
vn 0.2562 -0.0443 -0.9656
vn -0.2682 -0.0195 -0.9632
vn -0.0160 -0.6101 0.7921
vn 0.0274 -0.2947 -0.9552
vn 0.4003 0.8541 0.3322
vn 0.5884 0.7835 0.1996
vn 0.5207 0.8262 0.2151
vn 0.4991 -0.7586 0.4189
vn 0.7956 -0.5232 0.3055
vn 0.7116 -0.6657 0.2246
vn 0.3493 -0.7195 0.6003
vn 0.3212 -0.8055 0.4980
vn 0.3482 -0.7424 0.5724
vn 0.0001 0.3717 0.9284
vn -0.1060 0.6493 0.7531
vn 0.0074 -0.4337 0.9010
vn 0.0101 -0.3614 0.9324
vn -0.0073 -0.4340 0.9009
vn -0.3982 0.6774 0.6185
vn -0.4594 0.4140 0.7858
vn -0.4855 0.4927 0.7222
vn -0.3209 -0.8047 0.4995
vn -0.3487 -0.7187 0.6016
vn -0.3563 -0.6389 0.6818
vn -0.7952 -0.5224 0.3078
vn -0.4986 -0.7574 0.4215
vn -0.5688 -0.7393 0.3604
vn -0.0000 -0.9954 -0.0957
vn 0.0045 -0.9952 -0.0979
vn -0.0852 -0.9809 -0.1749
vn -0.0513 -0.9836 -0.1730
vn 0.0852 -0.9808 -0.1755
vn 0.0056 0.9998 -0.0180
vn -0.0772 0.9900 -0.1177
vn 0.0930 0.9928 0.0758
vn -0.0849 0.9906 -0.1075
vn 0.0066 0.9998 0.0194
vn 0.0849 0.9905 -0.1081
vn -0.0930 0.9927 0.0764
vn -0.0050 0.9903 0.1392
vn -0.0056 0.9998 -0.0180
vn -0.0878 0.9653 -0.2459
vn -0.0045 -0.9952 -0.0979
vn -0.5881 0.7822 0.2057
vn -0.4000 0.8534 0.3342
vn -0.3442 0.8637 0.3680
vn -0.0782 0.4438 0.8927
vn 0.4606 0.4147 0.7848
vn 0.3990 0.6782 0.6172
vn 0.3805 0.7483 0.5433
vn -0.2589 0.1985 -0.9453
vn 0.0206 0.3697 -0.9289
vn 0.0505 0.4421 -0.8956
vn 0.9187 -0.3777 -0.1154
vn 0.3461 -0.9302 0.1224
vn -0.1992 0.9537 0.2252
vn 0.8103 0.5814 -0.0742
vn -0.8674 0.4866 0.1044
vn 0.9481 0.3105 -0.0681
vn 0.8389 0.5420 0.0494
vn 0.9783 -0.1992 0.0574
vn 0.9925 -0.1041 -0.0637
vn -0.8397 0.5424 -0.0250
vn -0.9795 -0.1995 -0.0282
vn -0.9793 -0.1714 0.1077
vn 0.1165 0.9847 -0.1298
vn -0.3803 0.9244 0.0278
vn 0.6245 0.7803 0.0330
vn -0.6977 0.6986 0.1589
vn -0.9163 -0.3280 0.2297
vn -0.4286 -0.7329 0.5283
vn -0.4944 -0.8635 0.1002
vn -0.0592 -0.9972 -0.0463
vn 0.6243 -0.7800 -0.0441
vn 0.1597 -0.9563 -0.2448
vn 0.3869 0.7276 -0.5665
vn 0.9857 0.1277 -0.1103
vn 0.9510 0.2361 -0.1998
vn 0.7689 0.6145 -0.1764
vn 0.9187 0.3777 -0.1154
vn -0.9080 0.3442 -0.2389
vn -0.6814 0.7139 -0.1613
vn 0.1597 0.9563 -0.2448
vn -0.6814 -0.7139 -0.1613
vn -0.9080 -0.3442 -0.2389
vn 0.3869 -0.7276 -0.5665
vn 0.2563 -0.9650 -0.0547
vn 0.5488 -0.8287 -0.1098
vn 0.8103 -0.5814 -0.0742
vn -0.5502 -0.8342 -0.0375
vn -0.5043 -0.8560 -0.1135
vn 0.1165 -0.9847 -0.1298
vn -0.6317 -0.7694 0.0949
vn -0.6155 -0.7875 0.0303
vn -0.3802 -0.9245 0.0279
vn -0.8117 -0.4762 0.3383
vn -0.5105 -0.8377 0.1943
vn -0.1990 -0.9538 0.2252
vn -0.9538 -0.2472 0.1709
vn -0.8016 -0.5837 0.1297
vn -0.6973 -0.6990 0.1587
vn -0.8015 0.5837 0.1297
vn -0.9538 0.2473 0.1709
vn -0.9163 0.3280 0.2297
vn 0.2565 0.9659 0.0354
vn -0.0732 0.9902 0.1192
vn 0.3463 0.9301 0.1224
vn -0.6155 0.7876 0.0303
vn -0.6317 0.7694 0.0949
vn -0.4944 0.8635 0.1002
vn -0.5043 0.8560 -0.1135
vn -0.5501 0.8342 -0.0375
vn -0.0592 0.9972 -0.0463
vn -0.9854 -0.1667 0.0342
vn -0.8817 -0.4706 0.0336
vn -0.8674 -0.4866 0.1044
vn -0.9720 -0.2178 -0.0883
vn -0.8141 -0.5756 -0.0777
vn -0.8397 -0.5424 -0.0250
vn -0.8140 0.5756 -0.0777
vn -0.9720 0.2178 -0.0883
vn -0.9795 0.1995 -0.0282
vn 0.9913 -0.1292 -0.0243
vn 0.9277 -0.3725 -0.0259
vn 0.9481 -0.3105 -0.0681
vn 0.8535 -0.4769 0.2103
vn 0.4242 -0.8965 0.1277
vn 0.8389 -0.5420 0.0494
vn 0.4242 0.8965 0.1277
vn 0.8535 0.4769 0.2103
vn 0.9783 0.1992 0.0574
vn 0.9277 0.3725 -0.0259
vn 0.9913 0.1292 -0.0243
vn 0.9925 0.1041 -0.0637
vn -0.8817 0.4706 0.0336
vn -0.9854 0.1667 0.0342
vn -0.9793 0.1714 0.1077
vn 0.5488 0.8287 -0.1098
vn 0.2563 0.9651 -0.0547
vn 0.6243 0.7800 -0.0441
vn -0.5104 0.8377 0.1943
vn -0.8117 0.4762 0.3383
vn -0.4286 0.7329 0.5283
vn -0.0732 -0.9902 0.1192
vn 0.2565 -0.9659 0.0354
vn 0.6245 -0.7803 0.0330
vn 0.7689 -0.6145 -0.1764
vn 0.9510 -0.2361 -0.1998
vn 0.9857 -0.1277 -0.1103
vn -0.5842 -0.7990 -0.1426
vn -0.0535 -0.9895 -0.1345
vn 0.1262 0.9856 -0.1122
vn -0.3637 0.9242 -0.1164
vn 0.4673 0.8759 0.1200
vn -0.6277 0.7427 -0.2333
vn -0.3256 0.9108 -0.2539
vn -0.6535 -0.5622 -0.5069
vn -0.8789 -0.3288 -0.3455
vn 0.3424 0.9073 0.2439
vn 0.6747 -0.5719 0.4665
vn 0.8327 -0.5031 0.2311
vn -0.0706 0.9955 0.0636
vn 0.0840 0.9963 0.0206
vn -0.1796 0.9742 -0.1365
vn 0.2794 0.9600 -0.0173
vn 0.6866 -0.7270 -0.0071
vn 0.3346 -0.8879 -0.3156
vn 0.1635 -0.9865 0.0016
vn -0.0055 -0.9994 0.0338
vn -0.2952 -0.9456 -0.1370
vn -0.1430 -0.9828 0.1164
vn -0.3603 0.8724 0.3305
vn -0.8858 0.3960 -0.2418
vn -0.7929 0.6072 -0.0511
vn -0.3811 0.9245 -0.0092
vn -0.5775 0.8045 -0.1385
vn 0.3229 0.7364 0.5944
vn 0.1616 0.9508 0.2644
vn -0.1340 0.9835 0.1217
vn 0.1529 -0.9536 0.2595
vn 0.3165 -0.7419 0.5911
vn -0.3681 -0.8708 0.3257
vn -0.1562 -0.9862 -0.0540
vn -0.2493 -0.9674 -0.0446
vn -0.3719 -0.9203 -0.1212
vn 0.1451 -0.9823 0.1189
vn 0.0979 -0.9822 0.1600
vn -0.0798 -0.9951 0.0583
vn 0.2709 -0.9606 0.0616
vn 0.2067 -0.9743 0.0897
vn 0.0749 -0.9971 0.0153
vn 0.5258 -0.8337 -0.1687
vn 0.1955 -0.9783 -0.0692
vn 0.1172 -0.9861 -0.1175
vn 0.7673 -0.6341 0.0960
vn 0.3872 -0.9200 0.0612
vn 0.2707 -0.9624 -0.0225
vn 0.3953 0.9162 0.0660
vn 0.7722 0.6276 0.0992
vn 0.6926 0.7214 -0.0032
vn -0.0502 0.9971 -0.0580
vn 0.0646 0.9962 -0.0581
vn -0.0444 0.9906 -0.1293
vn 0.2156 0.9719 0.0948
vn 0.2794 0.9579 0.0666
vn 0.1725 0.9850 0.0069
vn 0.1069 0.9805 0.1652
vn 0.1540 0.9803 0.1240
vn 0.0037 0.9992 0.0391
vn 0.7820 -0.5014 0.3703
vn 0.4351 -0.8775 0.2015
vn 0.4596 -0.8806 0.1155
vn 0.5932 -0.6013 0.5353
vn 0.2844 -0.9219 0.2630
vn 0.3344 -0.9115 0.2393
vn 0.2926 0.9180 0.2677
vn 0.5980 0.5942 0.5379
vn 0.6792 0.5645 0.4690
vn -0.8184 -0.4007 -0.4119
vn -0.5339 -0.8034 -0.2637
vn -0.6338 -0.7363 -0.2369
vn -0.2634 -0.8524 -0.4517
vn -0.0749 -0.9851 -0.1549
vn -0.3336 -0.9066 -0.2585
vn -0.0659 0.9865 -0.1497
vn -0.2558 0.8569 -0.4476
vn -0.6490 0.5696 -0.5044
vn -0.5271 0.8092 -0.2597
vn -0.8154 0.4086 -0.4101
vn -0.8765 0.3367 -0.3440
vn 0.4428 0.8727 0.2059
vn 0.7857 0.4938 0.3726
vn 0.8365 0.4958 0.2335
vn -0.2406 0.9698 -0.0394
vn -0.1472 0.9879 -0.0488
vn -0.2867 0.9489 -0.1320
vn 0.2043 0.9768 -0.0640
vn 0.5331 0.8300 -0.1641
vn 0.3426 0.8866 -0.3108
vn 0.0555 -0.9964 -0.0634
vn -0.0594 -0.9962 -0.0633
vn -0.1885 -0.9718 -0.1416
vn -0.3893 -0.9210 -0.0141
vn -0.7977 -0.6007 -0.0542
vn -0.8887 -0.3884 -0.2437
vn -0.4154 -0.7994 0.4340
vn -0.0063 -0.9982 -0.0604
vn -0.0231 0.9850 -0.1711
vn -0.2824 0.9244 0.2563
vn 0.3373 0.8763 -0.3441
vn -0.5155 0.7432 0.4264
vn -0.3822 0.9110 0.1549
vn -0.7652 -0.5628 0.3125
vn -0.7387 -0.3292 0.5881
vn 0.3765 0.9079 -0.1841
vn 0.7359 -0.5729 -0.3610
vn 0.6165 -0.5038 -0.6051
vn 0.0705 0.9951 0.0686
vn 0.0981 0.9919 -0.0803
vn -0.0677 0.9972 0.0328
vn 0.1710 0.9477 -0.2696
vn 0.3373 -0.7276 -0.5973
vn -0.0916 -0.8866 -0.4535
vn 0.0995 -0.9840 -0.1480
vn 0.0810 -0.9967 -0.0044
vn -0.1835 -0.9716 0.1495
vn 0.0402 -0.9835 0.1764
vn 0.1195 0.8743 0.4705
vn -0.6525 0.3965 0.6458
vn -0.4408 0.6079 0.6604
vn -0.1985 0.9247 0.3248
vn -0.4085 0.8050 0.4302
vn 0.6756 0.7371 0.0170
vn 0.2705 0.9625 0.0188
vn 0.0492 0.9840 0.1712
vn 0.2618 -0.9648 0.0239
vn 0.6694 -0.7426 0.0210
vn 0.1114 -0.8729 0.4749
vn -0.0524 -0.9958 0.0750
vn -0.1246 -0.9767 0.1746
vn -0.2906 -0.9206 0.2610
vn 0.2097 -0.9742 -0.0838
vn 0.2458 -0.9688 -0.0330
vn 0.0614 -0.9954 0.0739
vn 0.1568 -0.9701 -0.1853
vn 0.1763 -0.9755 -0.1315
vn 0.0890 -0.9932 -0.0751
vn 0.1515 -0.8217 -0.5494
vn 0.0688 -0.9734 -0.2186
vn -0.0321 -0.9856 -0.1659
vn 0.4668 -0.6348 -0.6158
vn 0.2464 -0.9202 -0.3041
vn 0.1624 -0.9505 -0.2648
vn 0.2547 0.9164 -0.3088
vn 0.4721 0.6282 -0.6184
vn 0.3435 0.7220 -0.6005
vn 0.0128 0.9997 -0.0220
vn 0.0524 0.9926 -0.1096
vn 0.0028 0.9978 -0.0657
vn 0.1851 0.9732 -0.1366
vn 0.1657 0.9676 -0.1903
vn 0.1084 0.9823 -0.1531
vn 0.2545 0.9663 -0.0381
vn 0.2185 0.9718 -0.0889
vn 0.0902 0.9959 -0.0097
vn 0.7266 -0.4870 -0.4847
vn 0.4222 -0.8626 -0.2789
vn 0.3295 -0.8809 -0.3398
vn 0.7596 -0.6019 -0.2462
vn 0.3694 -0.9222 -0.1147
vn 0.3685 -0.9121 -0.1795
vn 0.3776 0.9182 -0.1195
vn 0.7646 0.5944 -0.2492
vn 0.7403 0.5655 -0.3636
vn -0.7977 -0.3731 0.4738
vn -0.5699 -0.7574 0.3186
vn -0.5217 -0.7369 0.4299
vn -0.5222 -0.8528 0.0026
vn -0.1713 -0.9851 -0.0124
vn -0.3901 -0.9068 0.1596
vn -0.1623 0.9866 -0.0176
vn -0.5148 0.8573 -0.0019
vn -0.7609 0.5702 0.3098
vn -0.5635 0.7637 0.3149
vn -0.7949 0.3810 0.4722
vn -0.7362 0.3371 0.5868
vn 0.4296 0.8575 -0.2832
vn 0.7303 0.4793 -0.4868
vn 0.6205 0.4964 -0.6071
vn -0.1156 0.9787 0.1695
vn -0.0433 0.9966 0.0698
vn -0.1746 0.9740 0.1444
vn 0.0777 0.9716 -0.2237
vn 0.1590 0.8176 -0.5533
vn -0.0835 0.8850 -0.4580
vn 0.0433 -0.9936 -0.1044
vn 0.0037 -0.9999 -0.0167
vn -0.0769 -0.9963 0.0381
vn -0.2068 -0.9213 0.3294
vn -0.4459 -0.6014 0.6630
vn -0.6555 -0.3889 0.6473
vn 0.8987 -0.4090 -0.1581
vn 0.2772 -0.9425 0.1866
vn -0.1536 0.9311 0.3307
vn 0.7342 0.6668 -0.1280
vn -0.8015 0.5691 0.1837
vn 0.9164 0.3800 -0.1254
vn 0.7713 0.6306 0.0865
vn 0.9627 -0.2482 0.1076
vn 0.9841 -0.1306 -0.1203
vn -0.7734 0.6324 -0.0439
vn -0.9670 -0.2493 -0.0530
vn -0.9566 -0.2119 0.2003
vn 0.0913 0.9768 -0.1938
vn -0.2051 0.9774 0.0517
vn 0.5336 0.8440 0.0537
vn -0.5981 0.7583 0.2592
vn -0.8353 -0.3786 0.3987
vn -0.2989 -0.6469 0.7015
vn -0.4070 -0.8998 0.1572
vn -0.0468 -0.9965 -0.0696
vn 0.6704 -0.7404 -0.0495
vn 0.1222 -0.9262 -0.3567
vn 0.2632 0.6264 -0.7337
vn 0.9657 0.1583 -0.2058
vn 0.8913 0.2801 -0.3566
vn 0.6720 0.6799 -0.2936
vn 0.8987 0.4090 -0.1581
vn -0.8216 0.3942 -0.4117
vn -0.5810 0.7706 -0.2620
vn 0.1222 0.9262 -0.3566
vn -0.5810 -0.7706 -0.2620
vn -0.8216 -0.3942 -0.4117
vn 0.2632 -0.6264 -0.7337
vn 0.3924 -0.9176 -0.0636
vn 0.4566 -0.8725 -0.1739
vn 0.7342 -0.6668 -0.1280
vn -0.4612 -0.8853 -0.0599
vn -0.4152 -0.8921 -0.1779
vn 0.0913 -0.9768 -0.1938
vn -0.5380 -0.8288 0.1538
vn -0.5247 -0.8498 0.0492
vn -0.2051 -0.9774 0.0517
vn -0.6771 -0.5028 0.5374
vn -0.4135 -0.8598 0.2998
vn -0.1536 -0.9312 0.3307
vn -0.9039 -0.2966 0.3083
vn -0.6448 -0.7207 0.2545
vn -0.5978 -0.7586 0.2592
vn -0.6448 0.7207 0.2545
vn -0.9039 0.2966 0.3083
vn -0.8353 0.3785 0.3987
vn 0.2051 0.9773 0.0539
vn -0.0575 0.9824 0.1779
vn 0.2773 0.9425 0.1866
vn -0.5247 0.8499 0.0492
vn -0.5377 0.8290 0.1538
vn -0.4070 0.8998 0.1571
vn -0.4152 0.8921 -0.1779
vn -0.4612 0.8853 -0.0599
vn -0.0467 0.9965 -0.0697
vn -0.9758 -0.2090 0.0644
vn -0.8271 -0.5588 0.0601
vn -0.8015 -0.5691 0.1837
vn -0.9490 -0.2692 -0.1641
vn -0.7384 -0.6608 -0.1342
vn -0.7734 -0.6324 -0.0439
vn -0.7384 0.6608 -0.1342
vn -0.9490 0.2692 -0.1641
vn -0.9670 0.2493 -0.0530
vn 0.9856 -0.1626 -0.0460
vn 0.8905 -0.4526 -0.0473
vn 0.9164 -0.3800 -0.1254
vn 0.7624 -0.5392 0.3577
vn 0.3433 -0.9184 0.1967
vn 0.7713 -0.6306 0.0865
vn 0.3433 0.9184 0.1967
vn 0.7624 0.5392 0.3577
vn 0.9627 0.2482 0.1076
vn 0.8905 0.4526 -0.0473
vn 0.9856 0.1626 -0.0460
vn 0.9841 0.1306 -0.1203
vn -0.8271 0.5588 0.0601
vn -0.9758 0.2090 0.0644
vn -0.9566 0.2119 0.2003
vn 0.4565 0.8725 -0.1739
vn 0.3924 0.9176 -0.0636
vn 0.6704 0.7404 -0.0495
vn -0.4137 0.8595 0.3000
vn -0.6771 0.5028 0.5374
vn -0.2989 0.6469 0.7015
vn -0.0574 -0.9824 0.1779
vn 0.2051 -0.9773 0.0539
vn 0.5336 -0.8440 0.0537
vn 0.6720 -0.6799 -0.2936
vn 0.8913 -0.2801 -0.3566
vn 0.9657 -0.1584 -0.2058
vn -0.8015 0.5691 0.1836
vn 0.7712 0.6306 0.0865
vn 0.9841 -0.1307 -0.1203
vn -0.9566 -0.2115 0.2004
vn -0.5978 0.7586 0.2592
vn -0.8354 -0.3783 0.3987
vn -0.2988 -0.6470 0.7015
vn -0.4071 -0.8998 0.1572
vn 0.9657 0.1584 -0.2058
vn -0.4153 -0.8921 -0.1779
vn -0.5377 -0.8290 0.1538
vn -0.6771 -0.5028 0.5373
vn -0.4138 -0.8595 0.3000
vn -0.9039 -0.2965 0.3083
vn -0.6451 0.7204 0.2546
vn -0.9039 0.2965 0.3083
vn -0.4070 0.8998 0.1572
vn -0.4153 0.8921 -0.1779
vn 0.7712 -0.6307 0.0865
vn -0.6771 0.5028 0.5373
vn -0.2988 0.6472 0.7013
vn -0.9354 -0.2915 0.2002
vn -0.8509 0.4988 0.1649
vn 0.8718 0.4255 -0.2428
vn -0.9476 0.2774 0.1582
vn 0.9815 -0.1801 0.0656
vn 0.2929 0.9521 -0.0885
vn -0.6672 0.7403 -0.0823
vn 0.8044 -0.2827 -0.5225
vn -0.2804 0.4221 0.8621
vn -0.9690 0.1086 0.2219
vn -0.9329 0.2994 0.2003
vn 0.7947 0.2871 0.5347
vn -0.6646 -0.7071 0.2416
vn 0.5304 -0.8005 0.2792
vn 0.6604 -0.7144 -0.2315
vn 0.1532 -0.8390 -0.5221
vn 0.7356 -0.5768 -0.3552
vn 0.8861 0.2161 -0.4101
vn 0.8069 0.2759 -0.5222
vn 0.4879 0.8331 -0.2606
vn 0.8680 -0.4330 -0.2430
vn 0.8322 -0.5227 0.1850
vn 0.8368 0.5154 0.1848
vn 0.9616 0.1854 0.2025
vn -0.9499 -0.2695 0.1581
vn -0.9846 0.0949 0.1467
vn 0.9041 0.4198 -0.0798
vn 0.6351 0.3605 -0.6831
vn 0.2695 0.4474 -0.8527
vn -0.8177 -0.4710 0.3309
vn -0.9034 -0.1776 0.3902
vn -0.9699 -0.1006 0.2219
vn 0.9187 -0.3777 -0.1153
vn 0.8103 0.5813 -0.0742
vn -0.8674 0.4865 0.1044
vn 0.9481 0.3106 -0.0681
vn 0.8390 0.5419 0.0494
vn -0.3800 0.9246 0.0277
vn -0.6973 0.6990 0.1588
vn -0.4941 -0.8636 0.1001
vn 0.1596 -0.9563 -0.2448
vn 0.9187 0.3777 -0.1153
vn -0.6814 0.7139 -0.1614
vn 0.3870 -0.7276 -0.5665
vn 0.5489 -0.8287 -0.1098
vn 0.8103 -0.5813 -0.0742
vn -0.6316 -0.7694 0.0949
vn -0.6156 -0.7875 0.0303
vn -0.3802 -0.9245 0.0278
vn -0.8016 -0.5836 0.1297
vn -0.6973 -0.6990 0.1588
vn -0.8016 0.5836 0.1297
vn -0.9538 0.2472 0.1709
vn -0.6155 0.7875 0.0303
vn -0.6316 0.7695 0.0949
vn -0.4944 0.8634 0.1002
vn -0.8674 -0.4865 0.1044
vn -0.8397 -0.5425 -0.0250
vn -0.8141 0.5756 -0.0777
vn 0.9481 -0.3106 -0.0681
vn 0.5489 0.8287 -0.1098
vn 0.6798 0.5574 -0.4767
vn 0.8551 0.4536 0.2510
vn -0.6798 0.5573 0.4767
vn -0.8551 0.4536 -0.2510
vn -0.6413 -0.6853 0.3451
vn -0.6414 0.6853 -0.3451
vn -0.7185 0.6891 0.0944
vn 0.3204 0.9381 0.1314
vn 0.2634 0.8721 -0.4125
vn -0.7185 -0.6891 -0.0944
vn 0.3204 -0.9381 -0.1314
vn 0.2634 -0.8721 0.4125
vn -0.9417 -0.1359 -0.3079
vn -0.9815 -0.1601 0.1051
vn -0.8919 0.4444 0.0845
vn -0.8344 -0.1671 0.5252
vn 0.4435 -0.2772 0.8523
vn 0.2959 0.7063 0.6431
vn 0.9417 -0.1359 0.3079
vn 0.9815 -0.1601 -0.1051
vn 0.8919 0.4444 -0.0845
vn 0.8344 -0.1671 -0.5252
vn -0.4435 -0.2772 -0.8523
vn -0.2959 0.7063 -0.6431
vn -0.4048 0.3095 -0.8604
vn -0.8021 0.2150 -0.5571
vn -0.6798 0.5573 -0.4767
vn -0.3679 -0.6559 -0.6591
vn -0.7694 -0.4484 -0.4549
vn -0.8344 -0.1671 -0.5252
vn 0.7694 -0.4484 -0.4549
vn 0.3679 -0.6560 -0.6590
vn 0.4435 -0.2772 -0.8523
vn 0.9851 0.1437 -0.0943
vn 0.9456 0.1655 -0.2802
vn 0.8551 0.4536 -0.2510
vn 0.9064 -0.4093 -0.1041
vn 0.8700 -0.3890 -0.3029
vn 0.9417 -0.1359 -0.3079
vn 0.8700 -0.3891 0.3028
vn 0.9064 -0.4093 0.1041
vn 0.9815 -0.1601 0.1051
vn 0.4048 0.3095 0.8604
vn 0.8022 0.2150 0.5571
vn 0.6798 0.5574 0.4767
vn 0.3679 -0.6560 0.6590
vn 0.7694 -0.4484 0.4549
vn 0.8344 -0.1671 0.5252
vn -0.7694 -0.4484 0.4549
vn -0.3679 -0.6560 0.6591
vn -0.4435 -0.2772 0.8523
vn -0.9851 0.1437 0.0943
vn -0.9456 0.1655 0.2802
vn -0.8551 0.4536 0.2510
vn -0.9064 -0.4093 0.1041
vn -0.8700 -0.3891 0.3028
vn -0.9417 -0.1359 0.3079
vn -0.8700 -0.3890 -0.3029
vn -0.9064 -0.4093 -0.1041
vn -0.9815 -0.1601 -0.1051
vn 0.2918 -0.9452 0.1464
vn 0.6819 -0.7216 0.1199
vn 0.6413 -0.6853 0.3451
vn 0.3191 -0.8711 -0.3734
vn 0.7147 -0.6438 -0.2733
vn 0.7185 -0.6891 -0.0944
vn -0.7147 -0.6438 -0.2733
vn -0.3191 -0.8711 -0.3734
vn -0.3204 -0.9381 -0.1314
vn 0.2918 0.9452 -0.1464
vn 0.6819 0.7216 -0.1199
vn 0.6413 0.6853 -0.3451
vn 0.3191 0.8711 0.3734
vn 0.7147 0.6438 0.2734
vn 0.7185 0.6891 0.0944
vn -0.7147 0.6438 0.2734
vn -0.3191 0.8711 0.3734
vn -0.3204 0.9381 0.1314
vn -0.6819 0.7216 -0.1199
vn -0.2918 0.9452 -0.1464
vn -0.2634 0.8721 -0.4125
vn -0.6819 -0.7216 0.1199
vn -0.2918 -0.9452 0.1464
vn -0.2634 -0.8721 0.4125
vn -0.9456 0.1655 -0.2802
vn -0.9851 0.1437 -0.0943
vn -0.8919 0.4444 -0.0845
vn -0.8021 0.2150 0.5571
vn -0.4048 0.3095 0.8604
vn -0.2959 0.7063 0.6431
vn 0.9456 0.1655 0.2802
vn 0.9851 0.1437 0.0943
vn 0.8919 0.4444 0.0845
vn 0.8021 0.2150 -0.5571
vn 0.4048 0.3095 -0.8604
vn 0.2959 0.7063 -0.6431
vn -0.6798 0.5574 0.4767
vn -0.8551 0.4536 -0.2509
vn -0.6413 0.6853 -0.3451
vn -0.9815 -0.1602 0.1051
vn -0.8919 0.4443 0.0845
vn 0.9815 -0.1602 -0.1051
vn 0.8919 0.4443 -0.0844
vn 0.8344 -0.1670 -0.5252
vn -0.8022 0.2150 -0.5571
vn -0.6798 0.5574 -0.4767
vn -0.3679 -0.6560 -0.6591
vn -0.7695 -0.4483 -0.4549
vn 0.3679 -0.6560 -0.6591
vn 0.9065 -0.4093 0.1041
vn 0.9815 -0.1602 0.1051
vn 0.8021 0.2150 0.5571
vn 0.3679 -0.6560 0.6591
vn 0.8344 -0.1670 0.5252
vn -0.7695 -0.4484 0.4549
vn -0.8551 0.4536 0.2509
vn -0.8700 -0.3890 0.3029
vn -0.9815 -0.1602 -0.1051
vn -0.7147 0.6438 0.2733
vn -0.6819 0.7215 -0.1199
vn -0.6819 -0.7215 0.1199
vn -0.8919 0.4443 -0.0845
vn -0.8022 0.2149 0.5571
vn 0.8919 0.4443 0.0844
vn 0.8988 -0.4090 -0.1581
vn -0.1536 0.9312 0.3307
vn 0.9165 0.3800 -0.1254
vn -0.9566 -0.2119 0.2002
vn -0.8353 -0.3785 0.3987
vn 0.8988 0.4090 -0.1581
vn 0.4565 -0.8725 -0.1739
vn -0.5247 -0.8499 0.0492
vn -0.9039 -0.2966 0.3084
vn -0.6449 -0.7207 0.2544
vn -0.6449 0.7207 0.2545
vn -0.9039 0.2966 0.3084
vn 0.2772 0.9425 0.1866
vn -0.7384 -0.6609 -0.1343
vn -0.7384 0.6609 -0.1343
vn 0.9165 -0.3800 -0.1254
vn 0.8905 0.4525 -0.0473
vn -0.9566 0.2119 0.2002
vn 0.3923 0.9176 -0.0636
vn -0.4138 0.8595 0.3000
vn 0.9657 -0.1583 -0.2058
vn 0.7342 0.6668 -0.1279
vn -0.6770 -0.5028 0.5374
vn -0.0467 0.9965 -0.0696
vn 0.7712 -0.6306 0.0865
vn 0.9841 0.1307 -0.1203
vn -0.4137 0.8596 0.3000
vn -0.6770 0.5028 0.5374
vt 0.108314 0.046629
vt 0.138975 0.077290
vt 0.108314 0.077290
vt 0.108314 0.107951
vt 0.138975 0.138612
vt 0.108314 0.138612
vt 0.138975 0.169274
vt 0.108314 0.199935
vt 0.108314 0.169274
vt 0.138975 0.230596
vt 0.108314 0.261257
vt 0.108314 0.230596
vt 0.046991 0.169274
vt 0.077652 0.199935
vt 0.046991 0.199935
vt 0.169636 0.169274
vt 0.200297 0.199935
vt 0.169636 0.199935
vt 0.138975 0.199935
vt 0.200297 0.138612
vt 0.169636 0.138612
vt 0.016330 0.199935
vt 0.016330 0.169274
vt 0.016330 0.138612
vt 0.077652 0.138612
vt 0.046991 0.138612
vt 0.077652 0.261257
vt 0.077652 0.230596
vt 0.077652 0.169274
vt 0.077652 0.107951
vt 0.077652 0.077290
vt 0.138975 0.107951
vt 0.077652 0.046629
vt 0.077652 0.015968
vt 0.138975 0.015968
vt 0.108314 0.015968
vt 0.279310 0.156121
vt 0.294640 0.171451
vt 0.279310 0.171451
vt 0.279310 0.217443
vt 0.294640 0.232774
vt 0.279310 0.232774
vt 0.294640 0.278765
vt 0.279310 0.294096
vt 0.279310 0.278765
vt 0.294640 0.340088
vt 0.279310 0.355418
vt 0.279310 0.340088
vt 0.217987 0.278765
vt 0.233318 0.294096
vt 0.217987 0.294096
vt 0.340632 0.278765
vt 0.355963 0.294096
vt 0.340632 0.294096
vt 0.325301 0.278765
vt 0.309971 0.294096
vt 0.309971 0.278765
vt 0.309971 0.248104
vt 0.325301 0.263435
vt 0.309971 0.263435
vt 0.355963 0.248104
vt 0.340632 0.263435
vt 0.340632 0.248104
vt 0.202657 0.278765
vt 0.187326 0.294096
vt 0.187326 0.278765
vt 0.187326 0.248104
vt 0.202657 0.263435
vt 0.187326 0.263435
vt 0.233318 0.248104
vt 0.217987 0.263435
vt 0.217987 0.248104
vt 0.263979 0.340088
vt 0.248649 0.355418
vt 0.248649 0.340088
vt 0.263979 0.309427
vt 0.248649 0.324757
vt 0.248649 0.309427
vt 0.294640 0.309427
vt 0.279310 0.324757
vt 0.279310 0.309427
vt 0.263979 0.278765
vt 0.248649 0.294096
vt 0.248649 0.278765
vt 0.248649 0.248104
vt 0.263979 0.263435
vt 0.248649 0.263435
vt 0.279310 0.248104
vt 0.294640 0.263435
vt 0.279310 0.263435
vt 0.248649 0.217443
vt 0.263979 0.232774
vt 0.248649 0.232774
vt 0.248649 0.186782
vt 0.263979 0.202113
vt 0.248649 0.202113
vt 0.279310 0.186782
vt 0.294640 0.202113
vt 0.279310 0.202113
vt 0.248649 0.156121
vt 0.263979 0.171451
vt 0.248649 0.171451
vt 0.263979 0.125460
vt 0.248649 0.140790
vt 0.248649 0.125460
vt 0.294640 0.125460
vt 0.279310 0.140790
vt 0.279310 0.125460
vt 0.263979 0.140790
vt 0.279310 0.110129
vt 0.263979 0.110129
vt 0.294640 0.110129
vt 0.233318 0.125460
vt 0.233318 0.140790
vt 0.233318 0.110129
vt 0.248649 0.110129
vt 0.233318 0.171451
vt 0.233318 0.156121
vt 0.263979 0.156121
vt 0.263979 0.186782
vt 0.294640 0.186782
vt 0.233318 0.186782
vt 0.233318 0.202113
vt 0.233318 0.232774
vt 0.233318 0.217443
vt 0.263979 0.217443
vt 0.263979 0.248104
vt 0.294640 0.248104
vt 0.233318 0.263435
vt 0.233318 0.278765
vt 0.263979 0.324757
vt 0.263979 0.294096
vt 0.294640 0.294096
vt 0.233318 0.309427
vt 0.233318 0.324757
vt 0.233318 0.355418
vt 0.233318 0.340088
vt 0.202657 0.248104
vt 0.217987 0.232774
vt 0.202657 0.232774
vt 0.171996 0.248104
vt 0.171996 0.263435
vt 0.171996 0.232774
vt 0.187326 0.232774
vt 0.171996 0.294096
vt 0.171996 0.278765
vt 0.325301 0.248104
vt 0.340632 0.232774
vt 0.325301 0.232774
vt 0.355963 0.232774
vt 0.309971 0.232774
vt 0.325301 0.294096
vt 0.355963 0.278765
vt 0.202657 0.294096
vt 0.263979 0.355418
vt 0.294640 0.324757
vt 0.294640 0.217443
vt 0.294640 0.156121
vt 0.451395 0.236040
vt 0.420733 0.266701
vt 0.420733 0.236040
vt 0.451395 0.297363
vt 0.420733 0.328024
vt 0.420733 0.297363
vt 0.420733 0.358685
vt 0.451395 0.389346
vt 0.420733 0.389346
vt 0.420733 0.420007
vt 0.451395 0.450668
vt 0.420733 0.450668
vt 0.359411 0.358685
vt 0.390072 0.389346
vt 0.359411 0.389346
vt 0.482056 0.358685
vt 0.512717 0.389346
vt 0.482056 0.389346
vt 0.451395 0.358685
vt 0.451395 0.328024
vt 0.512717 0.328024
vt 0.482056 0.328024
vt 0.328750 0.389346
vt 0.328750 0.358685
vt 0.328750 0.328024
vt 0.390072 0.328024
vt 0.359411 0.328024
vt 0.390072 0.450668
vt 0.390072 0.420007
vt 0.451395 0.420007
vt 0.390072 0.358685
vt 0.390072 0.297363
vt 0.390072 0.266701
vt 0.451395 0.266701
vt 0.390072 0.236040
vt 0.420733 0.205379
vt 0.390072 0.205379
vt 0.123644 0.341722
vt 0.138975 0.357053
vt 0.123644 0.357053
vt 0.138975 0.403044
vt 0.123644 0.418375
vt 0.123644 0.403044
vt 0.123644 0.464367
vt 0.138975 0.479697
vt 0.123644 0.479697
vt 0.123644 0.525689
vt 0.138975 0.541020
vt 0.123644 0.541020
vt 0.062322 0.464367
vt 0.077652 0.479697
vt 0.062322 0.479697
vt 0.200297 0.464367
vt 0.184966 0.479697
vt 0.184966 0.464367
vt 0.169636 0.464367
vt 0.154305 0.479697
vt 0.154305 0.464367
vt 0.154305 0.433706
vt 0.169636 0.449036
vt 0.154305 0.449036
vt 0.184966 0.433706
vt 0.200297 0.449036
vt 0.184966 0.449036
vt 0.031661 0.464367
vt 0.046991 0.479697
vt 0.031661 0.479697
vt 0.046991 0.433706
vt 0.031661 0.449036
vt 0.031661 0.433706
vt 0.077652 0.433706
vt 0.062322 0.449036
vt 0.062322 0.433706
vt 0.108314 0.525689
vt 0.092983 0.541020
vt 0.092983 0.525689
vt 0.108314 0.495028
vt 0.092983 0.510359
vt 0.092983 0.495028
vt 0.123644 0.495028
vt 0.138975 0.510359
vt 0.123644 0.510359
vt 0.108314 0.464367
vt 0.092983 0.479697
vt 0.092983 0.464367
vt 0.092983 0.433706
vt 0.108314 0.449036
vt 0.092983 0.449036
vt 0.138975 0.433706
vt 0.123644 0.449036
vt 0.123644 0.433706
vt 0.092983 0.403044
vt 0.108314 0.418375
vt 0.092983 0.418375
vt 0.092983 0.372383
vt 0.108314 0.387714
vt 0.092983 0.387714
vt 0.138975 0.372383
vt 0.123644 0.387714
vt 0.123644 0.372383
vt 0.108314 0.341722
vt 0.092983 0.357053
vt 0.092983 0.341722
vt 0.092983 0.311061
vt 0.108314 0.326392
vt 0.092983 0.326392
vt 0.138975 0.311061
vt 0.123644 0.326392
vt 0.123644 0.311061
vt 0.108314 0.311061
vt 0.123644 0.295730
vt 0.108314 0.295730
vt 0.138975 0.295730
vt 0.077652 0.311061
vt 0.077652 0.326392
vt 0.077652 0.295730
vt 0.092983 0.295730
vt 0.077652 0.357053
vt 0.077652 0.341722
vt 0.108314 0.372383
vt 0.108314 0.357053
vt 0.077652 0.372383
vt 0.077652 0.387714
vt 0.077652 0.403044
vt 0.077652 0.418375
vt 0.108314 0.403044
vt 0.108314 0.433706
vt 0.138975 0.418375
vt 0.077652 0.449036
vt 0.077652 0.464367
vt 0.108314 0.510359
vt 0.108314 0.479697
vt 0.138975 0.495028
vt 0.077652 0.510359
vt 0.077652 0.495028
vt 0.077652 0.541020
vt 0.077652 0.525689
vt 0.046991 0.449036
vt 0.062322 0.418375
vt 0.046991 0.418375
vt 0.016330 0.449036
vt 0.016330 0.433706
vt 0.031661 0.418375
vt 0.016330 0.418375
vt 0.016330 0.464367
vt 0.016330 0.479697
vt 0.046991 0.464367
vt 0.169636 0.433706
vt 0.169636 0.418375
vt 0.184966 0.418375
vt 0.200297 0.433706
vt 0.138975 0.449036
vt 0.154305 0.418375
vt 0.138975 0.464367
vt 0.169636 0.479697
vt 0.108314 0.541020
vt 0.138975 0.525689
vt 0.138975 0.387714
vt 0.138975 0.341722
vt 0.613592 0.780416
vt 0.598261 0.795747
vt 0.598261 0.780416
vt 0.598261 0.841738
vt 0.613592 0.857069
vt 0.598261 0.857069
vt 0.598261 0.903061
vt 0.613592 0.918391
vt 0.598261 0.918391
vt 0.598261 0.964383
vt 0.613592 0.979714
vt 0.598261 0.979714
vt 0.536939 0.903061
vt 0.552269 0.918391
vt 0.536939 0.918391
vt 0.659583 0.903061
vt 0.674914 0.918391
vt 0.659583 0.918391
vt 0.644253 0.903061
vt 0.628922 0.918391
vt 0.628922 0.903061
vt 0.628922 0.872400
vt 0.644253 0.887730
vt 0.628922 0.887730
vt 0.674914 0.872400
vt 0.659583 0.887730
vt 0.659583 0.872400
vt 0.521608 0.903061
vt 0.506278 0.918391
vt 0.506278 0.903061
vt 0.506278 0.872400
vt 0.521608 0.887730
vt 0.506278 0.887730
vt 0.552269 0.872400
vt 0.536939 0.887730
vt 0.536939 0.872400
vt 0.582930 0.964383
vt 0.567600 0.979714
vt 0.567600 0.964383
vt 0.567600 0.933722
vt 0.582930 0.949053
vt 0.567600 0.949053
vt 0.613592 0.933722
vt 0.598261 0.949053
vt 0.598261 0.933722
vt 0.567600 0.903061
vt 0.582930 0.918391
vt 0.567600 0.918391
vt 0.582930 0.872400
vt 0.567600 0.887730
vt 0.567600 0.872400
vt 0.613592 0.872400
vt 0.598261 0.887730
vt 0.598261 0.872400
vt 0.582930 0.841738
vt 0.567600 0.857069
vt 0.567600 0.841738
vt 0.567600 0.811077
vt 0.582930 0.826408
vt 0.567600 0.826408
vt 0.613592 0.811077
vt 0.598261 0.826408
vt 0.598261 0.811077
vt 0.582930 0.780416
vt 0.567600 0.795747
vt 0.567600 0.780416
vt 0.567600 0.749755
vt 0.582930 0.765086
vt 0.567600 0.765086
vt 0.598261 0.749755
vt 0.613592 0.765086
vt 0.598261 0.765086
vt 0.582930 0.749755
vt 0.582930 0.734424
vt 0.598261 0.734424
vt 0.613592 0.749755
vt 0.552269 0.765086
vt 0.552269 0.749755
vt 0.567600 0.734424
vt 0.552269 0.734424
vt 0.552269 0.780416
vt 0.552269 0.795747
vt 0.582930 0.811077
vt 0.582930 0.795747
vt 0.613592 0.795747
vt 0.552269 0.811077
vt 0.552269 0.826408
vt 0.552269 0.857069
vt 0.552269 0.841738
vt 0.582930 0.887730
vt 0.582930 0.857069
vt 0.552269 0.887730
vt 0.552269 0.903061
vt 0.582930 0.903061
vt 0.582930 0.933722
vt 0.552269 0.933722
vt 0.552269 0.949053
vt 0.552269 0.979714
vt 0.552269 0.964383
vt 0.521608 0.872400
vt 0.536939 0.857069
vt 0.521608 0.857069
vt 0.490947 0.872400
vt 0.490947 0.887730
vt 0.490947 0.857069
vt 0.506278 0.857069
vt 0.490947 0.918391
vt 0.490947 0.903061
vt 0.644253 0.872400
vt 0.659583 0.857069
vt 0.644253 0.857069
vt 0.674914 0.857069
vt 0.613592 0.887730
vt 0.628922 0.857069
vt 0.613592 0.903061
vt 0.644253 0.918391
vt 0.674914 0.903061
vt 0.521608 0.918391
vt 0.582930 0.979714
vt 0.613592 0.964383
vt 0.613592 0.841738
vt 0.918391 0.780416
vt 0.903061 0.795747
vt 0.903061 0.780416
vt 0.903061 0.841739
vt 0.918391 0.857069
vt 0.903061 0.857069
vt 0.918391 0.903061
vt 0.903061 0.918391
vt 0.903061 0.903061
vt 0.903061 0.964383
vt 0.918391 0.979714
vt 0.903061 0.979714
vt 0.841739 0.903061
vt 0.857069 0.918391
vt 0.841739 0.918391
vt 0.964383 0.903061
vt 0.979714 0.918391
vt 0.964383 0.918391
vt 0.949053 0.903061
vt 0.933722 0.918391
vt 0.933722 0.903061
vt 0.933722 0.872400
vt 0.949053 0.887730
vt 0.933722 0.887730
vt 0.979714 0.872400
vt 0.964383 0.887730
vt 0.964383 0.872400
vt 0.811077 0.903061
vt 0.826408 0.918391
vt 0.811077 0.918391
vt 0.826408 0.872400
vt 0.811077 0.887730
vt 0.811077 0.872400
vt 0.857069 0.872400
vt 0.841739 0.887730
vt 0.841739 0.872400
vt 0.887730 0.964383
vt 0.872400 0.979714
vt 0.872400 0.964383
vt 0.887730 0.933722
vt 0.872400 0.949053
vt 0.872400 0.933722
vt 0.918391 0.933722
vt 0.903061 0.949053
vt 0.903061 0.933722
vt 0.887730 0.903061
vt 0.872400 0.918391
vt 0.872400 0.903061
vt 0.887730 0.872400
vt 0.872400 0.887730
vt 0.872400 0.872400
vt 0.903061 0.872400
vt 0.918391 0.887730
vt 0.903061 0.887730
vt 0.872400 0.841739
vt 0.887730 0.857069
vt 0.872400 0.857069
vt 0.872400 0.811077
vt 0.887730 0.826408
vt 0.872400 0.826408
vt 0.903061 0.811077
vt 0.918391 0.826408
vt 0.903061 0.826408
vt 0.872400 0.780416
vt 0.887730 0.795747
vt 0.872400 0.795747
vt 0.887730 0.749755
vt 0.872400 0.765086
vt 0.872400 0.749755
vt 0.903061 0.749755
vt 0.918391 0.765086
vt 0.903061 0.765086
vt 0.887730 0.765086
vt 0.887730 0.734424
vt 0.903061 0.734424
vt 0.918391 0.749755
vt 0.857069 0.765086
vt 0.857069 0.749755
vt 0.872400 0.734424
vt 0.857069 0.734424
vt 0.857069 0.780416
vt 0.857069 0.795747
vt 0.887730 0.780416
vt 0.887730 0.811077
vt 0.918391 0.795747
vt 0.857069 0.811077
vt 0.857069 0.826408
vt 0.857069 0.841739
vt 0.857069 0.857069
vt 0.887730 0.841739
vt 0.887730 0.887730
vt 0.918391 0.872400
vt 0.857069 0.887730
vt 0.857069 0.903061
vt 0.887730 0.949053
vt 0.887730 0.918391
vt 0.918391 0.918391
vt 0.857069 0.949053
vt 0.857069 0.933722
vt 0.857069 0.979714
vt 0.857069 0.964383
vt 0.826408 0.887730
vt 0.841739 0.857069
vt 0.826408 0.857069
vt 0.795747 0.872400
vt 0.795747 0.887730
vt 0.795747 0.857069
vt 0.811077 0.857069
vt 0.795747 0.918391
vt 0.795747 0.903061
vt 0.826408 0.903061
vt 0.949053 0.872400
vt 0.964383 0.857069
vt 0.949053 0.857069
vt 0.979714 0.857069
vt 0.933722 0.857069
vt 0.949053 0.918391
vt 0.979714 0.903061
vt 0.887730 0.979714
vt 0.918391 0.949053
vt 0.918391 0.841739
vt 0.295729 0.439694
vt 0.280398 0.455024
vt 0.280398 0.439694
vt 0.295729 0.501016
vt 0.280398 0.516346
vt 0.280398 0.501016
vt 0.280398 0.562338
vt 0.295729 0.577669
vt 0.280398 0.577669
vt 0.280398 0.623661
vt 0.295729 0.638991
vt 0.280398 0.638991
vt 0.219076 0.562338
vt 0.234407 0.577669
vt 0.219076 0.577669
vt 0.341721 0.562338
vt 0.357051 0.577669
vt 0.341721 0.577669
vt 0.326390 0.562338
vt 0.311060 0.577669
vt 0.311060 0.562338
vt 0.311060 0.531677
vt 0.326390 0.547008
vt 0.311060 0.547008
vt 0.357051 0.531677
vt 0.341721 0.547008
vt 0.341721 0.531677
vt 0.203745 0.562338
vt 0.188415 0.577669
vt 0.188415 0.562338
vt 0.188415 0.531677
vt 0.203745 0.547008
vt 0.188415 0.547008
vt 0.234407 0.531677
vt 0.219076 0.547008
vt 0.219076 0.531677
vt 0.249737 0.623661
vt 0.265068 0.638991
vt 0.249737 0.638991
vt 0.249737 0.592999
vt 0.265068 0.608330
vt 0.249737 0.608330
vt 0.280398 0.592999
vt 0.295729 0.608330
vt 0.280398 0.608330
vt 0.249737 0.562338
vt 0.265068 0.577669
vt 0.249737 0.577669
vt 0.265068 0.531677
vt 0.249737 0.547008
vt 0.249737 0.531677
vt 0.295729 0.531677
vt 0.280398 0.547008
vt 0.280398 0.531677
vt 0.265068 0.501016
vt 0.249737 0.516346
vt 0.249737 0.501016
vt 0.265068 0.470355
vt 0.249737 0.485685
vt 0.249737 0.470355
vt 0.295729 0.470355
vt 0.280398 0.485685
vt 0.280398 0.470355
vt 0.265068 0.439694
vt 0.249737 0.455024
vt 0.249737 0.439694
vt 0.249737 0.409032
vt 0.265068 0.424363
vt 0.249737 0.424363
vt 0.280398 0.409032
vt 0.295729 0.424363
vt 0.280398 0.424363
vt 0.265068 0.409032
vt 0.265068 0.393702
vt 0.280398 0.393702
vt 0.295729 0.409032
vt 0.234407 0.424363
vt 0.234407 0.409032
vt 0.234407 0.393702
vt 0.249737 0.393702
vt 0.234407 0.455024
vt 0.234407 0.439694
vt 0.265068 0.485685
vt 0.265068 0.455024
vt 0.295729 0.455024
vt 0.234407 0.485685
vt 0.234407 0.470355
vt 0.234407 0.516346
vt 0.234407 0.501016
vt 0.265068 0.547008
vt 0.265068 0.516346
vt 0.295729 0.516346
vt 0.234407 0.547008
vt 0.234407 0.562338
vt 0.265068 0.562338
vt 0.265068 0.592999
vt 0.295729 0.592999
vt 0.234407 0.592999
vt 0.234407 0.608330
vt 0.234407 0.623661
vt 0.234407 0.638991
vt 0.265068 0.623661
vt 0.203745 0.531677
vt 0.203745 0.516346
vt 0.219076 0.516346
vt 0.173084 0.531677
vt 0.173084 0.547008
vt 0.173084 0.516346
vt 0.188415 0.516346
vt 0.173084 0.577669
vt 0.173084 0.562338
vt 0.326390 0.531677
vt 0.326390 0.516346
vt 0.357051 0.516346
vt 0.341721 0.516346
vt 0.295729 0.547008
vt 0.311060 0.516346
vt 0.295729 0.562338
vt 0.326390 0.577669
vt 0.357051 0.562338
vt 0.203745 0.577669
vt 0.295729 0.623661
vt 0.295729 0.485685
vt 0.590641 0.061959
vt 0.605972 0.077290
vt 0.590641 0.077290
vt 0.590641 0.123282
vt 0.605972 0.138612
vt 0.590641 0.138612
vt 0.590641 0.184604
vt 0.605972 0.199935
vt 0.590641 0.199935
vt 0.590641 0.245926
vt 0.605972 0.261257
vt 0.590641 0.261257
vt 0.529319 0.184604
vt 0.544649 0.199935
vt 0.529319 0.199935
vt 0.651963 0.184604
vt 0.667294 0.199935
vt 0.651963 0.199935
vt 0.636633 0.184604
vt 0.621302 0.199935
vt 0.621302 0.184604
vt 0.621302 0.153943
vt 0.636633 0.169274
vt 0.621302 0.169274
vt 0.667294 0.153943
vt 0.651963 0.169274
vt 0.651963 0.153943
vt 0.513988 0.184604
vt 0.498658 0.199935
vt 0.498658 0.184604
vt 0.498658 0.153943
vt 0.513988 0.169274
vt 0.498658 0.169274
vt 0.544649 0.153943
vt 0.529319 0.169274
vt 0.529319 0.153943
vt 0.575310 0.245926
vt 0.559980 0.261257
vt 0.559980 0.245926
vt 0.575310 0.215265
vt 0.559980 0.230596
vt 0.559980 0.215265
vt 0.605972 0.215265
vt 0.590641 0.230596
vt 0.590641 0.215265
vt 0.559980 0.184604
vt 0.575310 0.199935
vt 0.559980 0.199935
vt 0.575310 0.153943
vt 0.559980 0.169274
vt 0.559980 0.153943
vt 0.605972 0.153943
vt 0.590641 0.169274
vt 0.590641 0.153943
vt 0.575310 0.123282
vt 0.559980 0.138612
vt 0.559980 0.123282
vt 0.559980 0.092621
vt 0.575310 0.107951
vt 0.559980 0.107951
vt 0.590641 0.092621
vt 0.605972 0.107951
vt 0.590641 0.107951
vt 0.575310 0.061959
vt 0.559980 0.077290
vt 0.559980 0.061959
vt 0.559980 0.031298
vt 0.575310 0.046629
vt 0.559980 0.046629
vt 0.590641 0.031298
vt 0.605972 0.046629
vt 0.590641 0.046629
vt 0.575310 0.031298
vt 0.575310 0.015968
vt 0.605972 0.015968
vt 0.590641 0.015968
vt 0.544649 0.046629
vt 0.544649 0.031298
vt 0.559980 0.015968
vt 0.544649 0.015968
vt 0.544649 0.061959
vt 0.544649 0.077290
vt 0.575310 0.092621
vt 0.575310 0.077290
vt 0.544649 0.092621
vt 0.544649 0.107951
vt 0.544649 0.138612
vt 0.544649 0.123282
vt 0.575310 0.169274
vt 0.575310 0.138612
vt 0.544649 0.169274
vt 0.544649 0.184604
vt 0.575310 0.184604
vt 0.575310 0.230596
vt 0.544649 0.215265
vt 0.544649 0.230596
vt 0.544649 0.261257
vt 0.544649 0.245926
vt 0.513988 0.153943
vt 0.529319 0.138612
vt 0.513988 0.138612
vt 0.483327 0.153943
vt 0.483327 0.169274
vt 0.483327 0.138612
vt 0.498658 0.138612
vt 0.483327 0.199935
vt 0.483327 0.184604
vt 0.636633 0.153943
vt 0.651963 0.138612
vt 0.636633 0.138612
vt 0.667294 0.138612
vt 0.605972 0.169274
vt 0.621302 0.138612
vt 0.605972 0.184604
vt 0.636633 0.199935
vt 0.667294 0.184604
vt 0.513988 0.199935
vt 0.575310 0.261257
vt 0.605972 0.230596
vt 0.605972 0.123282
vt 0.907415 0.375468
vt 0.922746 0.390798
vt 0.907415 0.390798
vt 0.907415 0.436790
vt 0.922746 0.452121
vt 0.907415 0.452121
vt 0.907415 0.498112
vt 0.922746 0.513443
vt 0.907415 0.513443
vt 0.907415 0.559435
vt 0.922746 0.574765
vt 0.907415 0.574765
vt 0.846093 0.498112
vt 0.861423 0.513443
vt 0.846093 0.513443
vt 0.968737 0.498112
vt 0.984068 0.513443
vt 0.968737 0.513443
vt 0.953407 0.498112
vt 0.938076 0.513443
vt 0.938076 0.498112
vt 0.938076 0.467451
vt 0.953407 0.482782
vt 0.938076 0.482782
vt 0.984068 0.467451
vt 0.968737 0.482782
vt 0.968737 0.467451
vt 0.830762 0.498112
vt 0.815432 0.513443
vt 0.815432 0.498112
vt 0.815432 0.467451
vt 0.830762 0.482782
vt 0.815432 0.482782
vt 0.861423 0.467451
vt 0.846093 0.482782
vt 0.846093 0.467451
vt 0.892085 0.559435
vt 0.876754 0.574765
vt 0.876754 0.559435
vt 0.892085 0.528774
vt 0.876754 0.544104
vt 0.876754 0.528774
vt 0.922746 0.528774
vt 0.907415 0.544104
vt 0.907415 0.528774
vt 0.876754 0.498112
vt 0.892085 0.513443
vt 0.876754 0.513443
vt 0.892085 0.467451
vt 0.876754 0.482782
vt 0.876754 0.467451
vt 0.922746 0.467451
vt 0.907415 0.482782
vt 0.907415 0.467451
vt 0.892085 0.436790
vt 0.876754 0.452121
vt 0.876754 0.436790
vt 0.876754 0.406129
vt 0.892085 0.421460
vt 0.876754 0.421460
vt 0.907415 0.406129
vt 0.922746 0.421460
vt 0.907415 0.421460
vt 0.892085 0.375468
vt 0.876754 0.390798
vt 0.876754 0.375468
vt 0.876754 0.344807
vt 0.892085 0.360137
vt 0.876754 0.360137
vt 0.907415 0.344807
vt 0.922746 0.360137
vt 0.907415 0.360137
vt 0.892085 0.344807
vt 0.892085 0.329476
vt 0.922746 0.329476
vt 0.907415 0.329476
vt 0.861423 0.360137
vt 0.861423 0.344807
vt 0.876754 0.329476
vt 0.861423 0.329476
vt 0.861423 0.375468
vt 0.861423 0.390798
vt 0.892085 0.406129
vt 0.892085 0.390798
vt 0.861423 0.406129
vt 0.861423 0.421460
vt 0.861423 0.452121
vt 0.861423 0.436790
vt 0.892085 0.482782
vt 0.892085 0.452121
vt 0.861423 0.482782
vt 0.861423 0.498112
vt 0.892085 0.498112
vt 0.892085 0.544104
vt 0.861423 0.528774
vt 0.861423 0.544104
vt 0.861423 0.574765
vt 0.861423 0.559435
vt 0.830762 0.467451
vt 0.846093 0.452121
vt 0.830762 0.452121
vt 0.800101 0.467451
vt 0.800101 0.482782
vt 0.800101 0.452121
vt 0.815432 0.452121
vt 0.800101 0.513443
vt 0.800101 0.498112
vt 0.953407 0.467451
vt 0.968737 0.452121
vt 0.953407 0.452121
vt 0.984068 0.452121
vt 0.922746 0.482782
vt 0.938076 0.452121
vt 0.922746 0.498112
vt 0.953407 0.513443
vt 0.984068 0.498112
vt 0.830762 0.513443
vt 0.892085 0.574765
vt 0.922746 0.544104
vt 0.922746 0.436790
vt 0.590641 0.467996
vt 0.605972 0.483327
vt 0.590641 0.483327
vt 0.590641 0.529319
vt 0.605972 0.544649
vt 0.590641 0.544649
vt 0.605972 0.590641
vt 0.590641 0.605972
vt 0.590641 0.590641
vt 0.605972 0.651963
vt 0.590641 0.667294
vt 0.590641 0.651963
vt 0.529319 0.590641
vt 0.544649 0.605972
vt 0.529319 0.605972
vt 0.651963 0.590641
vt 0.667294 0.605972
vt 0.651963 0.605972
vt 0.636633 0.590641
vt 0.621302 0.605972
vt 0.621302 0.590641
vt 0.621302 0.559980
vt 0.636633 0.575310
vt 0.621302 0.575310
vt 0.667294 0.559980
vt 0.651963 0.575310
vt 0.651963 0.559980
vt 0.513988 0.590641
vt 0.498658 0.605972
vt 0.498658 0.590641
vt 0.498658 0.559980
vt 0.513988 0.575310
vt 0.498658 0.575310
vt 0.544649 0.559980
vt 0.529319 0.575310
vt 0.529319 0.559980
vt 0.575310 0.651963
vt 0.559980 0.667294
vt 0.559980 0.651963
vt 0.575310 0.621302
vt 0.559980 0.636633
vt 0.559980 0.621302
vt 0.605972 0.621302
vt 0.590641 0.636633
vt 0.590641 0.621302
vt 0.575310 0.590641
vt 0.559980 0.605972
vt 0.559980 0.590641
vt 0.559980 0.559980
vt 0.575310 0.575310
vt 0.559980 0.575310
vt 0.590641 0.559980
vt 0.605972 0.575310
vt 0.590641 0.575310
vt 0.559980 0.529319
vt 0.575310 0.544649
vt 0.559980 0.544649
vt 0.559980 0.498658
vt 0.575310 0.513988
vt 0.559980 0.513988
vt 0.590641 0.498658
vt 0.605972 0.513988
vt 0.590641 0.513988
vt 0.559980 0.467996
vt 0.575310 0.483327
vt 0.559980 0.483327
vt 0.575310 0.437335
vt 0.559980 0.452666
vt 0.559980 0.437335
vt 0.605972 0.437335
vt 0.590641 0.452666
vt 0.590641 0.437335
vt 0.575310 0.452666
vt 0.590641 0.422005
vt 0.575310 0.422005
vt 0.605972 0.422005
vt 0.544649 0.437335
vt 0.544649 0.452666
vt 0.544649 0.422005
vt 0.559980 0.422005
vt 0.544649 0.483327
vt 0.544649 0.467996
vt 0.575310 0.467996
vt 0.575310 0.498658
vt 0.605972 0.498658
vt 0.544649 0.498658
vt 0.544649 0.513988
vt 0.544649 0.544649
vt 0.544649 0.529319
vt 0.575310 0.529319
vt 0.575310 0.559980
vt 0.605972 0.559980
vt 0.544649 0.575310
vt 0.544649 0.590641
vt 0.575310 0.636633
vt 0.575310 0.605972
vt 0.605972 0.605972
vt 0.544649 0.621302
vt 0.544649 0.636633
vt 0.544649 0.667294
vt 0.544649 0.651963
vt 0.513988 0.559980
vt 0.529319 0.544649
vt 0.513988 0.544649
vt 0.483327 0.559980
vt 0.483327 0.575310
vt 0.483327 0.544649
vt 0.498658 0.544649
vt 0.483327 0.605972
vt 0.483327 0.590641
vt 0.636633 0.559980
vt 0.651963 0.544649
vt 0.636633 0.544649
vt 0.667294 0.544649
vt 0.621302 0.544649
vt 0.636633 0.605972
vt 0.667294 0.590641
vt 0.513988 0.605972
vt 0.575310 0.667294
vt 0.605972 0.636633
vt 0.605972 0.529319
vt 0.605972 0.467996
vt 0.138975 0.621485
vt 0.123644 0.636815
vt 0.123644 0.621485
vt 0.123644 0.682807
vt 0.138975 0.698138
vt 0.123644 0.698138
vt 0.123644 0.744129
vt 0.138975 0.759460
vt 0.123644 0.759460
vt 0.123644 0.805452
vt 0.138975 0.820782
vt 0.123644 0.820782
vt 0.062322 0.744129
vt 0.077652 0.759460
vt 0.062322 0.759460
vt 0.184966 0.744129
vt 0.200297 0.759460
vt 0.184966 0.759460
vt 0.169636 0.744129
vt 0.154305 0.759460
vt 0.154305 0.744129
vt 0.154305 0.713468
vt 0.169636 0.728799
vt 0.154305 0.728799
vt 0.200297 0.713468
vt 0.184966 0.728799
vt 0.184966 0.713468
vt 0.046991 0.744129
vt 0.031661 0.759460
vt 0.031661 0.744129
vt 0.031661 0.713468
vt 0.046991 0.728799
vt 0.031661 0.728799
vt 0.077652 0.713468
vt 0.062322 0.728799
vt 0.062322 0.713468
vt 0.108314 0.805452
vt 0.092983 0.820782
vt 0.092983 0.805452
vt 0.092983 0.774791
vt 0.108314 0.790121
vt 0.092983 0.790121
vt 0.138975 0.774791
vt 0.123644 0.790121
vt 0.123644 0.774791
vt 0.092983 0.744129
vt 0.108314 0.759460
vt 0.092983 0.759460
vt 0.108314 0.713468
vt 0.092983 0.728799
vt 0.092983 0.713468
vt 0.138975 0.713468
vt 0.123644 0.728799
vt 0.123644 0.713468
vt 0.108314 0.682807
vt 0.092983 0.698138
vt 0.092983 0.682807
vt 0.092983 0.652146
vt 0.108314 0.667477
vt 0.092983 0.667477
vt 0.138975 0.652146
vt 0.123644 0.667477
vt 0.123644 0.652146
vt 0.108314 0.621485
vt 0.092983 0.636815
vt 0.092983 0.621485
vt 0.092983 0.590824
vt 0.108314 0.606154
vt 0.092983 0.606154
vt 0.123644 0.590824
vt 0.138975 0.606154
vt 0.123644 0.606154
vt 0.108314 0.590824
vt 0.108314 0.575493
vt 0.123644 0.575493
vt 0.138975 0.590824
vt 0.077652 0.606154
vt 0.077652 0.590824
vt 0.092983 0.575493
vt 0.077652 0.575493
vt 0.077652 0.621485
vt 0.077652 0.636815
vt 0.108314 0.652146
vt 0.108314 0.636815
vt 0.138975 0.636815
vt 0.077652 0.652146
vt 0.077652 0.667477
vt 0.077652 0.698138
vt 0.077652 0.682807
vt 0.108314 0.728799
vt 0.108314 0.698138
vt 0.077652 0.728799
vt 0.077652 0.744129
vt 0.108314 0.744129
vt 0.108314 0.774791
vt 0.077652 0.774791
vt 0.077652 0.790121
vt 0.077652 0.820782
vt 0.077652 0.805452
vt 0.046991 0.713468
vt 0.062322 0.698138
vt 0.046991 0.698138
vt 0.016330 0.713468
vt 0.016330 0.728799
vt 0.016330 0.698138
vt 0.031661 0.698138
vt 0.016330 0.759460
vt 0.016330 0.744129
vt 0.169636 0.713468
vt 0.184966 0.698138
vt 0.169636 0.698138
vt 0.200297 0.698138
vt 0.138975 0.728799
vt 0.154305 0.698138
vt 0.138975 0.744129
vt 0.169636 0.759460
vt 0.200297 0.744129
vt 0.046991 0.759460
vt 0.108314 0.820782
vt 0.138975 0.805452
vt 0.138975 0.682807
vt 0.745218 0.278585
vt 0.760549 0.293916
vt 0.745218 0.293916
vt 0.745218 0.339907
vt 0.760549 0.355238
vt 0.745218 0.355238
vt 0.745218 0.401230
vt 0.760549 0.416560
vt 0.745218 0.416560
vt 0.745218 0.462552
vt 0.760549 0.477883
vt 0.745218 0.477883
vt 0.683896 0.401230
vt 0.699226 0.416560
vt 0.683896 0.416560
vt 0.806540 0.401230
vt 0.821871 0.416560
vt 0.806540 0.416560
vt 0.791210 0.401230
vt 0.775879 0.416560
vt 0.775879 0.401230
vt 0.775879 0.370569
vt 0.791210 0.385899
vt 0.775879 0.385899
vt 0.821871 0.370569
vt 0.806540 0.385899
vt 0.806540 0.370569
vt 0.668565 0.401230
vt 0.653235 0.416560
vt 0.653235 0.401230
vt 0.653235 0.370569
vt 0.668565 0.385899
vt 0.653235 0.385899
vt 0.699226 0.370569
vt 0.683896 0.385899
vt 0.683896 0.370569
vt 0.729887 0.462552
vt 0.714557 0.477883
vt 0.714557 0.462552
vt 0.729887 0.431891
vt 0.714557 0.447221
vt 0.714557 0.431891
vt 0.760549 0.431891
vt 0.745218 0.447221
vt 0.745218 0.431891
vt 0.729887 0.401230
vt 0.714557 0.416560
vt 0.714557 0.401230
vt 0.714557 0.370569
vt 0.729887 0.385899
vt 0.714557 0.385899
vt 0.760549 0.370569
vt 0.745218 0.385899
vt 0.745218 0.370569
vt 0.729887 0.339907
vt 0.714557 0.355238
vt 0.714557 0.339907
vt 0.729887 0.309246
vt 0.714557 0.324577
vt 0.714557 0.309246
vt 0.760549 0.309246
vt 0.745218 0.324577
vt 0.745218 0.309246
vt 0.729887 0.278585
vt 0.714557 0.293916
vt 0.714557 0.278585
vt 0.714557 0.247924
vt 0.729887 0.263254
vt 0.714557 0.263254
vt 0.760549 0.247924
vt 0.745218 0.263254
vt 0.745218 0.247924
vt 0.729887 0.247924
vt 0.745218 0.232593
vt 0.729887 0.232593
vt 0.760549 0.232593
vt 0.699226 0.247924
vt 0.699226 0.263254
vt 0.699226 0.232593
vt 0.714557 0.232593
vt 0.699226 0.293916
vt 0.699226 0.278585
vt 0.729887 0.324577
vt 0.729887 0.293916
vt 0.699226 0.309246
vt 0.699226 0.324577
vt 0.699226 0.355238
vt 0.699226 0.339907
vt 0.729887 0.370569
vt 0.729887 0.355238
vt 0.699226 0.385899
vt 0.699226 0.401230
vt 0.729887 0.447221
vt 0.729887 0.416560
vt 0.699226 0.431891
vt 0.699226 0.447221
vt 0.699226 0.477883
vt 0.699226 0.462552
vt 0.668565 0.370569
vt 0.683896 0.355238
vt 0.668565 0.355238
vt 0.637904 0.370569
vt 0.637904 0.385899
vt 0.637904 0.355238
vt 0.653235 0.355238
vt 0.637904 0.416560
vt 0.637904 0.401230
vt 0.791210 0.370569
vt 0.806540 0.355238
vt 0.791210 0.355238
vt 0.821871 0.355238
vt 0.760549 0.385899
vt 0.775879 0.355238
vt 0.760549 0.401230
vt 0.791210 0.416560
vt 0.821871 0.401230
vt 0.668565 0.416560
vt 0.729887 0.477883
vt 0.760549 0.462552
vt 0.760549 0.339907
vt 0.760549 0.278585
vt 0.747395 0.562702
vt 0.762726 0.578033
vt 0.747395 0.578033
vt 0.747395 0.624024
vt 0.762726 0.639355
vt 0.747395 0.639355
vt 0.747395 0.685347
vt 0.762726 0.700677
vt 0.747395 0.700677
vt 0.747395 0.746669
vt 0.762726 0.762000
vt 0.747395 0.762000
vt 0.686073 0.685347
vt 0.701403 0.700677
vt 0.686073 0.700677
vt 0.808718 0.685347
vt 0.824048 0.700677
vt 0.808718 0.700677
vt 0.793387 0.685347
vt 0.778056 0.700677
vt 0.778056 0.685347
vt 0.778056 0.654686
vt 0.793387 0.670016
vt 0.778056 0.670016
vt 0.824048 0.654686
vt 0.808718 0.670016
vt 0.808718 0.654686
vt 0.670742 0.685347
vt 0.655412 0.700677
vt 0.655412 0.685347
vt 0.655412 0.654686
vt 0.670742 0.670016
vt 0.655412 0.670016
vt 0.701403 0.654686
vt 0.686073 0.670016
vt 0.686073 0.654686
vt 0.732065 0.746669
vt 0.716734 0.762000
vt 0.716734 0.746669
vt 0.732065 0.716008
vt 0.716734 0.731338
vt 0.716734 0.716008
vt 0.762726 0.716008
vt 0.747395 0.731338
vt 0.747395 0.716008
vt 0.732065 0.685347
vt 0.716734 0.700677
vt 0.716734 0.685347
vt 0.716734 0.654686
vt 0.732065 0.670016
vt 0.716734 0.670016
vt 0.762726 0.654686
vt 0.747395 0.670016
vt 0.747395 0.654686
vt 0.732065 0.624024
vt 0.716734 0.639355
vt 0.716734 0.624024
vt 0.732065 0.593363
vt 0.716734 0.608694
vt 0.716734 0.593363
vt 0.762726 0.593363
vt 0.747395 0.608694
vt 0.747395 0.593363
vt 0.732065 0.562702
vt 0.716734 0.578033
vt 0.716734 0.562702
vt 0.716734 0.532041
vt 0.732065 0.547372
vt 0.716734 0.547372
vt 0.762726 0.532041
vt 0.747395 0.547372
vt 0.747395 0.532041
vt 0.732065 0.532041
vt 0.747395 0.516710
vt 0.732065 0.516710
vt 0.762726 0.516710
vt 0.701403 0.532041
vt 0.701403 0.547372
vt 0.701403 0.516710
vt 0.716734 0.516710
vt 0.701403 0.578033
vt 0.701403 0.562702
vt 0.732065 0.608694
vt 0.732065 0.578033
vt 0.701403 0.593363
vt 0.701403 0.608694
vt 0.701403 0.639355
vt 0.701403 0.624024
vt 0.732065 0.654686
vt 0.732065 0.639355
vt 0.701403 0.670016
vt 0.701403 0.685347
vt 0.732065 0.731338
vt 0.732065 0.700677
vt 0.701403 0.716008
vt 0.701403 0.731338
vt 0.701403 0.762000
vt 0.701403 0.746669
vt 0.670742 0.654686
vt 0.686073 0.639355
vt 0.670742 0.639355
vt 0.640081 0.654686
vt 0.640081 0.670016
vt 0.640081 0.639355
vt 0.655412 0.639355
vt 0.640081 0.700677
vt 0.640081 0.685347
vt 0.793387 0.654686
vt 0.808718 0.639355
vt 0.793387 0.639355
vt 0.824048 0.639355
vt 0.762726 0.670016
vt 0.778056 0.639355
vt 0.762726 0.685347
vt 0.793387 0.700677
vt 0.824048 0.685347
vt 0.670742 0.700677
vt 0.732065 0.762000
vt 0.762726 0.746669
vt 0.762726 0.624024
vt 0.762726 0.562702
vt 0.434975 0.656319
vt 0.450306 0.671650
vt 0.434975 0.671650
vt 0.434975 0.717641
vt 0.450306 0.732972
vt 0.434975 0.732972
vt 0.434975 0.778964
vt 0.450306 0.794294
vt 0.434975 0.794294
vt 0.434975 0.840286
vt 0.450306 0.855617
vt 0.434975 0.855617
vt 0.373653 0.778964
vt 0.388984 0.794294
vt 0.373653 0.794294
vt 0.496298 0.778964
vt 0.511628 0.794294
vt 0.496298 0.794294
vt 0.480967 0.778964
vt 0.465637 0.794294
vt 0.465637 0.778964
vt 0.465637 0.748303
vt 0.480967 0.763633
vt 0.465637 0.763633
vt 0.511628 0.748303
vt 0.496298 0.763633
vt 0.496298 0.748303
vt 0.358323 0.778964
vt 0.342992 0.794294
vt 0.342992 0.778964
vt 0.342992 0.748303
vt 0.358323 0.763633
vt 0.342992 0.763633
vt 0.388984 0.748303
vt 0.373653 0.763633
vt 0.373653 0.748303
vt 0.419645 0.840286
vt 0.404314 0.855617
vt 0.404314 0.840286
vt 0.419645 0.809625
vt 0.404314 0.824955
vt 0.404314 0.809625
vt 0.450306 0.809625
vt 0.434975 0.824955
vt 0.434975 0.809625
vt 0.404314 0.778964
vt 0.419645 0.794294
vt 0.404314 0.794294
vt 0.419645 0.748303
vt 0.404314 0.763633
vt 0.404314 0.748303
vt 0.450306 0.748303
vt 0.434975 0.763633
vt 0.434975 0.748303
vt 0.419645 0.717641
vt 0.404314 0.732972
vt 0.404314 0.717641
vt 0.404314 0.686980
vt 0.419645 0.702311
vt 0.404314 0.702311
vt 0.434975 0.686980
vt 0.450306 0.702311
vt 0.434975 0.702311
vt 0.419645 0.656319
vt 0.404314 0.671650
vt 0.404314 0.656319
vt 0.404314 0.625658
vt 0.419645 0.640989
vt 0.404314 0.640989
vt 0.434975 0.625658
vt 0.450306 0.640989
vt 0.434975 0.640989
vt 0.419645 0.625658
vt 0.419645 0.610327
vt 0.450306 0.610327
vt 0.434975 0.610327
vt 0.388984 0.640989
vt 0.388984 0.625658
vt 0.404314 0.610327
vt 0.388984 0.610327
vt 0.388984 0.656319
vt 0.388984 0.671650
vt 0.419645 0.686980
vt 0.419645 0.671650
vt 0.388984 0.686980
vt 0.388984 0.702311
vt 0.388984 0.732972
vt 0.388984 0.717641
vt 0.419645 0.763633
vt 0.419645 0.732972
vt 0.388984 0.763633
vt 0.388984 0.778964
vt 0.419645 0.778964
vt 0.419645 0.824955
vt 0.388984 0.809625
vt 0.388984 0.824955
vt 0.388984 0.855617
vt 0.388984 0.840286
vt 0.358323 0.748303
vt 0.373653 0.732972
vt 0.358323 0.732972
vt 0.327661 0.748303
vt 0.327661 0.763633
vt 0.327661 0.732972
vt 0.342992 0.732972
vt 0.327661 0.794294
vt 0.327661 0.778964
vt 0.480967 0.748303
vt 0.496298 0.732972
vt 0.480967 0.732972
vt 0.511628 0.732972
vt 0.450306 0.763633
vt 0.465637 0.732972
vt 0.450306 0.778964
vt 0.480967 0.794294
vt 0.511628 0.778964
vt 0.358323 0.794294
vt 0.419645 0.855617
vt 0.450306 0.824955
vt 0.450306 0.717641
vt 0.868227 0.061959
vt 0.883557 0.077290
vt 0.868227 0.077290
vt 0.868227 0.123282
vt 0.883557 0.138612
vt 0.868227 0.138612
vt 0.868227 0.184604
vt 0.883557 0.199935
vt 0.868227 0.199935
vt 0.868227 0.245926
vt 0.883557 0.261257
vt 0.868227 0.261257
vt 0.806904 0.184604
vt 0.822235 0.199935
vt 0.806904 0.199935
vt 0.929549 0.184604
vt 0.944879 0.199935
vt 0.929549 0.199935
vt 0.914218 0.184604
vt 0.898888 0.199935
vt 0.898888 0.184604
vt 0.898888 0.153943
vt 0.914218 0.169274
vt 0.898888 0.169274
vt 0.944879 0.153943
vt 0.929549 0.169274
vt 0.929549 0.153943
vt 0.791574 0.184604
vt 0.776243 0.199935
vt 0.776243 0.184604
vt 0.776243 0.153943
vt 0.791574 0.169274
vt 0.776243 0.169274
vt 0.822235 0.153943
vt 0.806904 0.169274
vt 0.806904 0.153943
vt 0.852896 0.245926
vt 0.837565 0.261257
vt 0.837565 0.245926
vt 0.852896 0.215265
vt 0.837565 0.230596
vt 0.837565 0.215265
vt 0.883557 0.215265
vt 0.868227 0.230596
vt 0.868227 0.215265
vt 0.837565 0.184604
vt 0.852896 0.199935
vt 0.837565 0.199935
vt 0.852896 0.153943
vt 0.837565 0.169274
vt 0.837565 0.153943
vt 0.883557 0.153943
vt 0.868227 0.169274
vt 0.868227 0.153943
vt 0.852896 0.123282
vt 0.837565 0.138612
vt 0.837565 0.123282
vt 0.837565 0.092621
vt 0.852896 0.107951
vt 0.837565 0.107951
vt 0.868227 0.092621
vt 0.883557 0.107951
vt 0.868227 0.107951
vt 0.852896 0.061959
vt 0.837565 0.077290
vt 0.837565 0.061959
vt 0.837565 0.031298
vt 0.852896 0.046629
vt 0.837565 0.046629
vt 0.868227 0.031298
vt 0.883557 0.046629
vt 0.868227 0.046629
vt 0.852896 0.031298
vt 0.852896 0.015968
vt 0.883557 0.015968
vt 0.868227 0.015968
vt 0.822235 0.046629
vt 0.822235 0.031298
vt 0.837565 0.015968
vt 0.822235 0.015968
vt 0.822235 0.061959
vt 0.822235 0.077290
vt 0.852896 0.092621
vt 0.852896 0.077290
vt 0.822235 0.092621
vt 0.822235 0.107951
vt 0.822235 0.138612
vt 0.822235 0.123282
vt 0.852896 0.169274
vt 0.852896 0.138612
vt 0.822235 0.169274
vt 0.822235 0.184604
vt 0.852896 0.184604
vt 0.852896 0.230596
vt 0.822235 0.215265
vt 0.822235 0.230596
vt 0.822235 0.261257
vt 0.822235 0.245926
vt 0.791574 0.153943
vt 0.806904 0.138612
vt 0.791574 0.138612
vt 0.760913 0.153943
vt 0.760913 0.169274
vt 0.760913 0.138612
vt 0.776243 0.138612
vt 0.760913 0.199935
vt 0.760913 0.184604
vt 0.914218 0.153943
vt 0.929549 0.138612
vt 0.914218 0.138612
vt 0.944879 0.138612
vt 0.883557 0.169274
vt 0.898888 0.138612
vt 0.883557 0.184604
vt 0.914218 0.199935
vt 0.944879 0.184604
vt 0.791574 0.199935
vt 0.852896 0.261257
vt 0.883557 0.230596
vt 0.883557 0.123282
vt 0.138975 0.046629
vt 0.138975 0.261257
vt 0.200297 0.169274
vt 0.294640 0.355418
vt 0.355963 0.263435
vt 0.294640 0.140790
vt 0.512717 0.358685
vt 0.451395 0.205379
vt 0.200297 0.479697
vt 0.138975 0.326392
vt 0.200297 0.418375
vt 0.674914 0.887730
vt 0.613592 0.949053
vt 0.613592 0.826408
vt 0.613592 0.734424
vt 0.918391 0.964383
vt 0.979714 0.887730
vt 0.918391 0.811077
vt 0.918391 0.734424
vt 0.357051 0.547008
vt 0.295729 0.393702
vt 0.605972 0.061959
vt 0.605972 0.245926
vt 0.667294 0.169274
vt 0.605972 0.092621
vt 0.605972 0.031298
vt 0.922746 0.375468
vt 0.922746 0.559435
vt 0.984068 0.482782
vt 0.922746 0.406129
vt 0.922746 0.344807
vt 0.605972 0.667294
vt 0.667294 0.575310
vt 0.605972 0.452666
vt 0.200297 0.728799
vt 0.138975 0.790121
vt 0.138975 0.667477
vt 0.138975 0.575493
vt 0.821871 0.385899
vt 0.760549 0.447221
vt 0.760549 0.324577
vt 0.760549 0.263254
vt 0.824048 0.670016
vt 0.762726 0.731338
vt 0.762726 0.608694
vt 0.762726 0.547372
vt 0.450306 0.656319
vt 0.450306 0.840286
vt 0.511628 0.763633
vt 0.450306 0.686980
vt 0.450306 0.625658
vt 0.883557 0.061959
vt 0.883557 0.245926
vt 0.944879 0.169274
vt 0.883557 0.092621
vt 0.883557 0.031298
s 1
usemtl マテリアル
f 26/1/1 4/2/1 12/3/1
f 25/4/2 8/5/3 15/6/4
f 17/7/5 18/8/5 24/9/5
f 20/10/6 10/11/6 23/12/6
f 22/13/7 5/14/7 19/15/7
f 21/16/8 2/17/8 20/18/8
f 21/16/9 6/19/9 17/7/9
f 8/5/10 21/16/10 17/7/10
f 4/20/11 21/16/11 14/21/11
f 22/13/12 1/22/12 9/23/12
f 3/24/13 22/13/13 9/23/13
f 7/25/14 22/13/14 13/26/14
f 23/12/15 1/27/15 19/28/15
f 18/8/16 19/28/16 5/14/16
f 6/19/17 23/12/18 18/8/19
f 24/9/20 5/14/20 16/29/20
f 7/25/21 24/9/21 16/29/21
f 15/6/22 17/7/22 24/9/22
f 13/30/23 15/6/23 7/25/23
f 3/31/24 25/4/24 13/30/24
f 12/3/25 14/32/25 25/4/25
f 26/1/26 3/31/26 9/33/26
f 1/34/27 26/1/27 9/33/27
f 2/35/28 26/1/28 10/36/28
f 124/37/29 30/38/29 68/39/29
f 123/40/30 34/41/30 71/42/30
f 61/43/31 74/44/31 122/45/31
f 64/46/32 54/47/32 121/48/32
f 120/49/33 31/50/33 63/51/33
f 119/52/34 28/53/34 64/54/34
f 77/55/35 76/56/35 118/57/35
f 117/58/36 47/59/36 79/60/36
f 55/61/37 80/62/37 116/63/37
f 81/64/38 75/65/38 115/66/38
f 114/67/39 48/68/39 83/69/39
f 60/70/40 84/71/40 113/72/40
f 85/73/41 66/74/41 112/75/41
f 86/76/42 87/77/42 111/78/42
f 76/79/43 88/80/43 110/81/43
f 89/82/44 62/83/44 109/84/44
f 108/85/45 50/86/45 91/87/45
f 107/88/46 43/89/46 92/90/46
f 106/91/47 41/92/47 59/93/47
f 105/94/48 51/95/48 95/96/48
f 104/97/49 40/98/49 96/99/49
f 103/100/50 38/101/50 56/102/50
f 98/103/51 99/104/51 102/105/51
f 67/106/52 100/107/52 101/108/52
f 101/108/53 52/109/53 98/103/53
f 54/110/54 98/103/54 36/111/54
f 28/112/55 101/108/55 54/110/55
f 53/113/56 99/104/56 35/114/56
f 27/115/57 102/105/57 53/113/57
f 36/111/58 102/105/58 66/116/58
f 103/100/59 29/117/59 65/118/59
f 99/104/60 65/118/60 35/114/60
f 99/104/61 97/119/61 103/100/61
f 94/120/62 96/99/62 51/95/62
f 38/101/63 104/97/63 94/120/63
f 68/39/64 70/121/64 104/97/64
f 57/122/65 95/96/65 39/123/65
f 29/117/66 105/94/66 57/122/66
f 56/102/67 94/120/67 105/94/67
f 106/91/68 33/124/68 69/125/68
f 95/96/69 69/125/70 39/123/71
f 95/96/72 93/126/72 106/91/72
f 90/127/73 92/90/73 50/86/73
f 41/92/74 107/88/74 90/127/74
f 71/42/75 73/128/75 107/88/75
f 60/70/76 91/87/76 42/129/76
f 33/124/77 108/85/77 60/70/77
f 59/93/78 90/127/78 108/85/78
f 109/84/79 31/50/79 72/130/79
f 91/87/80 72/130/80 42/129/80
f 50/86/81 109/84/81 91/87/81
f 110/81/82 49/131/82 86/76/82
f 74/44/83 86/76/83 44/132/83
f 32/133/84 110/81/84 74/44/84
f 63/134/85 87/77/86 45/135/87
f 31/50/88 111/78/88 63/134/88
f 44/132/89 111/78/89 62/83/89
f 112/75/90 27/136/90 75/137/90
f 87/77/91 75/137/91 45/135/91
f 49/131/92 112/75/92 87/77/92
f 113/72/93 48/68/93 82/138/93
f 69/139/94 82/138/94 39/140/94
f 33/124/95 113/72/95 69/139/95
f 65/141/96 83/69/96 35/142/96
f 29/143/97 114/67/97 65/141/97
f 57/144/98 82/138/98 114/67/98
f 115/66/99 27/145/99 53/146/99
f 83/69/100 53/146/100 35/142/100
f 48/68/101 115/66/101 83/69/101
f 116/63/102 47/59/102 78/147/102
f 70/148/103 78/147/103 40/149/103
f 30/150/104 116/63/104 70/148/104
f 73/128/105 79/60/105 43/89/105
f 34/41/106 117/58/106 73/128/106
f 58/151/107 78/147/107 117/58/107
f 118/57/108 32/133/108 61/43/108
f 79/60/109 61/43/109 43/89/109
f 47/59/110 118/57/110 79/60/110
f 77/55/111 64/54/111 46/152/111
f 47/59/112 119/52/112 77/55/112
f 80/62/113 67/153/113 119/52/113
f 81/64/114 63/51/114 45/154/114
f 48/68/115 120/49/115 81/64/115
f 84/71/116 72/130/116 120/49/116
f 121/48/117 36/155/117 85/73/117
f 88/80/118 85/73/118 49/131/118
f 46/156/119 121/48/119 88/80/119
f 122/45/120 44/132/120 89/82/120
f 92/90/121 89/82/121 50/86/121
f 43/89/122 122/45/122 92/90/122
f 93/126/123 71/42/123 41/92/123
f 51/95/124 123/40/124 93/126/124
f 96/99/125 58/157/125 123/40/125
f 97/119/126 68/39/126 38/101/126
f 52/109/127 124/37/127 97/119/127
f 100/107/128 55/158/128 124/37/128
f 135/159/129 136/160/129 150/161/129
f 138/162/130 139/163/130 149/164/130
f 148/165/131 130/166/131 142/167/131
f 147/168/132 126/169/132 134/170/132
f 146/171/133 129/172/133 143/173/133
f 145/174/134 126/175/134 144/176/134
f 145/174/135 130/166/135 141/177/135
f 132/178/136 145/174/136 141/177/136
f 128/179/137 145/174/137 138/180/137
f 146/171/138 125/181/138 133/182/138
f 127/183/139 146/171/139 133/182/139
f 131/184/140 146/171/140 137/185/140
f 147/168/141 125/186/141 143/187/141
f 142/167/142 143/187/142 129/172/142
f 142/167/143 144/188/143 147/168/143
f 148/165/144 129/172/144 140/189/144
f 131/184/145 148/165/145 140/189/145
f 132/178/146 148/165/146 139/163/146
f 137/190/147 139/163/147 131/184/147
f 127/191/148 149/164/148 137/190/148
f 128/192/149 149/164/149 136/160/149
f 133/193/150 136/160/150 127/191/150
f 134/194/151 133/193/151 125/195/151
f 134/194/152 135/159/152 150/161/152
f 248/196/153 154/197/153 192/198/153
f 182/199/154 195/200/154 247/201/154
f 246/202/155 156/203/155 198/204/155
f 245/205/156 152/206/156 178/207/156
f 244/208/157 155/209/158 187/210/159
f 191/211/160 188/212/160 243/213/160
f 201/214/161 200/215/161 242/216/161
f 241/217/162 171/218/162 203/219/162
f 240/220/163 161/221/164 204/222/165
f 239/223/166 169/224/166 199/225/166
f 206/226/167 207/227/168 238/228/169
f 184/229/170 208/230/171 237/231/172
f 209/232/173 190/233/173 236/234/173
f 210/235/174 211/236/174 235/237/174
f 234/238/175 170/239/175 212/240/175
f 213/241/176 186/242/177 233/243/178
f 232/244/179 174/245/180 215/246/181
f 197/247/182 216/248/182 231/249/182
f 230/250/183 165/251/183 183/252/183
f 229/253/184 175/254/184 219/255/184
f 194/256/185 220/257/185 228/258/185
f 221/259/186 180/260/186 227/261/186
f 226/262/187 176/263/187 223/264/187
f 191/265/188 224/266/188 225/267/188
f 225/267/189 176/263/189 222/268/189
f 178/269/190 222/268/190 160/270/190
f 152/271/191 225/267/191 178/269/191
f 177/272/192 223/264/193 159/273/193
f 151/274/194 226/262/194 177/272/194
f 190/275/195 222/268/195 226/262/195
f 227/261/196 153/276/196 189/277/196
f 223/264/193 189/277/197 159/273/193
f 176/263/198 227/261/198 223/264/198
f 228/258/199 175/254/199 218/278/199
f 192/198/200 218/278/200 162/279/200
f 154/197/201 228/258/201 192/198/201
f 181/280/202 219/255/202 163/281/202
f 153/276/203 229/253/203 181/280/203
f 180/260/204 218/278/204 229/253/204
f 193/282/205 183/252/205 157/283/205
f 163/281/206 230/250/206 193/282/206
f 219/255/207 217/284/207 230/250/207
f 231/249/208 174/245/209 214/285/210
f 195/200/211 214/285/210 165/251/212
f 158/286/213 231/249/213 195/200/213
f 184/229/214 215/246/215 166/287/216
f 157/283/217 232/244/218 184/229/214
f 183/252/219 214/285/220 232/244/179
f 233/243/221 155/209/222 196/288/223
f 215/246/215 196/288/223 166/287/216
f 174/245/180 233/243/178 215/246/181
f 210/235/224 212/240/224 173/289/224
f 168/290/225 234/238/225 210/235/225
f 198/204/226 200/291/226 234/238/226
f 235/237/227 169/292/227 187/293/227
f 186/242/228 187/293/228 155/209/228
f 168/290/229 235/237/229 186/242/229
f 236/234/230 151/294/230 199/295/230
f 211/236/231 199/295/231 169/292/231
f 173/289/232 236/234/232 211/236/232
f 237/231/233 172/296/234 206/226/235
f 193/297/236 206/226/236 163/298/236
f 157/283/237 237/231/172 193/297/238
f 238/228/169 159/299/239 189/300/240
f 181/301/241 189/300/241 153/302/241
f 163/298/242 238/228/242 181/301/242
f 177/303/243 199/225/243 151/304/243
f 159/299/244 239/223/244 177/303/244
f 207/227/168 205/305/245 239/223/246
f 202/306/247 204/222/165 171/218/248
f 164/307/249 240/220/163 202/306/247
f 194/308/250 179/309/250 240/220/250
f 197/247/251 203/219/251 167/310/251
f 158/286/252 241/217/252 197/247/252
f 182/311/253 202/306/253 241/217/253
f 242/216/254 156/203/254 185/312/254
f 203/219/255 185/312/255 167/310/255
f 171/218/256 242/216/256 203/219/256
f 243/213/257 170/313/258 201/214/259
f 204/222/165 201/214/259 171/218/248
f 161/221/164 243/213/257 204/222/165
f 205/305/260 187/210/260 169/224/260
f 172/296/234 244/208/261 205/305/262
f 208/230/171 196/288/263 244/208/157
f 209/232/264 178/207/264 160/314/264
f 173/289/265 245/205/265 209/232/265
f 212/240/266 188/315/266 245/205/266
f 213/241/267 198/204/268 168/290/269
f 174/245/209 246/202/270 213/241/267
f 216/248/271 185/312/271 246/202/271
f 247/201/272 165/251/272 217/284/272
f 220/257/273 217/284/273 175/254/273
f 164/316/274 247/201/274 220/257/274
f 221/259/275 192/198/275 162/279/275
f 176/263/276 248/196/276 221/259/276
f 224/266/277 179/317/277 248/196/277
f 277/318/278 290/319/278 346/320/278
f 345/321/279 256/322/279 293/323/279
f 344/324/280 254/325/280 296/326/280
f 343/327/281 250/328/281 276/329/281
f 342/330/282 253/331/282 285/332/282
f 341/333/283 250/334/283 286/335/283
f 299/336/284 298/337/284 340/338/284
f 339/339/285 269/340/285 301/341/285
f 277/342/286 302/343/286 338/344/286
f 303/345/287 297/346/287 337/347/287
f 336/348/288 270/349/288 305/350/288
f 282/351/289 306/352/289 335/353/289
f 307/354/290 288/355/290 334/356/290
f 333/357/291 271/358/291 309/359/291
f 298/360/292 310/361/292 332/362/292
f 331/363/293 266/364/293 284/365/293
f 312/366/294 313/367/294 330/368/294
f 295/369/295 314/370/295 329/371/295
f 315/372/296 281/373/296 328/374/296
f 327/375/297 273/376/297 317/377/297
f 292/378/298 318/379/298 326/380/298
f 319/381/299 278/382/299 325/383/299
f 324/384/300 274/385/300 321/386/300
f 323/387/301 259/388/301 322/389/301
f 320/390/302 322/389/302 274/385/302
f 258/391/303 323/387/303 320/390/303
f 276/392/304 289/393/304 323/387/304
f 324/384/305 257/394/305 275/395/305
f 288/396/306 275/395/306 249/397/306
f 288/396/307 320/390/307 324/384/307
f 287/398/308 278/382/308 251/399/308
f 257/394/309 325/383/309 287/398/309
f 274/385/310 325/383/310 321/386/310
f 326/380/311 273/376/311 316/400/311
f 290/319/312 316/400/312 260/401/312
f 252/402/313 326/380/313 290/319/313
f 279/403/314 317/377/314 261/404/314
f 251/399/315 327/375/315 279/403/315
f 278/382/316 316/400/316 327/375/316
f 328/374/317 255/405/317 291/406/317
f 317/377/318 291/406/319 261/404/320
f 273/376/321 328/374/321 317/377/321
f 329/371/322 272/407/322 312/366/322
f 293/323/323 312/366/323 263/408/323
f 256/322/324 329/371/324 293/323/324
f 330/368/325 264/409/325 282/351/325
f 281/373/326 282/351/326 255/405/326
f 263/408/327 330/368/327 281/373/327
f 294/410/328 284/365/328 253/331/328
f 264/409/329 331/363/329 294/410/329
f 313/367/330 311/411/330 331/363/330
f 332/362/331 271/358/331 308/412/331
f 296/326/332 308/412/332 266/364/332
f 254/325/333 332/362/333 296/326/333
f 285/413/334 309/359/335 267/414/336
f 253/331/337 333/357/337 285/413/337
f 284/365/338 308/412/338 333/357/338
f 334/356/339 249/415/339 297/416/339
f 309/359/340 297/416/340 267/414/340
f 271/358/341 334/356/341 309/359/341
f 335/353/342 270/349/342 304/417/342
f 291/418/343 304/417/343 261/419/343
f 255/405/344 335/353/344 291/418/344
f 287/420/345 305/350/345 257/421/345
f 251/422/346 336/348/346 287/420/346
f 279/423/347 304/417/347 336/348/347
f 337/347/348 249/424/348 275/425/348
f 305/350/349 275/425/349 257/421/349
f 270/349/350 337/347/350 305/350/350
f 338/344/351 269/340/351 300/426/351
f 292/427/352 300/426/352 262/428/352
f 252/429/353 338/344/353 292/427/353
f 295/369/354 301/341/354 265/430/354
f 256/322/355 339/339/355 295/369/355
f 280/431/356 300/426/356 339/339/356
f 340/338/357 254/325/357 283/432/357
f 301/341/358 283/432/358 265/430/358
f 269/340/359 340/338/359 301/341/359
f 299/336/360 286/335/360 268/433/360
f 269/340/361 341/333/361 299/336/361
f 302/343/362 289/434/362 341/333/362
f 303/345/363 285/332/363 267/435/363
f 270/349/364 342/330/364 303/345/364
f 306/352/365 294/410/365 342/330/365
f 307/354/366 276/329/366 258/436/366
f 271/358/367 343/327/367 307/354/367
f 310/361/368 286/437/368 343/327/368
f 311/411/369 296/326/369 266/364/369
f 272/407/370 344/324/370 311/411/370
f 314/370/371 283/432/371 344/324/371
f 315/372/372 293/323/372 263/408/372
f 273/376/373 345/321/373 315/372/373
f 318/379/374 280/438/374 345/321/374
f 346/320/375 260/401/375 319/381/375
f 322/389/376 319/381/376 274/385/376
f 259/388/377 346/320/377 322/389/377
f 375/439/378 388/440/378 444/441/378
f 443/442/379 354/443/380 391/444/381
f 381/445/382 394/446/383 442/447/384
f 441/448/385 348/449/385 374/450/385
f 440/451/386 351/452/386 383/453/386
f 439/454/387 348/455/387 384/456/387
f 397/457/388 396/458/388 438/459/388
f 437/460/389 367/461/389 399/462/389
f 375/463/390 400/464/390 436/465/390
f 435/466/391 365/467/391 395/468/391
f 402/469/392 403/470/392 434/471/392
f 380/472/393 404/473/393 433/474/393
f 405/475/394 386/476/394 432/477/394
f 406/478/395 407/479/395 431/480/395
f 396/481/396 408/482/397 430/483/398
f 409/484/399 382/485/399 429/486/399
f 410/487/400 411/488/400 428/489/400
f 427/490/401 363/491/401 412/492/401
f 426/493/402 361/494/402 379/495/402
f 425/496/403 371/497/403 415/498/403
f 424/499/404 360/500/404 416/501/404
f 423/502/405 358/503/405 376/504/405
f 418/505/406 419/506/406 422/507/406
f 421/508/407 357/509/407 420/510/407
f 418/505/408 420/510/408 372/511/408
f 356/512/409 421/508/409 418/505/409
f 374/513/410 387/514/410 421/508/410
f 422/507/411 355/515/411 373/516/411
f 386/517/412 373/516/412 347/518/412
f 356/512/413 422/507/413 386/517/413
f 385/519/414 376/504/414 349/520/414
f 355/515/415 423/502/415 385/519/415
f 419/506/416 417/521/416 423/502/416
f 414/522/417 416/501/417 371/497/417
f 358/503/418 424/499/418 414/522/418
f 350/523/419 424/499/419 388/440/419
f 377/524/420 415/498/420 359/525/420
f 349/520/421 425/496/421 377/524/421
f 376/504/422 414/522/422 425/496/422
f 389/526/423 379/495/423 353/527/423
f 359/525/424 426/493/425 389/526/426
f 415/498/427 413/528/427 426/493/427
f 410/487/428 412/492/428 370/529/428
f 361/494/429 427/490/429 410/487/429
f 391/444/430 393/530/431 427/490/432
f 428/489/433 362/531/433 380/472/433
f 379/495/434 380/472/434 353/527/434
f 379/495/435 410/487/435 428/489/435
f 392/532/436 382/485/436 351/452/436
f 362/531/437 429/486/437 392/532/437
f 411/488/438 409/484/438 429/486/438
f 430/483/439 369/533/439 406/478/439
f 394/446/440 406/478/440 364/534/440
f 352/535/441 430/483/442 394/446/443
f 431/480/444 365/536/445 383/537/446
f 382/485/447 383/537/447 351/452/447
f 364/534/448 431/480/448 382/485/448
f 432/477/449 347/538/449 395/539/449
f 407/479/450 395/539/450 365/536/450
f 369/533/451 432/477/451 407/479/451
f 433/474/452 368/540/452 402/469/452
f 389/541/453 402/469/453 359/542/453
f 353/527/454 433/474/454 389/541/454
f 385/543/455 403/470/455 355/544/455
f 349/545/456 434/471/456 385/543/456
f 359/542/457 434/471/457 377/546/457
f 435/466/458 347/547/458 373/548/458
f 403/470/459 373/548/459 355/544/459
f 403/470/460 401/549/460 435/466/460
f 436/465/461 367/461/461 398/550/461
f 390/551/462 398/550/462 360/552/462
f 350/553/463 436/465/463 390/551/463
f 393/530/464 399/462/464 363/491/464
f 354/443/465 437/460/465 393/530/465
f 378/554/466 398/550/466 437/460/466
f 438/459/467 352/535/467 381/445/467
f 399/462/468 381/445/468 363/491/468
f 367/461/469 438/459/469 399/462/469
f 397/457/470 384/456/470 366/555/470
f 367/461/471 439/454/471 397/457/471
f 400/464/472 387/556/472 439/454/472
f 401/549/473 383/453/473 365/467/473
f 368/540/474 440/451/474 401/549/474
f 404/473/475 392/532/475 440/451/475
f 441/448/476 356/557/476 405/475/476
f 408/482/477 405/475/477 369/533/477
f 366/558/478 441/448/478 408/482/478
f 442/447/479 364/534/479 409/484/479
f 412/492/480 409/484/480 370/529/480
f 363/491/481 442/447/481 412/492/481
f 413/528/482 391/444/482 361/494/482
f 371/497/483 443/442/483 413/528/483
f 416/501/484 378/559/485 443/442/486
f 444/441/487 358/503/487 417/521/487
f 420/510/488 417/521/488 372/511/488
f 357/509/489 444/441/489 420/510/489
f 473/560/490 486/561/490 542/562/490
f 476/563/491 489/564/491 541/565/491
f 540/566/492 450/567/493 492/568/494
f 539/569/495 446/570/495 472/571/495
f 538/572/496 449/573/496 481/574/496
f 537/575/497 446/576/497 482/577/497
f 495/578/498 494/579/498 536/580/498
f 535/581/499 465/582/499 497/583/499
f 473/584/500 498/585/500 534/586/500
f 499/587/501 493/588/501 533/589/501
f 532/590/502 466/591/502 501/592/502
f 478/593/503 502/594/503 531/595/503
f 530/596/504 454/597/504 484/598/504
f 529/599/505 467/600/505 505/601/505
f 528/602/506 464/603/506 506/604/506
f 527/605/507 462/606/507 480/607/507
f 508/608/508 509/609/508 526/610/508
f 491/611/509 510/612/509 525/613/509
f 511/614/510 477/615/510 524/616/510
f 512/617/511 513/618/511 523/619/511
f 488/620/512 514/621/512 522/622/512
f 515/623/513 474/624/514 521/625/515
f 520/626/516 470/627/516 517/628/516
f 519/629/517 455/630/517 518/631/517
f 516/632/518 518/631/518 470/627/518
f 454/633/519 519/629/519 516/632/519
f 472/634/520 485/635/520 519/629/520
f 520/626/521 453/636/521 471/637/521
f 445/638/522 520/626/522 471/637/522
f 484/639/523 516/632/524 520/626/525
f 521/625/526 447/640/526 483/641/526
f 453/636/527 521/625/527 483/641/527
f 470/627/528 521/625/528 517/628/528
f 522/622/529 469/642/529 512/617/529
f 486/561/530 512/617/530 456/643/530
f 448/644/531 522/622/531 486/561/531
f 523/619/532 457/645/532 475/646/532
f 474/624/533 475/646/533 447/640/533
f 456/643/534 523/619/534 474/624/534
f 524/616/535 451/647/535 487/648/535
f 513/618/536 487/648/537 457/645/538
f 469/642/539 524/616/539 513/618/539
f 525/613/540 468/649/540 508/608/540
f 489/564/541 508/608/541 459/650/541
f 452/651/542 525/613/543 489/564/544
f 526/610/545 460/652/545 478/593/545
f 477/615/546 478/593/546 451/647/546
f 459/650/547 526/610/547 477/615/547
f 490/653/548 480/607/548 449/573/548
f 460/652/549 527/605/549 490/653/549
f 509/609/550 507/654/550 527/605/550
f 504/655/551 506/604/551 467/600/551
f 462/606/552 528/602/552 504/655/552
f 492/568/553 494/656/553 528/602/553
f 481/657/554 505/601/555 463/658/556
f 449/573/557 529/599/557 481/657/557
f 480/607/558 504/655/558 529/599/558
f 493/659/559 484/598/559 445/660/559
f 463/658/560 530/596/560 493/659/560
f 505/601/561 503/661/561 530/596/561
f 500/662/562 502/594/562 466/591/562
f 457/663/563 531/595/563 500/662/563
f 451/647/564 531/595/564 487/664/564
f 483/665/565 501/592/565 453/666/565
f 447/667/566 532/590/566 483/665/566
f 475/668/567 500/662/567 532/590/567
f 533/589/568 445/669/568 471/670/568
f 501/592/569 471/670/569 453/666/569
f 466/591/570 533/589/570 501/592/570
f 496/671/571 498/585/571 465/582/571
f 458/672/572 534/586/572 496/671/572
f 448/673/573 534/586/573 488/674/573
f 491/611/574 497/583/574 461/675/574
f 452/651/575 535/581/575 491/611/575
f 476/676/576 496/671/576 535/581/576
f 536/580/577 450/567/577 479/677/577
f 497/583/578 479/677/578 461/675/578
f 465/582/579 536/580/579 497/583/579
f 537/575/580 464/678/580 495/578/580
f 498/585/581 495/578/581 465/582/581
f 498/585/582 485/679/582 537/575/582
f 538/572/583 463/680/583 499/587/583
f 502/594/584 499/587/584 466/591/584
f 502/594/585 490/653/585 538/572/585
f 503/661/586 472/571/586 454/597/586
f 467/600/587 539/569/587 503/661/587
f 506/604/588 482/681/588 539/569/588
f 507/654/589 492/568/589 462/606/589
f 468/649/590 540/566/590 507/654/590
f 510/612/591 479/677/591 540/566/591
f 541/565/592 459/650/592 511/614/592
f 514/621/593 511/614/593 469/642/593
f 458/682/594 541/565/594 514/621/594
f 542/562/595 456/643/595 515/623/595
f 518/631/596 515/623/596 470/627/596
f 455/630/597 542/562/597 518/631/597
f 640/683/598 546/684/598 584/685/598
f 639/686/599 550/687/599 587/688/599
f 638/689/600 548/690/600 590/691/600
f 637/692/601 544/693/601 570/694/601
f 636/695/602 547/696/602 579/697/602
f 635/698/603 544/699/603 580/700/603
f 593/701/604 592/702/604 634/703/604
f 633/704/605 563/705/605 595/706/605
f 571/707/606 596/708/606 632/709/606
f 597/710/607 591/711/607 631/712/607
f 630/713/608 564/714/608 599/715/608
f 576/716/609 600/717/609 629/718/609
f 601/719/610 582/720/610 628/721/610
f 602/722/611 603/723/611 627/724/611
f 592/725/612 604/726/612 626/727/612
f 625/728/613 560/729/613 578/730/613
f 606/731/614 607/732/614 624/733/614
f 589/734/615 608/735/615 623/736/615
f 609/737/616 575/738/616 622/739/616
f 621/740/617 567/741/617 611/742/617
f 620/743/618 556/744/618 612/745/618
f 613/746/619 572/747/619 619/748/619
f 618/749/620 568/750/620 615/751/620
f 617/752/621 553/753/621 616/754/621
f 614/755/622 616/754/622 568/750/622
f 552/756/623 617/752/623 614/755/623
f 544/757/624 617/752/624 570/758/624
f 618/749/625 551/759/625 569/760/625
f 582/761/626 569/760/626 543/762/626
f 582/761/627 614/755/627 618/749/627
f 581/763/628 572/747/628 545/764/628
f 551/759/629 619/748/629 581/763/629
f 568/750/630 619/748/630 615/751/630
f 610/765/631 612/745/631 567/741/631
f 584/685/632 610/765/632 554/766/632
f 546/684/633 620/743/633 584/685/633
f 573/767/634 611/742/634 555/768/634
f 545/764/635 621/740/635 573/767/635
f 572/747/636 610/765/636 621/740/636
f 622/739/637 549/769/637 585/770/637
f 611/742/638 585/770/639 555/768/640
f 611/742/641 609/737/641 622/739/641
f 623/736/642 566/771/642 606/731/642
f 587/688/643 606/731/643 557/772/643
f 550/687/644 623/736/644 587/688/644
f 624/733/645 558/773/645 576/716/645
f 549/769/646 624/733/646 576/716/646
f 557/772/647 624/733/647 575/738/647
f 625/728/648 547/696/648 588/774/648
f 558/773/649 625/728/649 588/774/649
f 607/732/650 605/775/650 625/728/650
f 626/727/651 565/776/651 602/722/651
f 590/691/652 602/722/652 560/729/652
f 548/690/653 626/727/653 590/691/653
f 579/777/654 603/723/655 561/778/656
f 547/696/657 627/724/657 579/777/657
f 578/730/658 602/722/658 627/724/658
f 628/721/659 543/779/659 591/780/659
f 603/723/660 591/780/660 561/778/660
f 565/776/661 628/721/661 603/723/661
f 629/718/662 564/714/662 598/781/662
f 585/782/663 598/781/663 555/783/663
f 549/769/664 629/718/664 585/782/664
f 581/784/665 599/715/665 551/785/665
f 545/786/666 630/713/666 581/784/666
f 573/787/667 598/781/667 630/713/667
f 631/712/668 543/788/668 569/789/668
f 599/715/669 569/789/669 551/785/669
f 564/714/670 631/712/670 599/715/670
f 632/709/671 563/705/671 594/790/671
f 586/791/672 594/790/672 556/792/672
f 546/793/673 632/709/673 586/791/673
f 589/734/674 595/706/674 559/794/674
f 550/687/675 633/704/675 589/734/675
f 574/795/676 594/790/676 633/704/676
f 634/703/677 548/690/677 577/796/677
f 595/706/678 577/796/678 559/794/678
f 563/705/679 634/703/679 595/706/679
f 593/701/680 580/700/680 562/797/680
f 563/705/681 635/698/681 593/701/681
f 596/708/682 583/798/682 635/698/682
f 597/710/683 579/697/683 561/799/683
f 564/714/684 636/695/684 597/710/684
f 600/717/685 588/774/685 636/695/685
f 601/719/686 570/694/686 552/800/686
f 604/726/687 601/719/687 565/776/687
f 562/801/688 637/692/688 604/726/688
f 605/775/689 590/691/689 560/729/689
f 566/771/690 638/689/690 605/775/690
f 608/735/691 577/796/691 638/689/691
f 609/737/692 587/688/692 557/772/692
f 567/741/693 639/686/693 609/737/693
f 612/745/694 574/802/694 639/686/694
f 640/683/695 554/766/695 613/746/695
f 616/754/696 613/746/696 568/750/696
f 553/753/697 640/683/697 616/754/697
f 738/803/698 644/804/698 682/805/698
f 737/806/599 648/807/599 685/808/599
f 736/809/600 646/810/600 688/811/600
f 735/812/601 642/813/601 668/814/601
f 734/815/602 645/816/602 677/817/602
f 733/818/603 642/819/603 678/820/603
f 691/821/604 690/822/604 732/823/604
f 731/824/605 661/825/605 693/826/605
f 669/827/606 694/828/606 730/829/606
f 695/830/607 689/831/607 729/832/607
f 728/833/608 662/834/608 697/835/608
f 674/836/609 698/837/609 727/838/609
f 699/839/610 680/840/610 726/841/610
f 700/842/699 701/843/699 725/844/699
f 690/845/612 702/846/612 724/847/612
f 723/848/613 658/849/613 676/850/613
f 704/851/614 705/852/614 722/853/614
f 687/854/700 706/855/700 721/856/700
f 707/857/701 673/858/701 720/859/701
f 719/860/617 665/861/617 709/862/617
f 718/863/618 654/864/618 710/865/618
f 711/866/619 670/867/619 717/868/619
f 716/869/620 666/870/620 713/871/620
f 715/872/621 651/873/621 714/874/621
f 712/875/702 714/874/702 666/870/702
f 650/876/623 715/872/623 712/875/623
f 642/877/624 715/872/624 668/878/624
f 716/869/625 649/879/625 667/880/625
f 680/881/626 667/880/626 641/882/626
f 680/881/627 712/875/627 716/869/627
f 679/883/628 670/867/628 643/884/628
f 649/879/629 717/868/629 679/883/629
f 666/870/630 717/868/630 713/871/630
f 708/885/631 710/865/631 665/861/631
f 682/805/632 708/885/632 652/886/632
f 644/804/633 718/863/633 682/805/633
f 671/887/634 709/862/634 653/888/634
f 643/884/635 719/860/635 671/887/635
f 670/867/636 708/885/636 719/860/636
f 720/859/703 647/889/703 683/890/703
f 709/862/638 683/890/639 653/888/640
f 709/862/704 707/857/704 720/859/704
f 721/856/642 664/891/642 704/851/642
f 685/808/643 704/851/643 655/892/643
f 648/807/705 721/856/705 685/808/705
f 722/853/645 656/893/645 674/836/645
f 647/889/646 722/853/646 674/836/646
f 655/892/647 722/853/647 673/858/647
f 723/848/648 645/816/648 686/894/648
f 656/893/649 723/848/649 686/894/649
f 705/852/706 703/895/706 723/848/706
f 724/847/651 663/896/651 700/842/651
f 688/811/652 700/842/652 658/849/652
f 646/810/653 724/847/653 688/811/653
f 677/897/654 701/843/655 659/898/656
f 645/816/657 725/844/657 677/897/657
f 676/850/707 700/842/707 725/844/707
f 726/841/659 641/899/659 689/900/659
f 701/843/660 689/900/660 659/898/660
f 663/896/661 726/841/661 701/843/661
f 727/838/662 662/834/662 696/901/662
f 683/902/663 696/901/663 653/903/663
f 647/889/664 727/838/664 683/902/664
f 679/904/665 697/835/665 649/905/665
f 643/906/666 728/833/666 679/904/666
f 671/907/667 696/901/667 728/833/667
f 729/832/708 641/908/708 667/909/708
f 697/835/669 667/909/669 649/905/669
f 662/834/670 729/832/670 697/835/670
f 730/829/671 661/825/671 692/910/671
f 684/911/709 692/910/709 654/912/709
f 644/913/673 730/829/673 684/911/673
f 687/854/674 693/826/674 657/914/674
f 648/807/675 731/824/675 687/854/675
f 672/915/676 692/910/676 731/824/676
f 732/823/677 646/810/677 675/916/677
f 693/826/678 675/916/678 657/914/678
f 661/825/679 732/823/679 693/826/679
f 691/821/680 678/820/680 660/917/680
f 661/825/681 733/818/681 691/821/681
f 694/828/682 681/918/682 733/818/682
f 695/830/683 677/817/683 659/919/683
f 662/834/684 734/815/684 695/830/684
f 698/837/685 686/894/685 734/815/685
f 699/839/686 668/814/686 650/920/686
f 702/846/687 699/839/687 663/896/687
f 660/921/688 735/812/688 702/846/688
f 703/895/689 688/811/689 658/849/689
f 664/891/690 736/809/690 703/895/690
f 706/855/710 675/916/710 736/809/710
f 707/857/711 685/808/711 655/892/711
f 665/861/693 737/806/693 707/857/693
f 710/865/694 672/922/694 737/806/694
f 738/803/695 652/886/695 711/866/695
f 714/874/696 711/866/696 666/870/696
f 651/873/697 738/803/697 714/874/697
f 836/923/29 742/924/29 780/925/29
f 835/926/30 746/927/30 783/928/30
f 773/929/31 786/930/31 834/931/31
f 776/932/32 766/933/32 833/934/32
f 832/935/712 743/936/712 775/937/712
f 831/938/34 740/939/34 776/940/34
f 789/941/35 788/942/35 830/943/35
f 829/944/713 759/945/713 791/946/713
f 767/947/37 792/948/37 828/949/37
f 793/950/714 787/951/714 827/952/714
f 826/953/39 760/954/39 795/955/39
f 772/956/40 796/957/40 825/958/40
f 797/959/41 778/960/41 824/961/41
f 798/962/715 799/963/715 823/964/715
f 788/965/716 800/966/716 822/967/716
f 801/968/717 774/969/717 821/970/717
f 820/971/45 762/972/45 803/973/45
f 819/974/46 755/975/46 804/976/46
f 818/977/47 753/978/47 771/979/47
f 817/980/48 763/981/48 807/982/48
f 816/983/718 752/984/718 808/985/718
f 815/986/50 750/987/50 768/988/50
f 810/989/719 811/990/719 814/991/719
f 779/992/52 812/993/52 813/994/52
f 813/994/53 764/995/53 810/989/53
f 766/996/54 810/989/54 748/997/54
f 740/998/55 813/994/55 766/996/55
f 765/999/56 811/990/56 747/1000/56
f 739/1001/57 814/991/57 765/999/57
f 748/997/58 814/991/58 778/1002/58
f 815/986/59 741/1003/59 777/1004/59
f 811/990/60 777/1004/60 747/1000/60
f 811/990/61 809/1005/61 815/986/61
f 806/1006/62 808/985/62 763/981/62
f 750/987/63 816/983/63 806/1006/63
f 780/925/720 782/1007/720 816/983/720
f 769/1008/65 807/982/65 751/1009/65
f 741/1003/721 817/980/721 769/1008/721
f 768/988/67 806/1006/67 817/980/67
f 818/977/68 745/1010/68 781/1011/68
f 807/982/69 781/1011/722 751/1009/71
f 807/982/723 805/1012/723 818/977/723
f 802/1013/724 804/976/724 762/972/724
f 753/978/725 819/974/725 802/1013/725
f 783/928/75 785/1014/75 819/974/75
f 772/956/76 803/973/76 754/1015/76
f 745/1010/77 820/971/77 772/956/77
f 771/979/78 802/1013/78 820/971/78
f 821/970/726 743/936/726 784/1016/726
f 803/973/80 784/1016/80 754/1015/80
f 762/972/81 821/970/81 803/973/81
f 822/967/82 761/1017/82 798/962/82
f 786/930/83 798/962/83 756/1018/83
f 744/1019/727 822/967/727 786/930/727
f 775/1020/85 799/963/728 757/1021/87
f 743/936/88 823/964/88 775/1020/88
f 756/1018/89 823/964/89 774/969/89
f 824/961/90 739/1022/90 787/1023/90
f 799/963/91 787/1023/91 757/1021/91
f 761/1017/92 824/961/92 799/963/92
f 825/958/729 760/954/729 794/1024/729
f 781/1025/94 794/1024/94 751/1026/94
f 745/1010/730 825/958/730 781/1025/730
f 777/1027/96 795/955/96 747/1028/96
f 741/1029/731 826/953/731 777/1027/731
f 769/1030/98 794/1024/98 826/953/98
f 827/952/732 739/1031/732 765/1032/732
f 795/955/100 765/1032/100 747/1028/100
f 760/954/101 827/952/101 795/955/101
f 828/949/102 759/945/102 790/1033/102
f 782/1034/103 790/1033/103 752/1035/103
f 742/1036/104 828/949/104 782/1034/104
f 785/1014/105 791/946/105 755/975/105
f 746/927/106 829/944/106 785/1014/106
f 770/1037/733 790/1033/733 829/944/733
f 830/943/108 744/1019/108 773/929/108
f 791/946/734 773/929/734 755/975/734
f 759/945/110 830/943/110 791/946/110
f 789/941/735 776/940/735 758/1038/735
f 759/945/112 831/938/112 789/941/112
f 792/948/113 779/1039/113 831/938/113
f 793/950/114 775/937/114 757/1040/114
f 760/954/115 832/935/115 793/950/115
f 796/957/736 784/1016/736 832/935/736
f 833/934/737 748/1041/737 797/959/737
f 800/966/118 797/959/118 761/1017/118
f 758/1042/119 833/934/119 800/966/119
f 834/931/120 756/1018/120 801/968/120
f 804/976/738 801/968/738 762/972/738
f 755/975/122 834/931/122 804/976/122
f 805/1012/123 783/928/123 753/978/123
f 763/981/124 835/926/124 805/1012/124
f 808/985/739 770/1043/739 835/926/739
f 809/1005/126 780/925/126 750/987/126
f 764/995/127 836/923/127 809/1005/127
f 812/993/740 767/1044/740 836/923/740
f 865/1045/278 878/1046/278 934/1047/278
f 933/1048/279 844/1049/279 881/1050/279
f 932/1051/280 842/1052/280 884/1053/280
f 931/1054/741 838/1055/741 864/1056/741
f 930/1057/282 841/1058/282 873/1059/282
f 929/1060/283 838/1061/283 874/1062/283
f 887/1063/284 886/1064/284 928/1065/284
f 927/1066/742 857/1067/742 889/1068/742
f 865/1069/286 890/1070/286 926/1071/286
f 891/1072/287 885/1073/287 925/1074/287
f 924/1075/288 858/1076/288 893/1077/288
f 870/1078/289 894/1079/289 923/1080/289
f 895/1081/290 876/1082/290 922/1083/290
f 921/1084/291 859/1085/291 897/1086/291
f 886/1087/292 898/1088/292 920/1089/292
f 919/1090/293 854/1091/293 872/1092/293
f 900/1093/743 901/1094/743 918/1095/743
f 883/1096/744 902/1097/744 917/1098/744
f 903/1099/296 869/1100/296 916/1101/296
f 915/1102/297 861/1103/297 905/1104/297
f 880/1105/298 906/1106/298 914/1107/298
f 907/1108/299 866/1109/299 913/1110/299
f 912/1111/300 862/1112/300 909/1113/300
f 911/1114/301 847/1115/301 910/1116/301
f 908/1117/302 910/1116/302 862/1112/302
f 846/1118/303 911/1114/303 908/1117/303
f 864/1119/304 877/1120/304 911/1114/304
f 912/1111/305 845/1121/305 863/1122/305
f 876/1123/306 863/1122/306 837/1124/306
f 876/1123/307 908/1117/307 912/1111/307
f 875/1125/308 866/1109/308 839/1126/308
f 845/1121/309 913/1110/309 875/1125/309
f 862/1112/310 913/1110/310 909/1113/310
f 914/1107/311 861/1103/311 904/1127/311
f 878/1046/312 904/1127/312 848/1128/312
f 840/1129/745 914/1107/745 878/1046/745
f 867/1130/314 905/1104/314 849/1131/314
f 839/1126/315 915/1102/315 867/1130/315
f 866/1109/316 904/1127/316 915/1102/316
f 916/1101/746 843/1132/746 879/1133/746
f 905/1104/318 879/1133/747 849/1131/320
f 861/1103/321 916/1101/321 905/1104/321
f 917/1098/748 860/1134/748 900/1093/748
f 881/1050/749 900/1093/749 851/1135/749
f 844/1049/324 917/1098/324 881/1050/324
f 918/1095/750 852/1136/750 870/1078/750
f 869/1100/326 870/1078/326 843/1132/326
f 851/1135/751 918/1095/751 869/1100/751
f 882/1137/328 872/1092/328 841/1058/328
f 852/1136/752 919/1090/752 882/1137/752
f 901/1094/753 899/1138/753 919/1090/753
f 920/1089/331 859/1085/331 896/1139/331
f 884/1053/332 896/1139/332 854/1091/332
f 842/1052/333 920/1089/333 884/1053/333
f 873/1140/334 897/1086/335 855/1141/336
f 841/1058/337 921/1084/337 873/1140/337
f 872/1092/338 896/1139/338 921/1084/338
f 922/1083/339 837/1142/339 885/1143/339
f 897/1086/340 885/1143/340 855/1141/340
f 859/1085/341 922/1083/341 897/1086/341
f 923/1080/342 858/1076/342 892/1144/342
f 879/1145/754 892/1144/754 849/1146/754
f 843/1132/344 923/1080/344 879/1145/344
f 875/1147/345 893/1077/345 845/1148/345
f 839/1149/755 924/1075/755 875/1147/755
f 867/1150/347 892/1144/347 924/1075/347
f 925/1074/756 837/1151/756 863/1152/756
f 893/1077/349 863/1152/349 845/1148/349
f 858/1076/350 925/1074/350 893/1077/350
f 926/1071/757 857/1067/757 888/1153/757
f 880/1154/758 888/1153/758 850/1155/758
f 840/1156/353 926/1071/353 880/1154/353
f 883/1096/354 889/1068/354 853/1157/354
f 844/1049/355 927/1066/355 883/1096/355
f 868/1158/759 888/1153/759 927/1066/759
f 928/1065/760 842/1052/760 871/1159/760
f 889/1068/358 871/1159/358 853/1157/358
f 857/1067/761 928/1065/761 889/1068/761
f 887/1063/762 874/1062/762 856/1160/762
f 857/1067/763 929/1060/763 887/1063/763
f 890/1070/362 877/1161/362 929/1060/362
f 891/1072/363 873/1059/363 855/1162/363
f 858/1076/364 930/1057/364 891/1072/364
f 894/1079/365 882/1137/365 930/1057/365
f 895/1081/366 864/1056/366 846/1163/366
f 859/1085/367 931/1054/367 895/1081/367
f 898/1088/764 874/1164/764 931/1054/764
f 899/1138/369 884/1053/369 854/1091/369
f 860/1134/370 932/1051/370 899/1138/370
f 902/1097/765 871/1159/765 932/1051/765
f 903/1099/372 881/1050/372 851/1135/372
f 861/1103/373 933/1048/373 903/1099/373
f 906/1106/374 868/1165/374 933/1048/374
f 934/1047/375 848/1128/375 907/1108/375
f 910/1116/376 907/1108/376 862/1112/376
f 847/1115/377 934/1047/377 910/1116/377
f 1032/1166/766 938/1167/766 976/1168/766
f 1031/1169/767 942/1170/767 979/1171/767
f 1030/1172/768 940/1173/768 982/1174/768
f 1029/1175/769 936/1176/769 962/1177/769
f 1028/1178/770 939/1179/770 971/1180/770
f 1027/1181/771 936/1182/771 972/1183/771
f 985/1184/772 984/1185/772 1026/1186/772
f 1025/1187/773 955/1188/773 987/1189/773
f 963/1190/774 988/1191/774 1024/1192/774
f 989/1193/775 983/1194/775 1023/1195/775
f 1022/1196/776 956/1197/776 991/1198/776
f 968/1199/777 992/1200/777 1021/1201/777
f 993/1202/778 974/1203/778 1020/1204/778
f 994/1205/779 995/1206/779 1019/1207/779
f 984/1208/780 996/1209/780 1018/1210/780
f 997/1211/781 970/1212/781 1017/1213/781
f 1016/1214/782 958/1215/782 999/1216/782
f 981/1217/783 1000/1218/783 1015/1219/783
f 1001/1220/784 967/1221/784 1014/1222/784
f 1002/1223/785 1003/1224/785 1013/1225/785
f 978/1226/786 1004/1227/786 1012/1228/786
f 1005/1229/787 964/1230/787 1011/1231/787
f 1010/1232/788 960/1233/788 1007/1234/788
f 975/1235/789 1008/1236/789 1009/1237/789
f 1009/1237/790 960/1233/790 1006/1238/790
f 962/1239/791 1006/1238/791 944/1240/791
f 936/1241/792 1009/1237/792 962/1239/792
f 961/1242/793 1007/1234/793 943/1243/793
f 935/1244/794 1010/1232/794 961/1242/794
f 974/1245/795 1006/1238/795 1010/1232/795
f 1011/1231/796 937/1246/796 973/1247/796
f 1007/1234/797 973/1247/797 943/1243/797
f 960/1233/798 1011/1231/798 1007/1234/798
f 1002/1223/799 1004/1227/799 959/1248/799
f 976/1168/800 1002/1223/800 946/1249/800
f 938/1167/801 1012/1228/801 976/1168/801
f 965/1250/802 1003/1224/802 947/1251/802
f 937/1246/803 1013/1225/803 965/1250/803
f 964/1230/804 1002/1223/804 1013/1225/804
f 1014/1222/805 941/1252/805 977/1253/805
f 1003/1224/806 977/1253/806 947/1251/806
f 1003/1224/807 1001/1220/807 1014/1222/807
f 1015/1219/808 958/1215/808 998/1254/808
f 979/1171/809 998/1254/809 949/1255/809
f 942/1170/810 1015/1219/810 979/1171/810
f 968/1199/811 999/1216/811 950/1256/811
f 941/1252/812 1016/1214/812 968/1199/812
f 967/1221/813 998/1254/813 1016/1214/813
f 1017/1213/814 939/1179/814 980/1257/814
f 999/1216/815 980/1257/815 950/1256/815
f 958/1215/816 1017/1213/816 999/1216/816
f 994/1205/817 996/1209/817 957/1258/817
f 982/1174/818 994/1205/818 952/1259/818
f 940/1173/819 1018/1210/819 982/1174/819
f 971/1260/820 995/1206/820 953/1261/820
f 939/1179/821 1019/1207/821 971/1260/821
f 970/1212/822 994/1205/822 1019/1207/822
f 1020/1204/823 935/1262/823 983/1263/823
f 995/1206/824 983/1263/824 953/1261/824
f 995/1206/825 993/1202/825 1020/1204/825
f 1021/1201/826 956/1197/826 990/1264/826
f 977/1265/827 990/1264/827 947/1266/827
f 941/1252/828 1021/1201/828 977/1265/828
f 973/1267/829 991/1198/829 943/1268/829
f 937/1269/830 1022/1196/830 973/1267/830
f 965/1270/831 990/1264/831 1022/1196/831
f 1023/1195/832 935/1271/832 961/1272/832
f 991/1198/833 961/1272/833 943/1268/833
f 956/1197/834 1023/1195/834 991/1198/834
f 1024/1192/835 955/1188/835 986/1273/835
f 978/1274/836 986/1273/836 948/1275/836
f 938/1276/837 1024/1192/837 978/1274/837
f 981/1217/838 987/1189/838 951/1277/838
f 942/1170/839 1025/1187/839 981/1217/839
f 966/1278/840 986/1273/840 1025/1187/840
f 1026/1186/841 940/1173/841 969/1279/841
f 987/1189/842 969/1279/842 951/1277/842
f 955/1188/843 1026/1186/843 987/1189/843
f 985/1184/844 972/1183/844 954/1280/844
f 955/1188/845 1027/1181/845 985/1184/845
f 988/1191/846 975/1281/846 1027/1181/846
f 989/1193/847 971/1180/847 953/1282/847
f 956/1197/848 1028/1178/848 989/1193/848
f 992/1200/849 980/1257/849 1028/1178/849
f 993/1202/850 962/1177/850 944/1283/850
f 996/1209/851 993/1202/851 957/1258/851
f 996/1209/852 972/1284/852 1029/1175/852
f 997/1211/853 982/1174/853 952/1259/853
f 958/1215/854 1030/1172/854 997/1211/854
f 1000/1218/855 969/1279/855 1030/1172/855
f 1001/1220/856 979/1171/856 949/1255/856
f 1004/1227/857 1001/1220/857 959/1248/857
f 1004/1227/858 966/1285/858 1031/1169/858
f 1005/1229/859 976/1168/859 946/1249/859
f 960/1233/860 1032/1166/860 1005/1229/860
f 1008/1236/861 963/1286/861 1032/1166/861
f 1130/1287/766 1036/1288/766 1074/1289/766
f 1129/1290/767 1040/1291/767 1077/1292/767
f 1128/1293/862 1038/1294/862 1080/1295/862
f 1127/1296/863 1034/1297/863 1060/1298/863
f 1126/1299/770 1037/1300/770 1069/1301/770
f 1125/1302/771 1034/1303/771 1070/1304/771
f 1083/1305/864 1082/1306/864 1124/1307/864
f 1123/1308/773 1053/1309/773 1085/1310/773
f 1061/1311/774 1086/1312/774 1122/1313/774
f 1087/1314/865 1081/1315/865 1121/1316/865
f 1120/1317/776 1054/1318/776 1089/1319/776
f 1066/1320/777 1090/1321/777 1119/1322/777
f 1091/1323/778 1072/1324/778 1118/1325/778
f 1092/1326/779 1093/1327/779 1117/1328/779
f 1082/1329/780 1094/1330/780 1116/1331/780
f 1095/1332/866 1068/1333/866 1115/1334/866
f 1114/1335/782 1056/1336/782 1097/1337/782
f 1079/1338/867 1098/1339/867 1113/1340/867
f 1099/1341/784 1065/1342/784 1112/1343/784
f 1100/1344/785 1101/1345/785 1111/1346/785
f 1076/1347/786 1102/1348/786 1110/1349/786
f 1103/1350/787 1062/1351/787 1109/1352/787
f 1108/1353/868 1058/1354/868 1105/1355/868
f 1073/1356/869 1106/1357/869 1107/1358/869
f 1107/1358/790 1058/1354/790 1104/1359/790
f 1060/1360/791 1104/1359/791 1042/1361/791
f 1034/1362/870 1107/1358/870 1060/1360/870
f 1059/1363/793 1105/1355/793 1041/1364/793
f 1033/1365/871 1108/1353/871 1059/1363/871
f 1072/1366/872 1104/1359/872 1108/1353/872
f 1109/1352/796 1035/1367/796 1071/1368/796
f 1105/1355/797 1071/1368/797 1041/1364/797
f 1058/1354/798 1109/1352/798 1105/1355/798
f 1100/1344/873 1102/1348/873 1057/1369/873
f 1074/1289/800 1100/1344/800 1044/1370/800
f 1036/1288/801 1110/1349/801 1074/1289/801
f 1063/1371/874 1101/1345/874 1045/1372/874
f 1035/1367/803 1111/1346/803 1063/1371/803
f 1062/1351/804 1100/1344/804 1111/1346/804
f 1112/1343/805 1039/1373/805 1075/1374/805
f 1101/1345/875 1075/1374/875 1045/1372/875
f 1101/1345/807 1099/1341/807 1112/1343/807
f 1113/1340/808 1056/1336/808 1096/1375/808
f 1077/1292/876 1096/1375/876 1047/1376/876
f 1040/1291/810 1113/1340/810 1077/1292/810
f 1066/1320/811 1097/1337/811 1048/1377/811
f 1039/1373/812 1114/1335/812 1066/1320/812
f 1065/1342/877 1096/1375/877 1114/1335/877
f 1115/1334/878 1037/1300/878 1078/1378/878
f 1097/1337/815 1078/1378/815 1048/1377/815
f 1056/1336/816 1115/1334/816 1097/1337/816
f 1092/1326/879 1094/1330/879 1055/1379/879
f 1080/1295/818 1092/1326/818 1050/1380/818
f 1038/1294/880 1116/1331/880 1080/1295/880
f 1069/1381/881 1093/1327/881 1051/1382/881
f 1037/1300/882 1117/1328/882 1069/1381/882
f 1068/1333/822 1092/1326/822 1117/1328/822
f 1118/1325/883 1033/1383/883 1081/1384/883
f 1093/1327/884 1081/1384/884 1051/1382/884
f 1093/1327/825 1091/1323/825 1118/1325/825
f 1119/1322/826 1054/1318/826 1088/1385/826
f 1075/1386/827 1088/1385/827 1045/1387/827
f 1039/1373/828 1119/1322/828 1075/1386/828
f 1071/1388/829 1089/1319/829 1041/1389/829
f 1035/1390/830 1120/1317/830 1071/1388/830
f 1063/1391/831 1088/1385/831 1120/1317/831
f 1121/1316/832 1033/1392/832 1059/1393/832
f 1089/1319/833 1059/1393/833 1041/1389/833
f 1054/1318/834 1121/1316/834 1089/1319/834
f 1122/1313/835 1053/1309/835 1084/1394/835
f 1076/1395/836 1084/1394/836 1046/1396/836
f 1036/1397/837 1122/1313/837 1076/1395/837
f 1079/1338/838 1085/1310/838 1049/1398/838
f 1040/1291/839 1123/1308/839 1079/1338/839
f 1064/1399/840 1084/1394/840 1123/1308/840
f 1124/1307/885 1038/1294/885 1067/1400/885
f 1085/1310/842 1067/1400/842 1049/1398/842
f 1053/1309/843 1124/1307/843 1085/1310/843
f 1083/1305/844 1070/1304/844 1052/1401/844
f 1053/1309/845 1125/1302/845 1083/1305/845
f 1086/1312/846 1073/1402/846 1125/1302/846
f 1087/1314/847 1069/1301/847 1051/1403/847
f 1054/1318/848 1126/1299/848 1087/1314/848
f 1090/1321/849 1078/1378/849 1126/1299/849
f 1091/1323/850 1060/1298/850 1042/1404/850
f 1094/1330/886 1091/1323/886 1055/1379/886
f 1094/1330/852 1070/1405/852 1127/1296/852
f 1095/1332/853 1080/1295/853 1050/1380/853
f 1056/1336/854 1128/1293/854 1095/1332/854
f 1098/1339/855 1067/1400/855 1128/1293/855
f 1099/1341/856 1077/1292/856 1047/1376/856
f 1102/1348/887 1099/1341/887 1057/1369/887
f 1102/1348/888 1064/1406/888 1129/1290/888
f 1103/1350/889 1074/1289/889 1044/1370/889
f 1058/1354/860 1130/1287/860 1103/1350/860
f 1106/1357/890 1061/1407/890 1130/1287/890
f 1228/1408/598 1134/1409/598 1172/1410/598
f 1227/1411/891 1138/1412/891 1175/1413/891
f 1226/1414/600 1136/1415/600 1178/1416/600
f 1225/1417/601 1132/1418/601 1158/1419/601
f 1224/1420/892 1135/1421/892 1167/1422/892
f 1223/1423/603 1132/1424/603 1168/1425/603
f 1181/1426/604 1180/1427/604 1222/1428/604
f 1221/1429/605 1151/1430/605 1183/1431/605
f 1159/1432/606 1184/1433/606 1220/1434/606
f 1185/1435/607 1179/1436/607 1219/1437/607
f 1218/1438/608 1152/1439/608 1187/1440/608
f 1164/1441/893 1188/1442/893 1217/1443/893
f 1189/1444/610 1170/1445/610 1216/1446/610
f 1190/1447/611 1191/1448/611 1215/1449/611
f 1180/1450/612 1192/1451/612 1214/1452/612
f 1213/1453/894 1148/1454/894 1166/1455/894
f 1194/1456/895 1195/1457/895 1212/1458/895
f 1177/1459/615 1196/1460/615 1211/1461/615
f 1197/1462/701 1163/1463/701 1210/1464/701
f 1209/1465/617 1155/1466/617 1199/1467/617
f 1208/1468/618 1144/1469/618 1200/1470/618
f 1201/1471/619 1160/1472/619 1207/1473/619
f 1206/1474/620 1156/1475/620 1203/1476/620
f 1205/1477/621 1141/1478/621 1204/1479/621
f 1202/1480/896 1204/1479/896 1156/1475/896
f 1140/1481/623 1205/1477/623 1202/1480/623
f 1132/1482/624 1205/1477/624 1158/1483/624
f 1206/1474/625 1139/1484/625 1157/1485/625
f 1170/1486/626 1157/1485/626 1131/1487/626
f 1170/1486/897 1202/1480/897 1206/1474/897
f 1169/1488/628 1160/1472/628 1133/1489/628
f 1139/1484/898 1207/1473/898 1169/1488/898
f 1156/1475/630 1207/1473/630 1203/1476/630
f 1198/1490/631 1200/1470/631 1155/1466/631
f 1172/1410/899 1198/1490/899 1142/1491/899
f 1134/1409/633 1208/1468/633 1172/1410/633
f 1161/1492/634 1199/1467/634 1143/1493/634
f 1133/1489/635 1209/1465/635 1161/1492/635
f 1160/1472/636 1198/1490/636 1209/1465/636
f 1210/1464/637 1137/1494/637 1173/1495/637
f 1199/1467/638 1173/1495/639 1143/1493/640
f 1199/1467/641 1197/1462/641 1210/1464/641
f 1211/1461/642 1154/1496/642 1194/1456/642
f 1175/1413/643 1194/1456/643 1145/1497/643
f 1138/1412/644 1211/1461/644 1175/1413/644
f 1212/1458/645 1146/1498/645 1164/1441/645
f 1137/1494/900 1212/1458/900 1164/1441/900
f 1145/1497/901 1212/1458/901 1163/1463/901
f 1213/1453/648 1135/1421/648 1176/1499/648
f 1146/1498/649 1213/1453/649 1176/1499/649
f 1195/1457/902 1193/1500/902 1213/1453/902
f 1214/1452/651 1153/1501/651 1190/1447/651
f 1178/1416/652 1190/1447/652 1148/1454/652
f 1136/1415/653 1214/1452/653 1178/1416/653
f 1167/1502/654 1191/1448/655 1149/1503/656
f 1135/1421/657 1215/1449/657 1167/1502/657
f 1166/1455/658 1190/1447/658 1215/1449/658
f 1216/1446/659 1131/1504/659 1179/1505/659
f 1191/1448/660 1179/1505/660 1149/1503/660
f 1153/1501/661 1216/1446/661 1191/1448/661
f 1217/1443/662 1152/1439/662 1186/1506/662
f 1173/1507/663 1186/1506/663 1143/1508/663
f 1137/1494/903 1217/1443/903 1173/1507/903
f 1169/1509/904 1187/1440/904 1139/1510/904
f 1133/1511/905 1218/1438/905 1169/1509/905
f 1161/1512/667 1186/1506/667 1218/1438/667
f 1219/1437/668 1131/1513/668 1157/1514/668
f 1187/1440/906 1157/1514/906 1139/1510/906
f 1152/1439/670 1219/1437/670 1187/1440/670
f 1220/1434/671 1151/1430/671 1182/1515/671
f 1174/1516/709 1182/1515/709 1144/1517/709
f 1134/1518/673 1220/1434/673 1174/1516/673
f 1177/1459/674 1183/1431/674 1147/1519/674
f 1138/1412/675 1221/1429/675 1177/1459/675
f 1162/1520/676 1182/1515/676 1221/1429/676
f 1222/1428/677 1136/1415/677 1165/1521/677
f 1183/1431/907 1165/1521/907 1147/1519/907
f 1151/1430/679 1222/1428/679 1183/1431/679
f 1181/1426/680 1168/1425/680 1150/1522/680
f 1151/1430/681 1223/1423/681 1181/1426/681
f 1184/1433/682 1171/1523/682 1223/1423/682
f 1185/1435/683 1167/1422/683 1149/1524/683
f 1152/1439/684 1224/1420/684 1185/1435/684
f 1188/1442/685 1176/1499/685 1224/1420/685
f 1189/1444/686 1158/1419/686 1140/1525/686
f 1192/1451/687 1189/1444/687 1153/1501/687
f 1150/1526/688 1225/1417/688 1192/1451/688
f 1193/1500/689 1178/1416/689 1148/1454/689
f 1154/1496/690 1226/1414/690 1193/1500/690
f 1196/1460/691 1165/1521/691 1226/1414/691
f 1197/1462/711 1175/1413/711 1145/1497/711
f 1155/1466/693 1227/1411/693 1197/1462/693
f 1200/1470/694 1162/1527/694 1227/1411/694
f 1228/1408/695 1142/1491/695 1201/1471/695
f 1204/1479/696 1201/1471/696 1156/1475/696
f 1141/1478/697 1228/1408/697 1204/1479/697
f 1326/1528/908 1232/1529/908 1270/1530/908
f 1325/1531/599 1236/1532/599 1273/1533/599
f 1324/1534/600 1234/1535/600 1276/1536/600
f 1323/1537/601 1230/1538/601 1256/1539/601
f 1322/1540/602 1233/1541/602 1265/1542/602
f 1321/1543/603 1230/1544/603 1266/1545/603
f 1279/1546/604 1278/1547/604 1320/1548/604
f 1319/1549/605 1249/1550/605 1281/1551/605
f 1257/1552/606 1282/1553/606 1318/1554/606
f 1283/1555/607 1277/1556/607 1317/1557/607
f 1316/1558/608 1250/1559/608 1285/1560/608
f 1262/1561/609 1286/1562/609 1315/1563/609
f 1287/1564/610 1268/1565/610 1314/1566/610
f 1288/1567/611 1289/1568/611 1313/1569/611
f 1278/1570/612 1290/1571/612 1312/1572/612
f 1311/1573/613 1246/1574/613 1264/1575/613
f 1292/1576/614 1293/1577/614 1310/1578/614
f 1275/1579/615 1294/1580/615 1309/1581/615
f 1295/1582/701 1261/1583/701 1308/1584/701
f 1307/1585/617 1253/1586/617 1297/1587/617
f 1306/1588/618 1242/1589/618 1298/1590/618
f 1299/1591/619 1258/1592/619 1305/1593/619
f 1304/1594/620 1254/1595/620 1301/1596/620
f 1303/1597/621 1239/1598/621 1302/1599/621
f 1300/1600/702 1302/1599/702 1254/1595/702
f 1238/1601/623 1303/1597/623 1300/1600/623
f 1230/1602/624 1303/1597/624 1256/1603/624
f 1304/1594/909 1237/1604/909 1255/1605/909
f 1268/1606/626 1255/1605/626 1229/1607/626
f 1268/1606/897 1300/1600/897 1304/1594/897
f 1267/1608/628 1258/1592/628 1231/1609/628
f 1237/1604/629 1305/1593/629 1267/1608/629
f 1254/1595/910 1305/1593/910 1301/1596/910
f 1296/1610/631 1298/1590/631 1253/1586/631
f 1270/1530/899 1296/1610/899 1240/1611/899
f 1232/1529/911 1306/1588/911 1270/1530/911
f 1259/1612/634 1297/1587/634 1241/1613/634
f 1231/1609/635 1307/1585/635 1259/1612/635
f 1258/1592/636 1296/1610/636 1307/1585/636
f 1308/1584/637 1235/1614/637 1271/1615/637
f 1297/1587/638 1271/1615/639 1241/1613/640
f 1297/1587/641 1295/1582/641 1308/1584/641
f 1309/1581/642 1252/1616/642 1292/1576/642
f 1273/1533/643 1292/1576/643 1243/1617/643
f 1236/1532/644 1309/1581/644 1273/1533/644
f 1310/1578/645 1244/1618/645 1262/1561/645
f 1235/1614/646 1310/1578/646 1262/1561/646
f 1243/1617/647 1310/1578/647 1261/1583/647
f 1311/1573/912 1233/1541/912 1274/1619/912
f 1244/1618/649 1311/1573/649 1274/1619/649
f 1293/1577/706 1291/1620/706 1311/1573/706
f 1312/1572/651 1251/1621/651 1288/1567/651
f 1276/1536/652 1288/1567/652 1246/1574/652
f 1234/1535/653 1312/1572/653 1276/1536/653
f 1265/1622/654 1289/1568/655 1247/1623/656
f 1233/1541/657 1313/1569/657 1265/1622/657
f 1264/1575/707 1288/1567/707 1313/1569/707
f 1314/1566/659 1229/1624/659 1277/1625/659
f 1289/1568/660 1277/1625/660 1247/1623/660
f 1251/1621/661 1314/1566/661 1289/1568/661
f 1315/1563/662 1250/1559/662 1284/1626/662
f 1271/1627/663 1284/1626/663 1241/1628/663
f 1235/1614/664 1315/1563/664 1271/1627/664
f 1267/1629/665 1285/1560/665 1237/1630/665
f 1231/1631/905 1316/1558/905 1267/1629/905
f 1259/1632/667 1284/1626/667 1316/1558/667
f 1317/1557/668 1229/1633/668 1255/1634/668
f 1285/1560/669 1255/1634/669 1237/1630/669
f 1250/1559/670 1317/1557/670 1285/1560/670
f 1318/1554/671 1249/1550/671 1280/1635/671
f 1272/1636/672 1280/1635/672 1242/1637/672
f 1232/1638/673 1318/1554/673 1272/1636/673
f 1275/1579/674 1281/1551/674 1245/1639/674
f 1236/1532/675 1319/1549/675 1275/1579/675
f 1260/1640/676 1280/1635/676 1319/1549/676
f 1320/1548/677 1234/1535/677 1263/1641/677
f 1281/1551/678 1263/1641/678 1245/1639/678
f 1249/1550/679 1320/1548/679 1281/1551/679
f 1279/1546/680 1266/1545/680 1248/1642/680
f 1249/1550/681 1321/1543/681 1279/1546/681
f 1282/1553/682 1269/1643/682 1321/1543/682
f 1283/1555/683 1265/1542/683 1247/1644/683
f 1250/1559/684 1322/1540/684 1283/1555/684
f 1286/1562/685 1274/1619/685 1322/1540/685
f 1287/1564/686 1256/1539/686 1238/1645/686
f 1290/1571/687 1287/1564/687 1251/1621/687
f 1248/1646/688 1323/1537/688 1290/1571/688
f 1291/1620/689 1276/1536/689 1246/1574/689
f 1252/1616/690 1324/1534/690 1291/1620/690
f 1294/1580/691 1263/1641/691 1324/1534/691
f 1295/1582/692 1273/1533/692 1243/1617/692
f 1253/1586/693 1325/1531/693 1295/1582/693
f 1298/1590/694 1260/1647/694 1325/1531/694
f 1326/1528/695 1240/1611/695 1299/1591/695
f 1302/1599/696 1299/1591/696 1254/1595/696
f 1239/1598/697 1326/1528/697 1302/1599/697
f 26/1/913 11/1648/913 4/2/913
f 25/4/914 14/32/914 8/5/914
f 17/7/915 6/19/915 18/8/915
f 20/10/916 2/1649/916 10/11/916
f 22/13/917 16/29/917 5/14/917
f 21/16/918 11/1650/918 2/17/918
f 21/16/919 20/18/919 6/19/919
f 8/5/920 14/21/920 21/16/920
f 4/20/921 11/1650/921 21/16/921
f 22/13/922 19/15/922 1/22/922
f 3/24/923 13/26/923 22/13/923
f 7/25/924 16/29/924 22/13/924
f 23/12/925 10/11/925 1/27/925
f 18/8/19 23/12/18 19/28/926
f 6/19/927 20/10/927 23/12/927
f 24/9/928 18/8/928 5/14/928
f 7/25/929 15/6/929 24/9/929
f 15/6/930 8/5/930 17/7/930
f 13/30/931 25/4/2 15/6/4
f 3/31/932 12/3/932 25/4/932
f 12/3/933 4/2/933 14/32/933
f 26/1/934 12/3/934 3/31/934
f 1/34/935 10/36/935 26/1/935
f 2/35/936 11/1648/936 26/1/936
f 124/37/937 55/158/937 30/38/937
f 123/40/938 58/157/938 34/41/938
f 61/43/939 32/133/939 74/44/939
f 64/46/940 28/1651/940 54/47/940
f 120/49/941 72/130/941 31/50/941
f 119/52/942 67/153/942 28/53/942
f 77/55/943 46/152/943 76/56/943
f 117/58/944 78/147/944 47/59/944
f 55/61/945 37/1652/945 80/62/945
f 81/64/946 45/154/946 75/65/946
f 114/67/947 82/138/947 48/68/947
f 60/70/948 42/129/948 84/71/948
f 85/73/949 36/155/949 66/74/949
f 86/76/950 49/131/950 87/77/950
f 76/79/951 46/156/951 88/80/951
f 89/82/952 44/132/952 62/83/952
f 108/85/953 90/127/953 50/86/953
f 107/88/954 73/128/954 43/89/954
f 106/91/955 93/126/955 41/92/955
f 105/94/956 94/120/956 51/95/956
f 104/97/957 70/121/957 40/98/957
f 103/100/958 97/119/958 38/101/958
f 98/103/959 52/109/959 99/104/959
f 67/106/960 37/1653/960 100/107/960
f 101/108/961 100/107/961 52/109/961
f 54/110/962 101/108/962 98/103/962
f 28/112/963 67/106/963 101/108/963
f 53/113/964 102/105/964 99/104/964
f 27/115/965 66/116/965 102/105/965
f 36/111/966 98/103/966 102/105/966
f 103/100/967 56/102/967 29/117/967
f 99/104/968 103/100/968 65/118/968
f 99/104/969 52/109/969 97/119/969
f 94/120/970 104/97/970 96/99/970
f 38/101/971 68/39/971 104/97/971
f 68/39/972 30/38/972 70/121/972
f 57/122/973 105/94/973 95/96/973
f 29/117/974 56/102/974 105/94/974
f 56/102/975 38/101/975 94/120/975
f 106/91/976 59/93/976 33/124/976
f 95/96/69 106/91/977 69/125/70
f 95/96/978 51/95/978 93/126/978
f 90/127/979 107/88/979 92/90/979
f 41/92/980 71/42/980 107/88/980
f 71/42/981 34/41/981 73/128/981
f 60/70/982 108/85/982 91/87/982
f 33/124/983 59/93/983 108/85/983
f 59/93/984 41/92/984 90/127/984
f 109/84/985 62/83/985 31/50/985
f 91/87/986 109/84/986 72/130/986
f 50/86/987 89/82/987 109/84/987
f 110/81/988 88/80/988 49/131/988
f 74/44/989 110/81/989 86/76/989
f 32/133/990 76/79/990 110/81/990
f 63/134/85 111/78/991 87/77/86
f 31/50/992 62/83/992 111/78/992
f 44/132/993 86/76/993 111/78/993
f 112/75/994 66/74/994 27/136/994
f 87/77/995 112/75/995 75/137/995
f 49/131/996 85/73/996 112/75/996
f 113/72/997 84/71/997 48/68/997
f 69/139/998 113/72/998 82/138/998
f 33/124/999 60/70/999 113/72/999
f 65/141/1000 114/67/1000 83/69/1000
f 29/143/1001 57/144/1001 114/67/1001
f 57/144/1002 39/140/1002 82/138/1002
f 115/66/1003 75/65/1003 27/145/1003
f 83/69/1004 115/66/1004 53/146/1004
f 48/68/1005 81/64/1005 115/66/1005
f 116/63/1006 80/62/1006 47/59/1006
f 70/148/1007 116/63/1007 78/147/1007
f 30/150/1008 55/61/1008 116/63/1008
f 73/128/1009 117/58/1009 79/60/1009
f 34/41/1010 58/151/1010 117/58/1010
f 58/151/1011 40/149/1011 78/147/1011
f 118/57/1012 76/56/1012 32/133/1012
f 79/60/1013 118/57/1013 61/43/1013
f 47/59/1014 77/55/1014 118/57/1014
f 77/55/1015 119/52/1015 64/54/1015
f 47/59/1016 80/62/1016 119/52/1016
f 80/62/1017 37/1652/1017 67/153/1017
f 81/64/1018 120/49/1018 63/51/1018
f 48/68/1019 84/71/1019 120/49/1019
f 84/71/1020 42/129/1020 72/130/1020
f 121/48/1021 54/47/1021 36/155/1021
f 88/80/1022 121/48/1022 85/73/1022
f 46/156/1023 64/46/1023 121/48/1023
f 122/45/1024 74/44/1024 44/132/1024
f 92/90/1025 122/45/1025 89/82/1025
f 43/89/1026 61/43/1026 122/45/1026
f 93/126/1027 123/40/1027 71/42/1027
f 51/95/1028 96/99/1028 123/40/1028
f 96/99/1029 40/98/1029 58/157/1029
f 97/119/1030 124/37/1030 68/39/1030
f 52/109/1031 100/107/1031 124/37/1031
f 100/107/1032 37/1653/1032 55/158/1032
f 135/159/1033 128/192/1033 136/160/1033
f 138/162/1034 132/178/1034 139/163/1034
f 148/165/1035 141/177/1035 130/166/1035
f 147/168/1036 144/188/1036 126/169/1036
f 146/171/1037 140/189/1037 129/172/1037
f 145/174/1038 135/1654/1038 126/175/1038
f 145/174/1039 144/176/1039 130/166/1039
f 132/178/1040 138/180/1040 145/174/1040
f 128/179/1041 135/1654/1041 145/174/1041
f 146/171/1042 143/173/1042 125/181/1042
f 127/183/1043 137/185/1043 146/171/1043
f 131/184/1044 140/189/1044 146/171/1044
f 147/168/1045 134/170/1045 125/186/1045
f 142/167/1046 147/168/1046 143/187/1046
f 142/167/1047 130/166/1047 144/188/1047
f 148/165/1048 142/167/1048 129/172/1048
f 131/184/1049 139/163/1049 148/165/1049
f 132/178/1050 141/177/1050 148/165/1050
f 137/190/1051 149/164/1051 139/163/1051
f 127/191/1052 136/160/1052 149/164/1052
f 128/192/1053 138/162/1053 149/164/1053
f 133/193/1054 150/161/1054 136/160/1054
f 134/194/1055 150/161/1055 133/193/1055
f 134/194/1056 126/1655/1056 135/159/1056
f 248/196/1057 179/317/1057 154/197/1057
f 182/199/1058 158/286/1058 195/200/1058
f 246/202/1059 185/312/1059 156/203/1059
f 245/205/1060 188/315/1060 152/206/1060
f 244/208/157 196/288/263 155/209/158
f 191/211/1061 152/1656/1061 188/212/1061
f 201/214/1062 170/313/1062 200/215/1062
f 241/217/1063 202/306/1063 171/218/1063
f 240/220/1064 179/309/1064 161/221/1064
f 239/223/1065 205/305/1065 169/224/1065
f 206/226/167 172/296/1066 207/227/168
f 184/229/170 166/287/1067 208/230/171
f 209/232/1068 160/314/1068 190/233/1068
f 210/235/1069 173/289/1069 211/236/1069
f 234/238/1070 200/291/1070 170/239/1070
f 213/241/176 168/290/1071 186/242/177
f 232/244/179 214/285/220 174/245/180
f 197/247/1072 167/310/1072 216/248/1072
f 230/250/1073 217/284/1073 165/251/1073
f 229/253/1074 218/278/1074 175/254/1074
f 194/256/1075 164/316/1075 220/257/1075
f 221/259/1076 162/279/1076 180/260/1076
f 226/262/1077 222/268/1077 176/263/1077
f 191/265/1078 161/1657/1078 224/266/1078
f 225/267/1079 224/266/1079 176/263/1079
f 178/269/1080 225/267/1080 222/268/1080
f 152/271/1081 191/265/1081 225/267/1081
f 177/272/1082 226/262/1082 223/264/1082
f 151/274/1083 190/275/1083 226/262/1083
f 190/275/1084 160/270/1084 222/268/1084
f 227/261/1085 180/260/1085 153/276/1085
f 223/264/1086 227/261/1086 189/277/1086
f 176/263/1087 221/259/1087 227/261/1087
f 228/258/1088 220/257/1088 175/254/1088
f 192/198/1089 228/258/1089 218/278/1089
f 154/197/1090 194/256/1090 228/258/1090
f 181/280/1091 229/253/1091 219/255/1091
f 153/276/1092 180/260/1092 229/253/1092
f 180/260/1093 162/279/1093 218/278/1093
f 193/282/1094 230/250/1094 183/252/1094
f 163/281/1095 219/255/1095 230/250/1095
f 219/255/1096 175/254/1096 217/284/1096
f 231/249/208 216/248/1097 174/245/209
f 195/200/211 231/249/208 214/285/210
f 158/286/1098 197/247/1098 231/249/1098
f 184/229/214 232/244/218 215/246/215
f 157/283/217 183/252/1099 232/244/218
f 183/252/219 165/251/1100 214/285/220
f 233/243/221 186/242/1101 155/209/222
f 215/246/215 233/243/221 196/288/223
f 174/245/180 213/241/176 233/243/178
f 210/235/1102 234/238/1102 212/240/1102
f 168/290/1103 198/204/1103 234/238/1103
f 198/204/1104 156/203/1104 200/291/1104
f 235/237/1105 211/236/1105 169/292/1105
f 186/242/1106 235/237/1106 187/293/1106
f 168/290/1107 210/235/1107 235/237/1107
f 236/234/1108 190/233/1108 151/294/1108
f 211/236/1109 236/234/1109 199/295/1109
f 173/289/1110 209/232/1110 236/234/1110
f 237/231/233 208/230/1111 172/296/234
f 193/297/1112 237/231/233 206/226/235
f 157/283/237 184/229/170 237/231/172
f 238/228/169 207/227/168 159/299/239
f 181/301/1113 238/228/1113 189/300/1113
f 163/298/1114 206/226/1114 238/228/1114
f 177/303/1115 239/223/1115 199/225/1115
f 159/299/239 207/227/168 239/223/246
f 207/227/168 172/296/1066 205/305/245
f 202/306/247 240/220/163 204/222/165
f 164/307/249 194/308/1116 240/220/163
f 194/308/1117 154/1658/1117 179/309/1117
f 197/247/1118 241/217/1118 203/219/1118
f 158/286/1119 182/311/1119 241/217/1119
f 182/311/1120 164/307/1120 202/306/1120
f 242/216/1121 200/215/1121 156/203/1121
f 203/219/1122 242/216/1122 185/312/1122
f 171/218/1123 201/214/1123 242/216/1123
f 243/213/257 188/212/1124 170/313/258
f 204/222/165 243/213/257 201/214/259
f 161/221/1125 191/211/1125 243/213/1125
f 205/305/262 244/208/261 187/210/1126
f 172/296/234 208/230/1111 244/208/261
f 208/230/171 166/287/1067 196/288/263
f 209/232/1127 245/205/1127 178/207/1127
f 173/289/1128 212/240/1128 245/205/1128
f 212/240/1129 170/239/1129 188/315/1129
f 213/241/267 246/202/270 198/204/268
f 174/245/209 216/248/1097 246/202/270
f 216/248/1130 167/310/1130 185/312/1130
f 247/201/1131 195/200/1131 165/251/1131
f 220/257/1132 247/201/1132 217/284/1132
f 164/316/1133 182/199/1133 247/201/1133
f 221/259/1134 248/196/1134 192/198/1134
f 176/263/1135 224/266/1135 248/196/1135
f 224/266/1136 161/1657/1136 179/317/1136
f 277/318/1137 252/402/1137 290/319/1137
f 345/321/1138 280/438/1138 256/322/1138
f 344/324/1139 283/432/1139 254/325/1139
f 343/327/1140 286/437/1140 250/328/1140
f 342/330/1141 294/410/1141 253/331/1141
f 341/333/1142 289/434/1142 250/334/1142
f 299/336/1143 268/433/1143 298/337/1143
f 339/339/1144 300/426/1144 269/340/1144
f 277/342/1145 259/1659/1145 302/343/1145
f 303/345/1146 267/435/1146 297/346/1146
f 336/348/1147 304/417/1147 270/349/1147
f 282/351/1148 264/409/1148 306/352/1148
f 307/354/1149 258/436/1149 288/355/1149
f 333/357/1150 308/412/1150 271/358/1150
f 298/360/1151 268/1660/1151 310/361/1151
f 331/363/1152 311/411/1152 266/364/1152
f 312/366/1153 272/407/1153 313/367/1153
f 295/369/1154 265/430/1154 314/370/1154
f 315/372/1155 263/408/1155 281/373/1155
f 327/375/1156 316/400/1156 273/376/1156
f 292/378/1157 262/1661/1157 318/379/1157
f 319/381/1158 260/401/1158 278/382/1158
f 324/384/1159 320/390/1159 274/385/1159
f 323/387/1160 289/393/1160 259/388/1160
f 320/390/1161 323/387/1161 322/389/1161
f 258/391/1162 276/392/1162 323/387/1162
f 276/392/1163 250/1662/1163 289/393/1163
f 324/384/1164 321/386/1164 257/394/1164
f 288/396/1165 324/384/1165 275/395/1165
f 288/396/1166 258/391/1166 320/390/1166
f 287/398/1167 325/383/1167 278/382/1167
f 257/394/1168 321/386/1168 325/383/1168
f 274/385/1169 319/381/1169 325/383/1169
f 326/380/1170 318/379/1170 273/376/1170
f 290/319/1171 326/380/1171 316/400/1171
f 252/402/1172 292/378/1172 326/380/1172
f 279/403/1173 327/375/1173 317/377/1173
f 251/399/1174 278/382/1174 327/375/1174
f 278/382/1175 260/401/1175 316/400/1175
f 328/374/1176 281/373/1176 255/405/1176
f 317/377/318 328/374/1177 291/406/319
f 273/376/1178 315/372/1178 328/374/1178
f 329/371/1179 314/370/1179 272/407/1179
f 293/323/1180 329/371/1180 312/366/1180
f 256/322/1181 295/369/1181 329/371/1181
f 330/368/1182 313/367/1182 264/409/1182
f 281/373/1183 330/368/1183 282/351/1183
f 263/408/1184 312/366/1184 330/368/1184
f 294/410/1185 331/363/1185 284/365/1185
f 264/409/1186 313/367/1186 331/363/1186
f 313/367/1187 272/407/1187 311/411/1187
f 332/362/1188 310/361/1188 271/358/1188
f 296/326/1189 332/362/1189 308/412/1189
f 254/325/1190 298/360/1190 332/362/1190
f 285/413/334 333/357/1191 309/359/335
f 253/331/1192 284/365/1192 333/357/1192
f 284/365/1193 266/364/1193 308/412/1193
f 334/356/1194 288/355/1194 249/415/1194
f 309/359/1195 334/356/1195 297/416/1195
f 271/358/1196 307/354/1196 334/356/1196
f 335/353/1197 306/352/1197 270/349/1197
f 291/418/1198 335/353/1198 304/417/1198
f 255/405/1199 282/351/1199 335/353/1199
f 287/420/1200 336/348/1200 305/350/1200
f 251/422/1201 279/423/1201 336/348/1201
f 279/423/1202 261/419/1202 304/417/1202
f 337/347/1203 297/346/1203 249/424/1203
f 305/350/1204 337/347/1204 275/425/1204
f 270/349/1205 303/345/1205 337/347/1205
f 338/344/1206 302/343/1206 269/340/1206
f 292/427/1207 338/344/1207 300/426/1207
f 252/429/1208 277/342/1208 338/344/1208
f 295/369/1209 339/339/1209 301/341/1209
f 256/322/1210 280/431/1210 339/339/1210
f 280/431/1211 262/428/1211 300/426/1211
f 340/338/1212 298/337/1212 254/325/1212
f 301/341/1213 340/338/1213 283/432/1213
f 269/340/1214 299/336/1214 340/338/1214
f 299/336/1215 341/333/1215 286/335/1215
f 269/340/1216 302/343/1216 341/333/1216
f 302/343/1217 259/1659/1217 289/434/1217
f 303/345/1218 342/330/1218 285/332/1218
f 270/349/1219 306/352/1219 342/330/1219
f 306/352/1220 264/409/1220 294/410/1220
f 307/354/1221 343/327/1221 276/329/1221
f 271/358/1222 310/361/1222 343/327/1222
f 310/361/1223 268/1660/1223 286/437/1223
f 311/411/1224 344/324/1224 296/326/1224
f 272/407/1225 314/370/1225 344/324/1225
f 314/370/1226 265/430/1226 283/432/1226
f 315/372/1227 345/321/1227 293/323/1227
f 273/376/1228 318/379/1228 345/321/1228
f 318/379/1229 262/1661/1229 280/438/1229
f 346/320/1230 290/319/1230 260/401/1230
f 322/389/1231 346/320/1231 319/381/1231
f 259/388/1232 277/318/1232 346/320/1232
f 375/439/1233 350/523/1233 388/440/1233
f 443/442/1234 378/559/1234 354/443/1234
f 381/445/382 352/535/1235 394/446/383
f 441/448/1236 384/1663/1236 348/449/1236
f 440/451/1237 392/532/1237 351/452/1237
f 439/454/1238 387/556/1238 348/455/1238
f 397/457/1239 366/555/1239 396/458/1239
f 437/460/1240 398/550/1240 367/461/1240
f 375/463/1241 357/1664/1241 400/464/1241
f 435/466/1242 401/549/1242 365/467/1242
f 402/469/1243 368/540/1243 403/470/1243
f 380/472/1244 362/531/1244 404/473/1244
f 405/475/1245 356/557/1245 386/476/1245
f 406/478/1246 369/533/1246 407/479/1246
f 396/481/1247 366/558/1247 408/482/1247
f 409/484/1248 364/534/1248 382/485/1248
f 410/487/1249 370/529/1249 411/488/1249
f 427/490/1250 393/530/1250 363/491/1250
f 426/493/1251 413/528/1251 361/494/1251
f 425/496/1252 414/522/1252 371/497/1252
f 424/499/1253 390/1665/1253 360/500/1253
f 423/502/1254 417/521/1254 358/503/1254
f 418/505/1255 372/511/1255 419/506/1255
f 421/508/1256 387/514/1256 357/509/1256
f 418/505/1257 421/508/1257 420/510/1257
f 356/512/1258 374/513/1258 421/508/1258
f 374/513/1259 348/1666/1259 387/514/1259
f 422/507/1260 419/506/1260 355/515/1260
f 386/517/1261 422/507/1261 373/516/1261
f 356/512/1262 418/505/1262 422/507/1262
f 385/519/1263 423/502/1263 376/504/1263
f 355/515/1264 419/506/1264 423/502/1264
f 419/506/1265 372/511/1265 417/521/1265
f 414/522/1266 424/499/1266 416/501/1266
f 358/503/1267 388/440/1267 424/499/1267
f 350/523/1268 390/1665/1268 424/499/1268
f 377/524/1269 425/496/1269 415/498/1269
f 349/520/1270 376/504/1270 425/496/1270
f 376/504/1271 358/503/1271 414/522/1271
f 389/526/1272 426/493/1272 379/495/1272
f 359/525/424 415/498/1273 426/493/425
f 415/498/1274 371/497/1274 413/528/1274
f 410/487/1275 427/490/1275 412/492/1275
f 361/494/1276 391/444/1276 427/490/1276
f 391/444/430 354/443/1277 393/530/431
f 428/489/1278 411/488/1278 362/531/1278
f 379/495/1279 428/489/1279 380/472/1279
f 379/495/1280 361/494/1280 410/487/1280
f 392/532/1281 429/486/1281 382/485/1281
f 362/531/1282 411/488/1282 429/486/1282
f 411/488/1283 370/529/1283 409/484/1283
f 430/483/398 408/482/397 369/533/1284
f 394/446/443 430/483/442 406/478/1285
f 352/535/1286 396/481/1286 430/483/1286
f 431/480/444 407/479/1287 365/536/445
f 382/485/1288 431/480/1288 383/537/1288
f 364/534/1289 406/478/1289 431/480/1289
f 432/477/1290 386/476/1290 347/538/1290
f 407/479/1291 432/477/1291 395/539/1291
f 369/533/1292 405/475/1292 432/477/1292
f 433/474/1293 404/473/1293 368/540/1293
f 389/541/1294 433/474/1294 402/469/1294
f 353/527/1295 380/472/1295 433/474/1295
f 385/543/1296 434/471/1296 403/470/1296
f 349/545/1297 377/546/1297 434/471/1297
f 359/542/1298 402/469/1298 434/471/1298
f 435/466/1299 395/468/1299 347/547/1299
f 403/470/1300 435/466/1300 373/548/1300
f 403/470/1301 368/540/1301 401/549/1301
f 436/465/1302 400/464/1302 367/461/1302
f 390/551/1303 436/465/1303 398/550/1303
f 350/553/1304 375/463/1304 436/465/1304
f 393/530/1305 437/460/1305 399/462/1305
f 354/443/1306 378/554/1306 437/460/1306
f 378/554/1307 360/552/1307 398/550/1307
f 438/459/1308 396/458/1308 352/535/1308
f 399/462/1309 438/459/1309 381/445/1309
f 367/461/1310 397/457/1310 438/459/1310
f 397/457/1311 439/454/1311 384/456/1311
f 367/461/1312 400/464/1312 439/454/1312
f 400/464/1313 357/1664/1313 387/556/1313
f 401/549/1314 440/451/1314 383/453/1314
f 368/540/1315 404/473/1315 440/451/1315
f 404/473/1316 362/531/1316 392/532/1316
f 441/448/1317 374/450/1317 356/557/1317
f 408/482/1318 441/448/1318 405/475/1318
f 366/558/1319 384/1663/1319 441/448/1319
f 442/447/1320 394/446/1320 364/534/1320
f 412/492/1321 442/447/1321 409/484/1321
f 363/491/1322 381/445/1322 442/447/1322
f 413/528/1323 443/442/379 391/444/381
f 371/497/1324 416/501/484 443/442/486
f 416/501/1325 360/500/1325 378/559/1325
f 444/441/1326 388/440/1326 358/503/1326
f 420/510/1327 444/441/1327 417/521/1327
f 357/509/1328 375/439/1328 444/441/1328
f 473/560/1329 448/644/1329 486/561/1329
f 476/563/1330 452/651/1330 489/564/1330
f 540/566/492 479/677/1331 450/567/493
f 539/569/1332 482/681/1332 446/570/1332
f 538/572/1333 490/653/1333 449/573/1333
f 537/575/1334 485/679/1334 446/576/1334
f 495/578/1335 464/678/1335 494/579/1335
f 535/581/1336 496/671/1336 465/582/1336
f 473/584/1337 455/1667/1337 498/585/1337
f 499/587/1338 463/680/1338 493/588/1338
f 532/590/1339 500/662/1339 466/591/1339
f 478/593/1340 460/652/1340 502/594/1340
f 530/596/1341 503/661/1341 454/597/1341
f 529/599/1342 504/655/1342 467/600/1342
f 528/602/1343 494/656/1343 464/603/1343
f 527/605/1344 507/654/1344 462/606/1344
f 508/608/1345 468/649/1345 509/609/1345
f 491/611/1346 461/675/1346 510/612/1346
f 511/614/1347 459/650/1347 477/615/1347
f 512/617/1348 469/642/1348 513/618/1348
f 488/620/1349 458/682/1349 514/621/1349
f 515/623/513 456/643/1350 474/624/514
f 520/626/1351 516/632/1351 470/627/1351
f 519/629/1352 485/635/1352 455/630/1352
f 516/632/1353 519/629/1353 518/631/1353
f 454/633/1354 472/634/1354 519/629/1354
f 472/634/1355 446/1668/1355 485/635/1355
f 520/626/1356 517/628/1356 453/636/1356
f 445/638/1357 484/639/1357 520/626/1357
f 484/639/523 454/633/1358 516/632/524
f 521/625/1359 474/624/1359 447/640/1359
f 453/636/1360 517/628/1360 521/625/1360
f 470/627/1361 515/623/1361 521/625/1361
f 522/622/1362 514/621/1362 469/642/1362
f 486/561/1363 522/622/1363 512/617/1363
f 448/644/1364 488/620/1364 522/622/1364
f 523/619/1365 513/618/1365 457/645/1365
f 474/624/1366 523/619/1366 475/646/1366
f 456/643/1367 512/617/1367 523/619/1367
f 524/616/1368 477/615/1368 451/647/1368
f 513/618/536 524/616/1369 487/648/537
f 469/642/1370 511/614/1370 524/616/1370
f 525/613/1371 510/612/1371 468/649/1371
f 489/564/1372 525/613/1372 508/608/1372
f 452/651/542 491/611/1373 525/613/543
f 526/610/1374 509/609/1374 460/652/1374
f 477/615/1375 526/610/1375 478/593/1375
f 459/650/1376 508/608/1376 526/610/1376
f 490/653/1377 527/605/1377 480/607/1377
f 460/652/1378 509/609/1378 527/605/1378
f 509/609/1379 468/649/1379 507/654/1379
f 504/655/1380 528/602/1380 506/604/1380
f 462/606/1381 492/568/1381 528/602/1381
f 492/568/1382 450/567/1382 494/656/1382
f 481/657/554 529/599/1383 505/601/555
f 449/573/1384 480/607/1384 529/599/1384
f 480/607/1385 462/606/1385 504/655/1385
f 493/659/1386 530/596/1386 484/598/1386
f 463/658/1387 505/601/1387 530/596/1387
f 505/601/1388 467/600/1388 503/661/1388
f 500/662/1389 531/595/1389 502/594/1389
f 457/663/1390 487/664/1390 531/595/1390
f 451/647/1391 478/593/1391 531/595/1391
f 483/665/1392 532/590/1392 501/592/1392
f 447/667/1393 475/668/1393 532/590/1393
f 475/668/1394 457/663/1394 500/662/1394
f 533/589/1395 493/588/1395 445/669/1395
f 501/592/1396 533/589/1396 471/670/1396
f 466/591/1397 499/587/1397 533/589/1397
f 496/671/1398 534/586/1398 498/585/1398
f 458/672/1399 488/674/1399 534/586/1399
f 448/673/1400 473/584/1400 534/586/1400
f 491/611/1401 535/581/1401 497/583/1401
f 452/651/1402 476/676/1402 535/581/1402
f 476/676/1403 458/672/1403 496/671/1403
f 536/580/1404 494/579/1404 450/567/1404
f 497/583/1405 536/580/1405 479/677/1405
f 465/582/1406 495/578/1406 536/580/1406
f 537/575/1407 482/577/1407 464/678/1407
f 498/585/1408 537/575/1408 495/578/1408
f 498/585/1409 455/1667/1409 485/679/1409
f 538/572/1410 481/574/1410 463/680/1410
f 502/594/1411 538/572/1411 499/587/1411
f 502/594/1412 460/652/1412 490/653/1412
f 503/661/1413 539/569/1413 472/571/1413
f 467/600/1414 506/604/1414 539/569/1414
f 506/604/1415 464/603/1415 482/681/1415
f 507/654/1416 540/566/1416 492/568/1416
f 468/649/1417 510/612/1417 540/566/1417
f 510/612/1418 461/675/1418 479/677/1418
f 541/565/1419 489/564/1419 459/650/1419
f 514/621/1420 541/565/1420 511/614/1420
f 458/682/1421 476/563/1421 541/565/1421
f 542/562/1422 486/561/1422 456/643/1422
f 518/631/1423 542/562/1423 515/623/1423
f 455/630/1424 473/560/1424 542/562/1424
f 640/683/1425 571/1669/1425 546/684/1425
f 639/686/1426 574/802/1426 550/687/1426
f 638/689/1427 577/796/1427 548/690/1427
f 637/692/1428 580/1670/1428 544/693/1428
f 636/695/1429 588/774/1429 547/696/1429
f 635/698/1430 583/798/1430 544/699/1430
f 593/701/1431 562/797/1431 592/702/1431
f 633/704/1432 594/790/1432 563/705/1432
f 571/707/1433 553/1671/1433 596/708/1433
f 597/710/1434 561/799/1434 591/711/1434
f 630/713/1435 598/781/1435 564/714/1435
f 576/716/1436 558/773/1436 600/717/1436
f 601/719/1437 552/800/1437 582/720/1437
f 602/722/1438 565/776/1438 603/723/1438
f 592/725/1439 562/801/1439 604/726/1439
f 625/728/1440 605/775/1440 560/729/1440
f 606/731/1441 566/771/1441 607/732/1441
f 589/734/1442 559/794/1442 608/735/1442
f 609/737/1443 557/772/1443 575/738/1443
f 621/740/1444 610/765/1444 567/741/1444
f 620/743/1445 586/1672/1445 556/744/1445
f 613/746/1446 554/766/1446 572/747/1446
f 618/749/1447 614/755/1447 568/750/1447
f 617/752/1448 583/1673/1448 553/753/1448
f 614/755/1449 617/752/1449 616/754/1449
f 552/756/1450 570/758/1450 617/752/1450
f 544/757/1451 583/1673/1451 617/752/1451
f 618/749/1452 615/751/1452 551/759/1452
f 582/761/1453 618/749/1453 569/760/1453
f 582/761/1454 552/756/1454 614/755/1454
f 581/763/1455 619/748/1455 572/747/1455
f 551/759/1456 615/751/1456 619/748/1456
f 568/750/1457 613/746/1457 619/748/1457
f 610/765/1458 620/743/1458 612/745/1458
f 584/685/1459 620/743/1459 610/765/1459
f 546/684/1460 586/1672/1460 620/743/1460
f 573/767/1461 621/740/1461 611/742/1461
f 545/764/1462 572/747/1462 621/740/1462
f 572/747/1463 554/766/1463 610/765/1463
f 622/739/1464 575/738/1464 549/769/1464
f 611/742/638 622/739/1465 585/770/639
f 611/742/1466 567/741/1466 609/737/1466
f 623/736/1467 608/735/1467 566/771/1467
f 587/688/1468 623/736/1468 606/731/1468
f 550/687/1469 589/734/1469 623/736/1469
f 624/733/1470 607/732/1470 558/773/1470
f 549/769/1471 575/738/1471 624/733/1471
f 557/772/1472 606/731/1472 624/733/1472
f 625/728/1473 578/730/1473 547/696/1473
f 558/773/1474 607/732/1474 625/728/1474
f 607/732/1475 566/771/1475 605/775/1475
f 626/727/1476 604/726/1476 565/776/1476
f 590/691/1477 626/727/1477 602/722/1477
f 548/690/1478 592/725/1478 626/727/1478
f 579/777/654 627/724/1479 603/723/655
f 547/696/1480 578/730/1480 627/724/1480
f 578/730/1481 560/729/1481 602/722/1481
f 628/721/1482 582/720/1482 543/779/1482
f 603/723/1483 628/721/1483 591/780/1483
f 565/776/1484 601/719/1484 628/721/1484
f 629/718/1485 600/717/1485 564/714/1485
f 585/782/1486 629/718/1486 598/781/1486
f 549/769/1487 576/716/1487 629/718/1487
f 581/784/1488 630/713/1488 599/715/1488
f 545/786/1489 573/787/1489 630/713/1489
f 573/787/1490 555/783/1490 598/781/1490
f 631/712/1491 591/711/1491 543/788/1491
f 599/715/1492 631/712/1492 569/789/1492
f 564/714/1493 597/710/1493 631/712/1493
f 632/709/1494 596/708/1494 563/705/1494
f 586/791/1495 632/709/1495 594/790/1495
f 546/793/1496 571/707/1496 632/709/1496
f 589/734/1497 633/704/1497 595/706/1497
f 550/687/1498 574/795/1498 633/704/1498
f 574/795/1499 556/792/1499 594/790/1499
f 634/703/1500 592/702/1500 548/690/1500
f 595/706/1501 634/703/1501 577/796/1501
f 563/705/1502 593/701/1502 634/703/1502
f 593/701/1503 635/698/1503 580/700/1503
f 563/705/1504 596/708/1504 635/698/1504
f 596/708/1505 553/1671/1505 583/798/1505
f 597/710/1506 636/695/1506 579/697/1506
f 564/714/1507 600/717/1507 636/695/1507
f 600/717/1508 558/773/1508 588/774/1508
f 601/719/1509 637/692/1509 570/694/1509
f 604/726/1510 637/692/1510 601/719/1510
f 562/801/1511 580/1670/1511 637/692/1511
f 605/775/1512 638/689/1512 590/691/1512
f 566/771/1513 608/735/1513 638/689/1513
f 608/735/1514 559/794/1514 577/796/1514
f 609/737/1515 639/686/1515 587/688/1515
f 567/741/1516 612/745/1516 639/686/1516
f 612/745/1517 556/744/1517 574/802/1517
f 640/683/1518 584/685/1518 554/766/1518
f 616/754/1519 640/683/1519 613/746/1519
f 553/753/1520 571/1669/1520 640/683/1520
f 738/803/1425 669/1674/1425 644/804/1425
f 737/806/1426 672/922/1426 648/807/1426
f 736/809/1427 675/916/1427 646/810/1427
f 735/812/1428 678/1675/1428 642/813/1428
f 734/815/1521 686/894/1521 645/816/1521
f 733/818/1430 681/918/1430 642/819/1430
f 691/821/1522 660/917/1522 690/822/1522
f 731/824/1432 692/910/1432 661/825/1432
f 669/827/1523 651/1676/1523 694/828/1523
f 695/830/1434 659/919/1434 689/831/1434
f 728/833/1435 696/901/1435 662/834/1435
f 674/836/1524 656/893/1524 698/837/1524
f 699/839/1437 650/920/1437 680/840/1437
f 700/842/1438 663/896/1438 701/843/1438
f 690/845/1439 660/921/1439 702/846/1439
f 723/848/1525 703/895/1525 658/849/1525
f 704/851/1526 664/891/1526 705/852/1526
f 687/854/1527 657/914/1527 706/855/1527
f 707/857/1528 655/892/1528 673/858/1528
f 719/860/1444 708/885/1444 665/861/1444
f 718/863/1445 684/1677/1445 654/864/1445
f 711/866/1446 652/886/1446 670/867/1446
f 716/869/1447 712/875/1447 666/870/1447
f 715/872/1529 681/1678/1529 651/873/1529
f 712/875/1449 715/872/1449 714/874/1449
f 650/876/1450 668/878/1450 715/872/1450
f 642/877/1451 681/1678/1451 715/872/1451
f 716/869/1452 713/871/1452 649/879/1452
f 680/881/1453 716/869/1453 667/880/1453
f 680/881/1454 650/876/1454 712/875/1454
f 679/883/1455 717/868/1455 670/867/1455
f 649/879/1456 713/871/1456 717/868/1456
f 666/870/1457 711/866/1457 717/868/1457
f 708/885/1458 718/863/1458 710/865/1458
f 682/805/1459 718/863/1459 708/885/1459
f 644/804/1460 684/1677/1460 718/863/1460
f 671/887/1461 719/860/1461 709/862/1461
f 643/884/1530 670/867/1530 719/860/1530
f 670/867/1463 652/886/1463 708/885/1463
f 720/859/1531 673/858/1531 647/889/1531
f 709/862/638 720/859/1465 683/890/639
f 709/862/1466 665/861/1466 707/857/1466
f 721/856/1532 706/855/1532 664/891/1532
f 685/808/1533 721/856/1533 704/851/1533
f 648/807/1469 687/854/1469 721/856/1469
f 722/853/1534 705/852/1534 656/893/1534
f 647/889/1471 673/858/1471 722/853/1471
f 655/892/1472 704/851/1472 722/853/1472
f 723/848/1535 676/850/1535 645/816/1535
f 656/893/1536 705/852/1536 723/848/1536
f 705/852/1475 664/891/1475 703/895/1475
f 724/847/1476 702/846/1476 663/896/1476
f 688/811/1477 724/847/1477 700/842/1477
f 646/810/1478 690/845/1478 724/847/1478
f 677/897/654 725/844/1479 701/843/655
f 645/816/1480 676/850/1480 725/844/1480
f 676/850/1537 658/849/1537 700/842/1537
f 726/841/1538 680/840/1538 641/899/1538
f 701/843/1483 726/841/1483 689/900/1483
f 663/896/1484 699/839/1484 726/841/1484
f 727/838/1485 698/837/1485 662/834/1485
f 683/902/1486 727/838/1486 696/901/1486
f 647/889/1487 674/836/1487 727/838/1487
f 679/904/1488 728/833/1488 697/835/1488
f 643/906/1489 671/907/1489 728/833/1489
f 671/907/1490 653/903/1490 696/901/1490
f 729/832/1491 689/831/1491 641/908/1491
f 697/835/1492 729/832/1492 667/909/1492
f 662/834/1493 695/830/1493 729/832/1493
f 730/829/1494 694/828/1494 661/825/1494
f 684/911/1495 730/829/1495 692/910/1495
f 644/913/1496 669/827/1496 730/829/1496
f 687/854/1497 731/824/1497 693/826/1497
f 648/807/1498 672/915/1498 731/824/1498
f 672/915/1539 654/912/1539 692/910/1539
f 732/823/1500 690/822/1500 646/810/1500
f 693/826/1501 732/823/1501 675/916/1501
f 661/825/1502 691/821/1502 732/823/1502
f 691/821/1503 733/818/1503 678/820/1503
f 661/825/1504 694/828/1504 733/818/1504
f 694/828/1505 651/1676/1505 681/918/1505
f 695/830/1506 734/815/1506 677/817/1506
f 662/834/1507 698/837/1507 734/815/1507
f 698/837/1508 656/893/1508 686/894/1508
f 699/839/1509 735/812/1509 668/814/1509
f 702/846/1510 735/812/1510 699/839/1510
f 660/921/1511 678/1675/1511 735/812/1511
f 703/895/1512 736/809/1512 688/811/1512
f 664/891/1540 706/855/1540 736/809/1540
f 706/855/1541 657/914/1541 675/916/1541
f 707/857/1515 737/806/1515 685/808/1515
f 665/861/1516 710/865/1516 737/806/1516
f 710/865/1517 654/864/1517 672/922/1517
f 738/803/1518 682/805/1518 652/886/1518
f 714/874/1519 738/803/1519 711/866/1519
f 651/873/1520 669/1674/1520 738/803/1520
f 836/923/1542 767/1044/1542 742/924/1542
f 835/926/938 770/1043/938 746/927/938
f 773/929/939 744/1019/939 786/930/939
f 776/932/1543 740/1679/1543 766/933/1543
f 832/935/1544 784/1016/1544 743/936/1544
f 831/938/1545 779/1039/1545 740/939/1545
f 789/941/943 758/1038/943 788/942/943
f 829/944/944 790/1033/944 759/945/944
f 767/947/945 749/1680/945 792/948/945
f 793/950/946 757/1040/946 787/951/946
f 826/953/1546 794/1024/1546 760/954/1546
f 772/956/948 754/1015/948 796/957/948
f 797/959/949 748/1041/949 778/960/949
f 798/962/1547 761/1017/1547 799/963/1547
f 788/965/1548 758/1042/1548 800/966/1548
f 801/968/952 756/1018/952 774/969/952
f 820/971/1549 802/1013/1549 762/972/1549
f 819/974/954 785/1014/954 755/975/954
f 818/977/955 805/1012/955 753/978/955
f 817/980/956 806/1006/956 763/981/956
f 816/983/957 782/1007/957 752/984/957
f 815/986/958 809/1005/958 750/987/958
f 810/989/1550 764/995/1550 811/990/1550
f 779/992/1551 749/1681/1551 812/993/1551
f 813/994/961 812/993/961 764/995/961
f 766/996/962 813/994/962 810/989/962
f 740/998/1552 779/992/1552 813/994/1552
f 765/999/1553 814/991/1553 811/990/1553
f 739/1001/965 778/1002/965 814/991/965
f 748/997/966 810/989/966 814/991/966
f 815/986/967 768/988/967 741/1003/967
f 811/990/968 815/986/968 777/1004/968
f 811/990/969 764/995/969 809/1005/969
f 806/1006/970 816/983/970 808/985/970
f 750/987/1554 780/925/1554 816/983/1554
f 780/925/972 742/924/972 782/1007/972
f 769/1008/973 817/980/973 807/982/973
f 741/1003/1555 768/988/1555 817/980/1555
f 768/988/975 750/987/975 806/1006/975
f 818/977/1556 771/979/1556 745/1010/1556
f 807/982/69 818/977/977 781/1011/722
f 807/982/978 763/981/978 805/1012/978
f 802/1013/979 819/974/979 804/976/979
f 753/978/980 783/928/980 819/974/980
f 783/928/1557 746/927/1557 785/1014/1557
f 772/956/982 820/971/982 803/973/982
f 745/1010/1558 771/979/1558 820/971/1558
f 771/979/984 753/978/984 802/1013/984
f 821/970/985 774/969/985 743/936/985
f 803/973/1559 821/970/1559 784/1016/1559
f 762/972/1560 801/968/1560 821/970/1560
f 822/967/988 800/966/988 761/1017/988
f 786/930/989 822/967/989 798/962/989
f 744/1019/990 788/965/990 822/967/990
f 775/1020/85 823/964/991 799/963/728
f 743/936/992 774/969/992 823/964/992
f 756/1018/1561 798/962/1561 823/964/1561
f 824/961/994 778/960/994 739/1022/994
f 799/963/995 824/961/995 787/1023/995
f 761/1017/996 797/959/996 824/961/996
f 825/958/997 796/957/997 760/954/997
f 781/1025/998 825/958/998 794/1024/998
f 745/1010/1562 772/956/1562 825/958/1562
f 777/1027/1000 826/953/1000 795/955/1000
f 741/1029/1563 769/1030/1563 826/953/1563
f 769/1030/1002 751/1026/1002 794/1024/1002
f 827/952/1564 787/951/1564 739/1031/1564
f 795/955/1565 827/952/1565 765/1032/1565
f 760/954/1005 793/950/1005 827/952/1005
f 828/949/1006 792/948/1006 759/945/1006
f 782/1034/1007 828/949/1007 790/1033/1007
f 742/1036/1566 767/947/1566 828/949/1566
f 785/1014/1009 829/944/1009 791/946/1009
f 746/927/1010 770/1037/1010 829/944/1010
f 770/1037/1011 752/1035/1011 790/1033/1011
f 830/943/1012 788/942/1012 744/1019/1012
f 791/946/1013 830/943/1013 773/929/1013
f 759/945/1014 789/941/1014 830/943/1014
f 789/941/1015 831/938/1015 776/940/1015
f 759/945/1016 792/948/1016 831/938/1016
f 792/948/1567 749/1680/1567 779/1039/1567
f 793/950/1568 832/935/1568 775/937/1568
f 760/954/1019 796/957/1019 832/935/1019
f 796/957/1020 754/1015/1020 784/1016/1020
f 833/934/1021 766/933/1021 748/1041/1021
f 800/966/1022 833/934/1022 797/959/1022
f 758/1042/1023 776/932/1023 833/934/1023
f 834/931/1024 786/930/1024 756/1018/1024
f 804/976/1569 834/931/1569 801/968/1569
f 755/975/1570 773/929/1570 834/931/1570
f 805/1012/1027 835/926/1027 783/928/1027
f 763/981/1028 808/985/1028 835/926/1028
f 808/985/1029 752/984/1029 770/1043/1029
f 809/1005/1571 836/923/1571 780/925/1571
f 764/995/1572 812/993/1572 836/923/1572
f 812/993/1573 749/1681/1573 767/1044/1573
f 865/1045/1574 840/1129/1574 878/1046/1574
f 933/1048/1138 868/1165/1138 844/1049/1138
f 932/1051/1139 871/1159/1139 842/1052/1139
f 931/1054/1575 874/1164/1575 838/1055/1575
f 930/1057/1576 882/1137/1576 841/1058/1576
f 929/1060/1577 877/1161/1577 838/1061/1577
f 887/1063/1578 856/1160/1578 886/1064/1578
f 927/1066/1144 888/1153/1144 857/1067/1144
f 865/1069/1145 847/1682/1145 890/1070/1145
f 891/1072/1146 855/1162/1146 885/1073/1146
f 924/1075/1147 892/1144/1147 858/1076/1147
f 870/1078/1148 852/1136/1148 894/1079/1148
f 895/1081/1149 846/1163/1149 876/1082/1149
f 921/1084/1579 896/1139/1579 859/1085/1579
f 886/1087/1151 856/1683/1151 898/1088/1151
f 919/1090/1580 899/1138/1580 854/1091/1580
f 900/1093/1153 860/1134/1153 901/1094/1153
f 883/1096/1154 853/1157/1154 902/1097/1154
f 903/1099/1581 851/1135/1581 869/1100/1581
f 915/1102/1156 904/1127/1156 861/1103/1156
f 880/1105/1157 850/1684/1157 906/1106/1157
f 907/1108/1582 848/1128/1582 866/1109/1582
f 912/1111/1159 908/1117/1159 862/1112/1159
f 911/1114/1160 877/1120/1160 847/1115/1160
f 908/1117/1161 911/1114/1161 910/1116/1161
f 846/1118/1162 864/1119/1162 911/1114/1162
f 864/1119/1583 838/1685/1583 877/1120/1583
f 912/1111/1164 909/1113/1164 845/1121/1164
f 876/1123/1584 912/1111/1584 863/1122/1584
f 876/1123/1166 846/1118/1166 908/1117/1166
f 875/1125/1167 913/1110/1167 866/1109/1167
f 845/1121/1168 909/1113/1168 913/1110/1168
f 862/1112/1585 907/1108/1585 913/1110/1585
f 914/1107/1170 906/1106/1170 861/1103/1170
f 878/1046/1586 914/1107/1586 904/1127/1586
f 840/1129/1587 880/1105/1587 914/1107/1587
f 867/1130/1173 915/1102/1173 905/1104/1173
f 839/1126/1174 866/1109/1174 915/1102/1174
f 866/1109/1175 848/1128/1175 904/1127/1175
f 916/1101/1588 869/1100/1588 843/1132/1588
f 905/1104/318 916/1101/1589 879/1133/747
f 861/1103/1590 903/1099/1590 916/1101/1590
f 917/1098/1179 902/1097/1179 860/1134/1179
f 881/1050/1180 917/1098/1180 900/1093/1180
f 844/1049/1181 883/1096/1181 917/1098/1181
f 918/1095/1182 901/1094/1182 852/1136/1182
f 869/1100/1591 918/1095/1591 870/1078/1591
f 851/1135/1592 900/1093/1592 918/1095/1592
f 882/1137/1593 919/1090/1593 872/1092/1593
f 852/1136/1594 901/1094/1594 919/1090/1594
f 901/1094/1187 860/1134/1187 899/1138/1187
f 920/1089/1188 898/1088/1188 859/1085/1188
f 884/1053/1189 920/1089/1189 896/1139/1189
f 842/1052/1190 886/1087/1190 920/1089/1190
f 873/1140/334 921/1084/1595 897/1086/335
f 841/1058/1596 872/1092/1596 921/1084/1596
f 872/1092/1597 854/1091/1597 896/1139/1597
f 922/1083/1194 876/1082/1194 837/1142/1194
f 897/1086/1195 922/1083/1195 885/1143/1195
f 859/1085/1196 895/1081/1196 922/1083/1196
f 923/1080/1197 894/1079/1197 858/1076/1197
f 879/1145/1198 923/1080/1198 892/1144/1198
f 843/1132/1598 870/1078/1598 923/1080/1598
f 875/1147/1200 924/1075/1200 893/1077/1200
f 839/1149/1201 867/1150/1201 924/1075/1201
f 867/1150/1599 849/1146/1599 892/1144/1599
f 925/1074/1600 885/1073/1600 837/1151/1600
f 893/1077/1204 925/1074/1204 863/1152/1204
f 858/1076/1205 891/1072/1205 925/1074/1205
f 926/1071/1206 890/1070/1206 857/1067/1206
f 880/1154/1207 926/1071/1207 888/1153/1207
f 840/1156/1601 865/1069/1601 926/1071/1601
f 883/1096/1209 927/1066/1209 889/1068/1209
f 844/1049/1210 868/1158/1210 927/1066/1210
f 868/1158/1211 850/1155/1211 888/1153/1211
f 928/1065/1212 886/1064/1212 842/1052/1212
f 889/1068/1213 928/1065/1213 871/1159/1213
f 857/1067/1214 887/1063/1214 928/1065/1214
f 887/1063/1215 929/1060/1215 874/1062/1215
f 857/1067/1216 890/1070/1216 929/1060/1216
f 890/1070/1217 847/1682/1217 877/1161/1217
f 891/1072/1218 930/1057/1218 873/1059/1218
f 858/1076/1219 894/1079/1219 930/1057/1219
f 894/1079/1220 852/1136/1220 882/1137/1220
f 895/1081/1602 931/1054/1602 864/1056/1602
f 859/1085/1222 898/1088/1222 931/1054/1222
f 898/1088/1223 856/1683/1223 874/1164/1223
f 899/1138/1224 932/1051/1224 884/1053/1224
f 860/1134/1225 902/1097/1225 932/1051/1225
f 902/1097/1226 853/1157/1226 871/1159/1226
f 903/1099/1227 933/1048/1227 881/1050/1227
f 861/1103/1228 906/1106/1228 933/1048/1228
f 906/1106/1229 850/1684/1229 868/1165/1229
f 934/1047/1230 878/1046/1230 848/1128/1230
f 910/1116/1231 934/1047/1231 907/1108/1231
f 847/1115/1232 865/1045/1232 934/1047/1232
f 1032/1166/1603 963/1286/1603 938/1167/1603
f 1031/1169/1604 966/1285/1604 942/1170/1604
f 1030/1172/1605 969/1279/1605 940/1173/1605
f 1029/1175/1606 972/1284/1606 936/1176/1606
f 1028/1178/1607 980/1257/1607 939/1179/1607
f 1027/1181/1608 975/1281/1608 936/1182/1608
f 985/1184/1609 954/1280/1609 984/1185/1609
f 1025/1187/1610 986/1273/1610 955/1188/1610
f 963/1190/1611 945/1686/1611 988/1191/1611
f 989/1193/1612 953/1282/1612 983/1194/1612
f 1022/1196/1613 990/1264/1613 956/1197/1613
f 968/1199/1614 950/1256/1614 992/1200/1614
f 993/1202/1615 944/1283/1615 974/1203/1615
f 994/1205/1616 957/1258/1616 995/1206/1616
f 984/1208/1617 954/1687/1617 996/1209/1617
f 997/1211/1618 952/1259/1618 970/1212/1618
f 1016/1214/1619 998/1254/1619 958/1215/1619
f 981/1217/1620 951/1277/1620 1000/1218/1620
f 1001/1220/1621 949/1255/1621 967/1221/1621
f 1002/1223/1622 959/1248/1622 1003/1224/1622
f 978/1226/1623 948/1688/1623 1004/1227/1623
f 1005/1229/1624 946/1249/1624 964/1230/1624
f 1010/1232/1625 1006/1238/1625 960/1233/1625
f 975/1235/1626 945/1689/1626 1008/1236/1626
f 1009/1237/1627 1008/1236/1627 960/1233/1627
f 962/1239/1628 1009/1237/1628 1006/1238/1628
f 936/1241/1629 975/1235/1629 1009/1237/1629
f 961/1242/1630 1010/1232/1630 1007/1234/1630
f 935/1244/1631 974/1245/1631 1010/1232/1631
f 974/1245/1632 944/1240/1632 1006/1238/1632
f 1011/1231/1633 964/1230/1633 937/1246/1633
f 1007/1234/1634 1011/1231/1634 973/1247/1634
f 960/1233/1635 1005/1229/1635 1011/1231/1635
f 1002/1223/1636 1012/1228/1636 1004/1227/1636
f 976/1168/1637 1012/1228/1637 1002/1223/1637
f 938/1167/1638 978/1226/1638 1012/1228/1638
f 965/1250/1639 1013/1225/1639 1003/1224/1639
f 937/1246/1640 964/1230/1640 1013/1225/1640
f 964/1230/1641 946/1249/1641 1002/1223/1641
f 1014/1222/1642 967/1221/1642 941/1252/1642
f 1003/1224/1643 1014/1222/1643 977/1253/1643
f 1003/1224/1644 959/1248/1644 1001/1220/1644
f 1015/1219/1645 1000/1218/1645 958/1215/1645
f 979/1171/1646 1015/1219/1646 998/1254/1646
f 942/1170/1647 981/1217/1647 1015/1219/1647
f 968/1199/1648 1016/1214/1648 999/1216/1648
f 941/1252/1649 967/1221/1649 1016/1214/1649
f 967/1221/1650 949/1255/1650 998/1254/1650
f 1017/1213/1651 970/1212/1651 939/1179/1651
f 999/1216/1652 1017/1213/1652 980/1257/1652
f 958/1215/1653 997/1211/1653 1017/1213/1653
f 994/1205/1654 1018/1210/1654 996/1209/1654
f 982/1174/1655 1018/1210/1655 994/1205/1655
f 940/1173/1656 984/1208/1656 1018/1210/1656
f 971/1260/1657 1019/1207/1657 995/1206/1657
f 939/1179/1658 970/1212/1658 1019/1207/1658
f 970/1212/1659 952/1259/1659 994/1205/1659
f 1020/1204/1660 974/1203/1660 935/1262/1660
f 995/1206/1661 1020/1204/1661 983/1263/1661
f 995/1206/1662 957/1258/1662 993/1202/1662
f 1021/1201/1663 992/1200/1663 956/1197/1663
f 977/1265/1664 1021/1201/1664 990/1264/1664
f 941/1252/1665 968/1199/1665 1021/1201/1665
f 973/1267/1666 1022/1196/1666 991/1198/1666
f 937/1269/1667 965/1270/1667 1022/1196/1667
f 965/1270/1668 947/1266/1668 990/1264/1668
f 1023/1195/1669 983/1194/1669 935/1271/1669
f 991/1198/1670 1023/1195/1670 961/1272/1670
f 956/1197/1671 989/1193/1671 1023/1195/1671
f 1024/1192/1672 988/1191/1672 955/1188/1672
f 978/1274/1673 1024/1192/1673 986/1273/1673
f 938/1276/1674 963/1190/1674 1024/1192/1674
f 981/1217/1675 1025/1187/1675 987/1189/1675
f 942/1170/1676 966/1278/1676 1025/1187/1676
f 966/1278/1677 948/1275/1677 986/1273/1677
f 1026/1186/1678 984/1185/1678 940/1173/1678
f 987/1189/1679 1026/1186/1679 969/1279/1679
f 955/1188/1680 985/1184/1680 1026/1186/1680
f 985/1184/1681 1027/1181/1681 972/1183/1681
f 955/1188/1682 988/1191/1682 1027/1181/1682
f 988/1191/1683 945/1686/1683 975/1281/1683
f 989/1193/1684 1028/1178/1684 971/1180/1684
f 956/1197/1685 992/1200/1685 1028/1178/1685
f 992/1200/1686 950/1256/1686 980/1257/1686
f 993/1202/1687 1029/1175/1687 962/1177/1687
f 996/1209/1688 1029/1175/1688 993/1202/1688
f 996/1209/1689 954/1687/1689 972/1284/1689
f 997/1211/1690 1030/1172/1690 982/1174/1690
f 958/1215/1691 1000/1218/1691 1030/1172/1691
f 1000/1218/1692 951/1277/1692 969/1279/1692
f 1001/1220/1693 1031/1169/1693 979/1171/1693
f 1004/1227/1694 1031/1169/1694 1001/1220/1694
f 1004/1227/1695 948/1688/1695 966/1285/1695
f 1005/1229/1696 1032/1166/1696 976/1168/1696
f 960/1233/1697 1008/1236/1697 1032/1166/1697
f 1008/1236/1698 945/1689/1698 963/1286/1698
f 1130/1287/1603 1061/1407/1603 1036/1288/1603
f 1129/1290/1604 1064/1406/1604 1040/1291/1604
f 1128/1293/1699 1067/1400/1699 1038/1294/1699
f 1127/1296/1700 1070/1405/1700 1034/1297/1700
f 1126/1299/1607 1078/1378/1607 1037/1300/1607
f 1125/1302/1701 1073/1402/1701 1034/1303/1701
f 1083/1305/1609 1052/1401/1609 1082/1306/1609
f 1123/1308/1610 1084/1394/1610 1053/1309/1610
f 1061/1311/1611 1043/1690/1611 1086/1312/1611
f 1087/1314/1612 1051/1403/1612 1081/1315/1612
f 1120/1317/1613 1088/1385/1613 1054/1318/1613
f 1066/1320/1614 1048/1377/1614 1090/1321/1614
f 1091/1323/1615 1042/1404/1615 1072/1324/1615
f 1092/1326/1702 1055/1379/1702 1093/1327/1702
f 1082/1329/1703 1052/1691/1703 1094/1330/1703
f 1095/1332/1618 1050/1380/1618 1068/1333/1618
f 1114/1335/1619 1096/1375/1619 1056/1336/1619
f 1079/1338/1620 1049/1398/1620 1098/1339/1620
f 1099/1341/1621 1047/1376/1621 1065/1342/1621
f 1100/1344/1704 1057/1369/1704 1101/1345/1704
f 1076/1347/1705 1046/1692/1705 1102/1348/1705
f 1103/1350/1706 1044/1370/1706 1062/1351/1706
f 1108/1353/1625 1104/1359/1625 1058/1354/1625
f 1073/1356/1626 1043/1693/1626 1106/1357/1626
f 1107/1358/1627 1106/1357/1627 1058/1354/1627
f 1060/1360/1707 1107/1358/1707 1104/1359/1707
f 1034/1362/1708 1073/1356/1708 1107/1358/1708
f 1059/1363/1709 1108/1353/1709 1105/1355/1709
f 1033/1365/1710 1072/1366/1710 1108/1353/1710
f 1072/1366/1632 1042/1361/1632 1104/1359/1632
f 1109/1352/1633 1062/1351/1633 1035/1367/1633
f 1105/1355/1711 1109/1352/1711 1071/1368/1711
f 1058/1354/1635 1103/1350/1635 1109/1352/1635
f 1100/1344/1636 1110/1349/1636 1102/1348/1636
f 1074/1289/1637 1110/1349/1637 1100/1344/1637
f 1036/1288/1638 1076/1347/1638 1110/1349/1638
f 1063/1371/1639 1111/1346/1639 1101/1345/1639
f 1035/1367/1640 1062/1351/1640 1111/1346/1640
f 1062/1351/1641 1044/1370/1641 1100/1344/1641
f 1112/1343/1642 1065/1342/1642 1039/1373/1642
f 1101/1345/1712 1112/1343/1712 1075/1374/1712
f 1101/1345/1713 1057/1369/1713 1099/1341/1713
f 1113/1340/1645 1098/1339/1645 1056/1336/1645
f 1077/1292/1714 1113/1340/1714 1096/1375/1714
f 1040/1291/1647 1079/1338/1647 1113/1340/1647
f 1066/1320/1715 1114/1335/1715 1097/1337/1715
f 1039/1373/1649 1065/1342/1649 1114/1335/1649
f 1065/1342/1716 1047/1376/1716 1096/1375/1716
f 1115/1334/1717 1068/1333/1717 1037/1300/1717
f 1097/1337/1652 1115/1334/1652 1078/1378/1652
f 1056/1336/1653 1095/1332/1653 1115/1334/1653
f 1092/1326/1654 1116/1331/1654 1094/1330/1654
f 1080/1295/1655 1116/1331/1655 1092/1326/1655
f 1038/1294/1718 1082/1329/1718 1116/1331/1718
f 1069/1381/1657 1117/1328/1657 1093/1327/1657
f 1037/1300/1719 1068/1333/1719 1117/1328/1719
f 1068/1333/1659 1050/1380/1659 1092/1326/1659
f 1118/1325/1660 1072/1324/1660 1033/1383/1660
f 1093/1327/1661 1118/1325/1661 1081/1384/1661
f 1093/1327/1720 1055/1379/1720 1091/1323/1720
f 1119/1322/1663 1090/1321/1663 1054/1318/1663
f 1075/1386/1664 1119/1322/1664 1088/1385/1664
f 1039/1373/1665 1066/1320/1665 1119/1322/1665
f 1071/1388/1666 1120/1317/1666 1089/1319/1666
f 1035/1390/1667 1063/1391/1667 1120/1317/1667
f 1063/1391/1668 1045/1387/1668 1088/1385/1668
f 1121/1316/1669 1081/1315/1669 1033/1392/1669
f 1089/1319/1670 1121/1316/1670 1059/1393/1670
f 1054/1318/1671 1087/1314/1671 1121/1316/1671
f 1122/1313/1672 1086/1312/1672 1053/1309/1672
f 1076/1395/1673 1122/1313/1673 1084/1394/1673
f 1036/1397/1674 1061/1311/1674 1122/1313/1674
f 1079/1338/1675 1123/1308/1675 1085/1310/1675
f 1040/1291/1676 1064/1399/1676 1123/1308/1676
f 1064/1399/1677 1046/1396/1677 1084/1394/1677
f 1124/1307/1721 1082/1306/1721 1038/1294/1721
f 1085/1310/1679 1124/1307/1679 1067/1400/1679
f 1053/1309/1680 1083/1305/1680 1124/1307/1680
f 1083/1305/1722 1125/1302/1722 1070/1304/1722
f 1053/1309/1682 1086/1312/1682 1125/1302/1682
f 1086/1312/1683 1043/1690/1683 1073/1402/1683
f 1087/1314/1723 1126/1299/1723 1069/1301/1723
f 1054/1318/1685 1090/1321/1685 1126/1299/1685
f 1090/1321/1686 1048/1377/1686 1078/1378/1686
f 1091/1323/1687 1127/1296/1687 1060/1298/1687
f 1094/1330/1688 1127/1296/1688 1091/1323/1688
f 1094/1330/1724 1052/1691/1724 1070/1405/1724
f 1095/1332/1725 1128/1293/1725 1080/1295/1725
f 1056/1336/1691 1098/1339/1691 1128/1293/1691
f 1098/1339/1692 1049/1398/1692 1067/1400/1692
f 1099/1341/1693 1129/1290/1693 1077/1292/1693
f 1102/1348/1694 1129/1290/1694 1099/1341/1694
f 1102/1348/1726 1046/1692/1726 1064/1406/1726
f 1103/1350/1696 1130/1287/1696 1074/1289/1696
f 1058/1354/1697 1106/1357/1697 1130/1287/1697
f 1106/1357/1698 1043/1693/1698 1061/1407/1698
f 1228/1408/1727 1159/1694/1727 1134/1409/1727
f 1227/1411/1426 1162/1527/1426 1138/1412/1426
f 1226/1414/1728 1165/1521/1728 1136/1415/1728
f 1225/1417/1428 1168/1695/1428 1132/1418/1428
f 1224/1420/1429 1176/1499/1429 1135/1421/1429
f 1223/1423/1729 1171/1523/1729 1132/1424/1729
f 1181/1426/1522 1150/1522/1522 1180/1427/1522
f 1221/1429/1432 1182/1515/1432 1151/1430/1432
f 1159/1432/1433 1141/1696/1433 1184/1433/1433
f 1185/1435/1434 1149/1524/1434 1179/1436/1434
f 1218/1438/1435 1186/1506/1435 1152/1439/1435
f 1164/1441/1730 1146/1498/1730 1188/1442/1730
f 1189/1444/1437 1140/1525/1437 1170/1445/1437
f 1190/1447/1438 1153/1501/1438 1191/1448/1438
f 1180/1450/1439 1150/1526/1439 1192/1451/1439
f 1213/1453/1525 1193/1500/1525 1148/1454/1525
f 1194/1456/1731 1154/1496/1731 1195/1457/1731
f 1177/1459/1442 1147/1519/1442 1196/1460/1442
f 1197/1462/1443 1145/1497/1443 1163/1463/1443
f 1209/1465/1444 1198/1490/1444 1155/1466/1444
f 1208/1468/1445 1174/1697/1445 1144/1469/1445
f 1201/1471/1446 1142/1491/1446 1160/1472/1446
f 1206/1474/1447 1202/1480/1447 1156/1475/1447
f 1205/1477/1448 1171/1698/1448 1141/1478/1448
f 1202/1480/1449 1205/1477/1449 1204/1479/1449
f 1140/1481/1450 1158/1483/1450 1205/1477/1450
f 1132/1482/1732 1171/1698/1732 1205/1477/1732
f 1206/1474/1452 1203/1476/1452 1139/1484/1452
f 1170/1486/1453 1206/1474/1453 1157/1485/1453
f 1170/1486/1454 1140/1481/1454 1202/1480/1454
f 1169/1488/1455 1207/1473/1455 1160/1472/1455
f 1139/1484/1456 1203/1476/1456 1207/1473/1456
f 1156/1475/1457 1201/1471/1457 1207/1473/1457
f 1198/1490/1458 1208/1468/1458 1200/1470/1458
f 1172/1410/1733 1208/1468/1733 1198/1490/1733
f 1134/1409/1460 1174/1697/1460 1208/1468/1460
f 1161/1492/1461 1209/1465/1461 1199/1467/1461
f 1133/1489/1530 1160/1472/1530 1209/1465/1530
f 1160/1472/1463 1142/1491/1463 1198/1490/1463
f 1210/1464/1531 1163/1463/1531 1137/1494/1531
f 1199/1467/638 1210/1464/1734 1173/1495/639
f 1199/1467/1466 1155/1466/1466 1197/1462/1466
f 1211/1461/1467 1196/1460/1467 1154/1496/1467
f 1175/1413/1533 1211/1461/1533 1194/1456/1533
f 1138/1412/1469 1177/1459/1469 1211/1461/1469
f 1212/1458/1735 1195/1457/1735 1146/1498/1735
f 1137/1494/1736 1163/1463/1736 1212/1458/1736
f 1145/1497/1472 1194/1456/1472 1212/1458/1472
f 1213/1453/1737 1166/1455/1737 1135/1421/1737
f 1146/1498/1738 1195/1457/1738 1213/1453/1738
f 1195/1457/1475 1154/1496/1475 1193/1500/1475
f 1214/1452/1476 1192/1451/1476 1153/1501/1476
f 1178/1416/1477 1214/1452/1477 1190/1447/1477
f 1136/1415/1739 1180/1450/1739 1214/1452/1739
f 1167/1502/654 1215/1449/1479 1191/1448/655
f 1135/1421/1480 1166/1455/1480 1215/1449/1480
f 1166/1455/1537 1148/1454/1537 1190/1447/1537
f 1216/1446/1538 1170/1445/1538 1131/1504/1538
f 1191/1448/1483 1216/1446/1483 1179/1505/1483
f 1153/1501/1484 1189/1444/1484 1216/1446/1484
f 1217/1443/1485 1188/1442/1485 1152/1439/1485
f 1173/1507/1486 1217/1443/1486 1186/1506/1486
f 1137/1494/1487 1164/1441/1487 1217/1443/1487
f 1169/1509/1488 1218/1438/1488 1187/1440/1488
f 1133/1511/1740 1161/1512/1740 1218/1438/1740
f 1161/1512/1490 1143/1508/1490 1186/1506/1490
f 1219/1437/1741 1179/1436/1741 1131/1513/1741
f 1187/1440/1492 1219/1437/1492 1157/1514/1492
f 1152/1439/1493 1185/1435/1493 1219/1437/1493
f 1220/1434/1494 1184/1433/1494 1151/1430/1494
f 1174/1516/1495 1220/1434/1495 1182/1515/1495
f 1134/1518/1742 1159/1432/1742 1220/1434/1742
f 1177/1459/1497 1221/1429/1497 1183/1431/1497
f 1138/1412/1498 1162/1520/1498 1221/1429/1498
f 1162/1520/1539 1144/1517/1539 1182/1515/1539
f 1222/1428/1500 1180/1427/1500 1136/1415/1500
f 1183/1431/1501 1222/1428/1501 1165/1521/1501
f 1151/1430/1502 1181/1426/1502 1222/1428/1502
f 1181/1426/1743 1223/1423/1743 1168/1425/1743
f 1151/1430/1504 1184/1433/1504 1223/1423/1504
f 1184/1433/1505 1141/1696/1505 1171/1523/1505
f 1185/1435/1506 1224/1420/1506 1167/1422/1506
f 1152/1439/1507 1188/1442/1507 1224/1420/1507
f 1188/1442/1744 1146/1498/1744 1176/1499/1744
f 1189/1444/1509 1225/1417/1509 1158/1419/1509
f 1192/1451/1745 1225/1417/1745 1189/1444/1745
f 1150/1526/1511 1168/1695/1511 1225/1417/1511
f 1193/1500/1746 1226/1414/1746 1178/1416/1746
f 1154/1496/1513 1196/1460/1513 1226/1414/1513
f 1196/1460/1514 1147/1519/1514 1165/1521/1514
f 1197/1462/1515 1227/1411/1515 1175/1413/1515
f 1155/1466/1516 1200/1470/1516 1227/1411/1516
f 1200/1470/1517 1144/1469/1517 1162/1527/1517
f 1228/1408/1518 1172/1410/1518 1142/1491/1518
f 1204/1479/1519 1228/1408/1519 1201/1471/1519
f 1141/1478/1747 1159/1694/1747 1228/1408/1747
f 1326/1528/1425 1257/1699/1425 1232/1529/1425
f 1325/1531/1426 1260/1647/1426 1236/1532/1426
f 1324/1534/1728 1263/1641/1728 1234/1535/1728
f 1323/1537/1748 1266/1700/1748 1230/1538/1748
f 1322/1540/1429 1274/1619/1429 1233/1541/1429
f 1321/1543/1729 1269/1643/1729 1230/1544/1729
f 1279/1546/1431 1248/1642/1431 1278/1547/1431
f 1319/1549/1432 1280/1635/1432 1249/1550/1432
f 1257/1552/1523 1239/1701/1523 1282/1553/1523
f 1283/1555/1434 1247/1644/1434 1277/1556/1434
f 1316/1558/1435 1284/1626/1435 1250/1559/1435
f 1262/1561/1436 1244/1618/1436 1286/1562/1436
f 1287/1564/1437 1238/1645/1437 1268/1565/1437
f 1288/1567/1438 1251/1621/1438 1289/1568/1438
f 1278/1570/1439 1248/1646/1439 1290/1571/1439
f 1311/1573/1525 1291/1620/1525 1246/1574/1525
f 1292/1576/1441 1252/1616/1441 1293/1577/1441
f 1275/1579/1442 1245/1639/1442 1294/1580/1442
f 1295/1582/1443 1243/1617/1443 1261/1583/1443
f 1307/1585/1444 1296/1610/1444 1253/1586/1444
f 1306/1588/1445 1272/1702/1445 1242/1589/1445
f 1299/1591/1446 1240/1611/1446 1258/1592/1446
f 1304/1594/1447 1300/1600/1447 1254/1595/1447
f 1303/1597/1529 1269/1703/1529 1239/1598/1529
f 1300/1600/1449 1303/1597/1449 1302/1599/1449
f 1238/1601/1450 1256/1603/1450 1303/1597/1450
f 1230/1602/1732 1269/1703/1732 1303/1597/1732
f 1304/1594/1452 1301/1596/1452 1237/1604/1452
f 1268/1606/1453 1304/1594/1453 1255/1605/1453
f 1268/1606/1454 1238/1601/1454 1300/1600/1454
f 1267/1608/1455 1305/1593/1455 1258/1592/1455
f 1237/1604/1456 1301/1596/1456 1305/1593/1456
f 1254/1595/1457 1299/1591/1457 1305/1593/1457
f 1296/1610/1458 1306/1588/1458 1298/1590/1458
f 1270/1530/1459 1306/1588/1459 1296/1610/1459
f 1232/1529/1460 1272/1702/1460 1306/1588/1460
f 1259/1612/1461 1307/1585/1461 1297/1587/1461
f 1231/1609/1530 1258/1592/1530 1307/1585/1530
f 1258/1592/1463 1240/1611/1463 1296/1610/1463
f 1308/1584/1531 1261/1583/1531 1235/1614/1531
f 1297/1587/638 1308/1584/1734 1271/1615/639
f 1297/1587/1466 1253/1586/1466 1295/1582/1466
f 1309/1581/1749 1294/1580/1749 1252/1616/1749
f 1273/1533/1533 1309/1581/1533 1292/1576/1533
f 1236/1532/1469 1275/1579/1469 1309/1581/1469
f 1310/1578/1534 1293/1577/1534 1244/1618/1534
f 1235/1614/1471 1261/1583/1471 1310/1578/1471
f 1243/1617/1472 1292/1576/1472 1310/1578/1472
f 1311/1573/1473 1264/1575/1473 1233/1541/1473
f 1244/1618/1536 1293/1577/1536 1311/1573/1536
f 1293/1577/1475 1252/1616/1475 1291/1620/1475
f 1312/1572/1476 1290/1571/1476 1251/1621/1476
f 1276/1536/1477 1312/1572/1477 1288/1567/1477
f 1234/1535/1739 1278/1570/1739 1312/1572/1739
f 1265/1622/654 1313/1569/1479 1289/1568/655
f 1233/1541/1480 1264/1575/1480 1313/1569/1480
f 1264/1575/1481 1246/1574/1481 1288/1567/1481
f 1314/1566/1538 1268/1565/1538 1229/1624/1538
f 1289/1568/1483 1314/1566/1483 1277/1625/1483
f 1251/1621/1750 1287/1564/1750 1314/1566/1750
f 1315/1563/1485 1286/1562/1485 1250/1559/1485
f 1271/1627/1486 1315/1563/1486 1284/1626/1486
f 1235/1614/1487 1262/1561/1487 1315/1563/1487
f 1267/1629/1488 1316/1558/1488 1285/1560/1488
f 1231/1631/1489 1259/1632/1489 1316/1558/1489
f 1259/1632/1490 1241/1628/1490 1284/1626/1490
f 1317/1557/1491 1277/1556/1491 1229/1633/1491
f 1285/1560/1492 1317/1557/1492 1255/1634/1492
f 1250/1559/1493 1283/1555/1493 1317/1557/1493
f 1318/1554/1494 1282/1553/1494 1249/1550/1494
f 1272/1636/1495 1318/1554/1495 1280/1635/1495
f 1232/1638/1496 1257/1552/1496 1318/1554/1496
f 1275/1579/1497 1319/1549/1497 1281/1551/1497
f 1236/1532/1498 1260/1640/1498 1319/1549/1498
f 1260/1640/1751 1242/1637/1751 1280/1635/1751
f 1320/1548/1500 1278/1547/1500 1234/1535/1500
f 1281/1551/1501 1320/1548/1501 1263/1641/1501
f 1249/1550/1502 1279/1546/1502 1320/1548/1502
f 1279/1546/1503 1321/1543/1503 1266/1545/1503
f 1249/1550/1504 1282/1553/1504 1321/1543/1504
f 1282/1553/1752 1239/1701/1752 1269/1643/1752
f 1283/1555/1506 1322/1540/1506 1265/1542/1506
f 1250/1559/1507 1286/1562/1507 1322/1540/1507
f 1286/1562/1508 1244/1618/1508 1274/1619/1508
f 1287/1564/1509 1323/1537/1509 1256/1539/1509
f 1290/1571/1510 1323/1537/1510 1287/1564/1510
f 1248/1646/1511 1266/1700/1511 1323/1537/1511
f 1291/1620/1753 1324/1534/1753 1276/1536/1753
f 1252/1616/1754 1294/1580/1754 1324/1534/1754
f 1294/1580/1514 1245/1639/1514 1263/1641/1514
f 1295/1582/1515 1325/1531/1515 1273/1533/1515
f 1253/1586/1516 1298/1590/1516 1325/1531/1516
f 1298/1590/1517 1242/1589/1517 1260/1647/1517
f 1326/1528/1518 1270/1530/1518 1240/1611/1518
f 1302/1599/1519 1326/1528/1519 1299/1591/1519
f 1239/1598/1520 1257/1699/1520 1326/1528/1520
