# Blender 4.4.0
# www.blender.org
mtllib kaizyu1.mtl
o 立方体
v -0.880875 -0.147316 1.250321
v -0.880881 1.547134 1.250327
v -0.880875 -0.147316 -0.444124
v -0.880881 1.547134 -0.444130
v 0.813575 -0.147322 1.250321
v 0.813581 1.547134 1.250327
v 0.813575 -0.147322 -0.444124
v 0.813581 1.547134 -0.444130
v -0.969399 -0.235846 0.403099
v -0.969399 0.699906 1.338850
v -0.969405 1.635658 0.403099
v -0.969399 0.699906 -0.532653
v -0.033653 -0.235846 -0.532648
v -0.033653 1.635658 -0.532659
v 0.902099 0.699906 -0.532653
v 0.902099 -0.235846 0.403099
v 0.902104 1.635658 0.403099
v 0.902099 0.699906 1.338850
v -0.033653 -0.235846 1.338845
v -0.033653 1.635658 1.338856
v -0.033653 1.835485 0.403098
v -0.033653 -0.435662 0.403099
v 1.101927 0.699901 0.403099
v -0.033653 0.699901 -0.732475
v -1.169227 0.699901 0.403099
v -0.941811 -0.208252 0.857177
v -0.941816 1.153985 1.311262
v -0.941816 1.608069 -0.050986
v -0.941811 0.245822 -0.505059
v -0.487732 -0.208252 -0.505059
v 0.420431 1.608069 -0.505065
v 0.874510 0.245822 -0.505065
v 0.874510 -0.208257 -0.050980
v 0.874516 1.608069 0.857183
v 0.874510 0.245822 1.311262
v 0.420426 -0.208257 1.311256
v -0.487732 1.608069 1.311262
v -0.941811 -0.208252 -0.050980
v -0.941811 0.245822 1.311256
v -0.941816 1.608069 0.857183
v -0.941816 1.153985 -0.505065
v 0.420426 -0.208257 -0.505059
v -0.487732 1.608069 -0.505065
v 0.874510 1.153985 -0.505065
v 0.874510 -0.208257 0.857177
v 0.874516 1.608069 -0.050986
v 0.874510 1.153985 1.311262
v -0.487732 -0.208251 1.311256
v 0.420431 1.608069 1.311262
v -0.033653 1.763460 0.934878
v -0.033653 1.763459 -0.128681
v 0.498126 1.763459 0.403099
v -0.565432 1.763459 0.403099
v -0.033653 -0.363641 0.934867
v -0.033653 -0.363641 -0.128670
v -0.565421 -0.363641 0.403099
v 0.498121 -0.363641 0.403099
v -0.565427 0.699901 1.466646
v 0.498121 0.699901 1.466652
v -0.033653 1.231680 1.466652
v 1.029900 0.699901 0.934872
v 1.029900 0.699901 -0.128675
v 1.029895 0.168127 0.403099
v 1.029906 1.231680 0.403099
v 0.498121 0.699901 -0.660449
v -0.565427 0.699901 -0.660449
v -0.033653 0.168127 -0.660449
v -0.033653 1.231680 -0.660455
v -1.097201 0.699901 -0.128675
v -1.097201 0.699901 0.934872
v -1.097195 0.168132 0.403099
v -1.097206 1.231680 0.403099
v -1.044034 1.205097 0.908289
v -1.044028 0.194716 0.908289
v -1.044028 0.194716 -0.102092
v -0.538843 1.205097 -0.607288
v -0.538838 0.194716 -0.607277
v 0.471537 0.194710 -0.607282
v 0.976733 1.205097 -0.102092
v 0.976728 0.194710 -0.102092
v 0.976728 0.194710 0.908289
v 0.471543 1.205097 1.413485
v 0.471537 0.194710 1.413479
v -0.538838 0.194716 1.413479
v 0.471537 -0.310475 -0.102092
v -0.538838 -0.310475 -0.102086
v -0.538838 -0.310475 0.908283
v -0.538843 1.710287 -0.102097
v 0.471543 1.710293 -0.102097
v 0.471543 1.710293 0.908294
v -0.538843 1.710287 0.908294
v 0.471537 -0.310475 0.908289
v -0.538843 1.205097 1.413485
v 0.976733 1.205097 0.908294
v 0.471543 1.205097 -0.607288
v -1.044034 1.205097 -0.102092
v -0.913172 -0.179618 1.062741
v -0.913178 1.359548 1.282629
v -0.913178 1.579431 -0.256549
v -0.913178 0.040264 -0.476426
v -0.693295 -0.179619 -0.476426
v 0.625995 1.579437 -0.476432
v 0.845872 0.040258 -0.476426
v 0.845872 -0.179619 -0.256543
v 0.845877 1.579437 1.062746
v 0.845872 0.040258 1.282623
v 0.625995 -0.179618 1.282623
v -0.693295 1.579431 1.282629
v -0.962033 -0.228479 0.171002
v -0.962033 0.467810 1.331484
v -0.962039 1.628292 0.635195
v -0.962039 0.932003 -0.525287
v 0.198443 -0.228480 -0.525281
v -0.265749 1.628292 -0.525293
v 0.894738 0.932003 -0.525287
v 0.894733 -0.228479 0.635195
v 0.894738 1.628292 0.171002
v 0.894738 0.932003 1.331484
v -0.265749 -0.228479 1.331479
v 0.198449 1.628292 1.331490
v -0.033653 1.699034 1.152448
v -0.033653 1.815118 0.124297
v 0.715697 1.699034 0.403099
v -0.312455 1.815118 0.403098
v -0.033653 -0.299221 1.152437
v -0.033653 -0.415295 0.124303
v -0.782992 -0.299216 0.403099
v 0.245149 -0.415295 0.403099
v -0.782997 0.699901 1.402226
v -0.033653 -0.049438 1.402221
v -0.033653 0.978702 1.518305
v 0.965474 0.699901 1.152443
v 1.081553 0.699901 0.124297
v 0.965474 -0.049438 0.403099
v 1.081559 0.978702 0.403099
v 0.715697 0.699901 -0.596029
v -0.312455 0.699901 -0.712108
v -0.033653 -0.049438 -0.596023
v -0.033653 0.978702 -0.712108
v -1.032775 0.699901 -0.346246
v -1.148854 0.699901 0.681900
v -1.032775 -0.049438 0.403099
v -1.148860 0.978702 0.403099
v -0.962033 -0.228479 0.635195
v -0.962039 0.932003 1.331484
v -0.962039 1.628292 0.171002
v -0.962033 0.467810 -0.525287
v -0.265749 -0.228480 -0.525281
v 0.198449 1.628292 -0.525293
v 0.894733 0.467810 -0.525287
v 0.894733 -0.228479 0.171002
v 0.894738 1.628292 0.635195
v 0.894733 0.467810 1.331484
v 0.198443 -0.228479 1.331479
v -0.265749 1.628292 1.331490
v -0.913172 -0.179619 -0.256543
v -0.913178 0.040264 1.282623
v -0.913178 1.579431 1.062746
v -0.913178 1.359548 -0.476432
v 0.625995 -0.179619 -0.476426
v -0.693295 1.579431 -0.476432
v 0.845877 1.359554 -0.476432
v 0.845872 -0.179618 1.062741
v 0.845877 1.579437 -0.256549
v 0.845877 1.359554 1.282629
v -0.693295 -0.179618 1.282623
v 0.625995 1.579437 1.282629
v -0.033653 1.815118 0.681900
v -0.033653 1.699034 -0.346251
v 0.245154 1.815118 0.403098
v -0.783003 1.699034 0.403099
v -0.033653 -0.415295 0.681895
v -0.033653 -0.299221 -0.346240
v -0.312449 -0.415295 0.403099
v 0.715691 -0.299221 0.403099
v 0.715697 0.699901 1.402226
v -0.033653 1.449251 1.402232
v 1.081553 0.699901 0.681900
v 0.965474 0.699901 -0.346246
v 1.081553 0.421099 0.403099
v 0.965480 1.449250 0.403099
v 0.245149 0.699901 -0.712108
v -0.782997 0.699901 -0.596029
v -0.033653 0.421099 -0.712102
v -0.033653 1.449250 -0.596035
v -1.148854 0.699901 0.124297
v -1.032775 0.699901 1.152443
v -1.148854 0.421099 0.403099
v -1.032781 1.449250 0.403099
v -1.082496 1.224325 0.665308
v -0.993743 1.179949 1.123168
v -1.082496 0.962110 0.927523
v -0.993743 1.419975 0.883146
v -1.082490 0.175482 0.665308
v -0.993738 0.219858 1.123162
v -0.993738 -0.020163 0.883141
v -1.082490 0.437691 0.927517
v -0.993738 0.219858 -0.316965
v -1.082490 0.175482 0.140889
v -0.993738 -0.020163 -0.076944
v -1.082490 0.437691 -0.121320
v -0.295862 1.224325 -0.645750
v -0.753722 1.179948 -0.556992
v -0.558072 0.962110 -0.645744
v -0.513695 1.419975 -0.556997
v -0.295862 0.175482 -0.645739
v -0.753716 0.219858 -0.556986
v -0.513695 -0.020163 -0.556986
v -0.558072 0.437691 -0.645744
v 0.686416 0.219858 -0.556992
v 0.228556 0.175482 -0.645739
v 0.446395 -0.020163 -0.556986
v 0.490771 0.437691 -0.645744
v 1.015195 1.224325 0.140889
v 0.926443 1.179948 -0.316970
v 1.015195 0.962115 -0.121326
v 0.926443 1.419975 -0.076949
v 1.015190 0.175482 0.140889
v 0.926437 0.219858 -0.316970
v 0.926437 -0.020163 -0.076944
v 1.015190 0.437691 -0.121320
v 0.926437 0.219858 1.123168
v 1.015190 0.175482 0.665308
v 0.926437 -0.020163 0.883141
v 1.015190 0.437691 0.927523
v 0.228562 1.224325 1.451947
v 0.686416 1.179949 1.363194
v 0.490771 0.962115 1.451947
v 0.446395 1.419975 1.363194
v 0.686416 0.219858 1.363189
v 0.446395 -0.020163 1.363183
v 0.490771 0.437691 1.451942
v -0.753716 0.219858 1.363183
v -0.513695 -0.020163 1.363183
v -0.558072 0.437691 1.451942
v 0.490766 -0.348937 0.140889
v 0.446389 -0.260184 -0.316965
v 0.228556 -0.348937 -0.121320
v 0.686416 -0.260184 -0.076944
v -0.558066 -0.348931 0.140889
v -0.513695 -0.260184 -0.316965
v -0.753716 -0.260184 -0.076944
v -0.295862 -0.348931 -0.121320
v -0.513695 -0.260184 1.123162
v -0.558066 -0.348931 0.665308
v -0.753716 -0.260184 0.883141
v -0.295862 -0.348931 0.927517
v -0.558077 1.748749 0.140884
v -0.513701 1.659996 -0.316970
v -0.295862 1.748755 -0.121326
v -0.753722 1.659996 -0.076949
v 0.490777 1.748755 0.140884
v 0.446395 1.659996 -0.316970
v 0.686422 1.659996 -0.076949
v 0.228562 1.748755 -0.121326
v 0.446395 1.659996 1.123168
v 0.490777 1.748755 0.665313
v 0.686422 1.659996 0.883146
v 0.228562 1.748755 0.927523
v -0.513701 1.659996 1.123168
v -0.558077 1.748749 0.665313
v -0.295862 1.748755 0.927523
v -0.753722 1.659996 0.883146
v 0.446389 -0.260184 1.123162
v 0.490766 -0.348937 0.665308
v 0.228556 -0.348937 0.927517
v 0.686416 -0.260184 0.883141
v -0.753722 1.179949 1.363189
v -0.295862 1.224325 1.451947
v -0.558072 0.962110 1.451941
v -0.513695 1.419975 1.363194
v 0.926443 1.179949 1.123168
v 1.015195 1.224325 0.665313
v 1.015195 0.962115 0.927523
v 0.926443 1.419975 0.883146
v 0.686416 1.179948 -0.556997
v 0.228562 1.224325 -0.645750
v 0.490771 0.962115 -0.645750
v 0.446395 1.419975 -0.556997
v -0.993743 1.179948 -0.316970
v -1.082496 1.224325 0.140889
v -1.082496 0.962110 -0.121326
v -0.993743 1.419975 -0.076949
v -1.022181 1.441303 0.155968
v -1.130212 0.974039 0.128960
v -1.022181 0.947037 -0.338299
v 0.213483 1.441303 -0.585435
v 0.240491 0.974039 -0.693460
v 0.707744 0.947037 -0.585429
v 0.954880 1.441303 0.650235
v 1.062912 0.974039 0.677237
v 0.954880 0.947037 1.144496
v -0.280784 1.441303 1.391632
v -0.307791 0.974039 1.499658
v -0.775050 0.947037 1.391626
v 0.707739 -0.288621 0.650229
v 0.240485 -0.396647 0.677237
v 0.213478 -0.288621 1.144490
v -0.775050 1.688434 0.650235
v -0.307791 1.796465 0.677242
v -0.280784 1.688434 1.144501
v 0.240491 1.796471 0.677242
v 0.707750 1.688439 0.650235
v 0.657364 1.621255 1.094110
v 0.213483 1.688439 -0.338304
v 0.657364 1.621255 -0.287913
v 0.707750 1.688439 0.155962
v -0.724665 1.621255 -0.287913
v -0.280784 1.688434 -0.338304
v -0.307791 1.796465 0.128955
v -0.307791 -0.396647 0.677237
v -0.775045 -0.288621 0.650229
v -0.724659 -0.221437 1.094105
v -0.280784 -0.288621 -0.338293
v -0.724659 -0.221437 -0.287907
v -0.775045 -0.288621 0.155968
v 0.657359 -0.221443 -0.287907
v 0.213478 -0.288621 -0.338293
v 0.240485 -0.396647 0.128960
v -0.280784 -0.041491 1.391621
v -0.724659 0.008895 1.324442
v 0.707744 0.452770 1.391626
v 0.657359 0.008895 1.324442
v 0.213478 -0.041491 1.391621
v 0.657364 1.390918 1.324447
v 0.707744 0.947037 1.391632
v 0.240491 0.974039 1.499658
v 1.062906 0.425762 0.677237
v 0.954875 -0.041491 0.650229
v 0.887696 0.008895 1.094110
v 0.954875 0.452770 -0.338299
v 0.887696 0.008895 -0.287913
v 0.954875 -0.041491 0.155968
v 0.887701 1.390918 -0.287913
v 0.954880 0.947037 -0.338299
v 1.062912 0.974039 0.128960
v 0.240485 0.425762 -0.693455
v 0.213478 -0.041491 -0.585423
v 0.657359 0.008894 -0.518245
v -0.775045 0.452770 -0.585429
v -0.724659 0.008894 -0.518245
v -0.280784 -0.041491 -0.585423
v -0.724665 1.390918 -0.518250
v -0.775050 0.947037 -0.585429
v -0.307791 0.974039 -0.693460
v -1.130206 0.425762 0.128960
v -1.022175 -0.041491 0.155968
v -0.954996 0.008895 -0.287907
v -1.022175 0.452770 1.144496
v -0.954996 0.008895 1.094105
v -1.022175 -0.041491 0.650229
v -0.955002 1.390918 1.094110
v -1.022181 0.947037 1.144496
v -1.130212 0.974039 0.677237
v -1.022181 1.441303 0.650229
v -1.130206 0.425762 0.677237
v -1.022175 0.452770 -0.338293
v -0.280784 1.441303 -0.585435
v -0.307791 0.425762 -0.693455
v 0.707744 0.452770 -0.585429
v 0.954880 1.441303 0.155968
v 1.062906 0.425762 0.128960
v 0.954875 0.452770 1.144496
v 0.213483 1.441303 1.391632
v -0.775045 0.452770 1.391626
v 0.707739 -0.288621 0.155968
v -0.307791 -0.396647 0.128960
v -0.280784 -0.288621 1.144490
v -0.775050 1.688434 0.155968
v 0.240491 1.796471 0.128955
v 0.213483 1.688439 1.144501
v -0.724665 1.621255 1.094110
v 0.657359 -0.221443 1.094105
v -0.724665 1.390918 1.324447
v 0.887701 1.390918 1.094110
v 0.657364 1.390918 -0.518250
v -0.955002 1.390918 -0.287913
v -0.033653 1.009016 1.258626
v -0.565427 0.730215 1.206967
v 0.490771 0.992424 1.192262
v 0.498126 0.730215 1.206967
v 0.490771 0.468005 1.192257
v 0.471537 0.225024 1.153794
v -0.538838 0.225024 1.153794
v -0.558072 0.468005 1.192257
v -0.558072 0.992424 1.192262
v -0.033653 -0.019124 1.142541
v 0.446395 0.010151 1.103504
v -0.513695 0.010151 1.103504
v -0.307791 1.004353 1.239978
v -0.280784 -0.011177 1.131941
v 0.213478 -0.011177 1.131941
v 0.240491 1.004353 1.239978
v 0.245149 0.760361 1.000342
v -0.033653 0.760361 1.020710
v -0.033653 1.039163 1.000342
v -0.312455 0.760361 1.000342
v -0.565427 0.760361 0.948683
v -0.033653 0.481565 1.000342
v -0.033653 0.228593 0.948684
v 0.490771 1.022576 0.933984
v 0.498126 0.760361 0.948689
v 0.228562 0.235942 0.933979
v 0.490771 0.498152 0.933979
v 0.471537 0.255176 0.895517
v -0.295862 0.235942 0.933973
v -0.538838 0.255176 0.895517
v -0.558072 0.498152 0.933979
v -0.558072 1.022576 0.933979
v -0.033653 0.011022 0.884258
v 0.446395 0.040298 0.845226
v -0.513695 0.040303 0.845221
v -0.307791 1.034505 0.981695
v -0.307791 0.486223 0.981689
v -0.280784 0.018975 0.873658
v 0.213483 0.018969 0.873664
v 0.240491 1.034505 0.981695
v 0.240485 0.486223 0.981695
v -0.859374 -2.294645 1.196568
v -0.859374 -0.643197 1.196568
v -0.859374 -2.294645 -1.597077
v -0.859374 -0.643197 -1.597078
v 0.792085 -2.294651 1.196579
v 0.792085 -0.643186 1.196579
v 0.792085 -2.294651 -1.597089
v 0.792085 -0.643186 -1.597089
v -0.961994 -2.397265 -0.200255
v -0.961994 -1.468918 1.370164
v -0.961994 -0.540577 -0.200255
v -0.961994 -1.468918 -1.770674
v -0.033647 -2.397271 -1.770679
v -0.033647 -0.540572 -1.770685
v 0.894705 -1.468918 -1.770690
v 0.894705 -2.397276 -0.200255
v 0.894710 -0.540560 -0.200255
v 0.894710 -1.468918 1.370187
v -0.033647 -2.397270 1.370176
v -0.033647 -0.540566 1.370175
v -0.033653 -0.308922 -0.200255
v -0.033653 -2.628920 -0.200255
v -0.033653 -1.468924 1.762035
v 1.126360 -1.468924 -0.200255
v -0.033653 -1.468924 -2.162544
v -1.193638 -1.468924 -0.200255
v -0.930010 -2.365281 0.557902
v -0.930010 -1.020737 1.316059
v -0.930010 -0.572556 -0.958412
v -0.930010 -1.917100 -1.716569
v -0.481834 -2.365287 -1.716574
v 0.414534 -0.572550 -1.716586
v 0.862721 -1.917105 -1.716585
v 0.862721 -2.365292 -0.958423
v 0.862726 -0.572544 0.557913
v 0.862726 -1.917105 1.316076
v 0.414534 -2.365292 1.316070
v -0.481834 -0.572555 1.316065
v -0.930010 -2.365281 -0.958412
v -0.930010 -1.917099 1.316059
v -0.930010 -0.572555 0.557902
v -0.930010 -1.020737 -1.716569
v 0.414534 -2.365292 -1.716580
v -0.481834 -0.572556 -1.716574
v 0.862726 -1.020737 -1.716585
v 0.862721 -2.365292 0.557914
v 0.862726 -0.572550 -0.958423
v 0.862726 -1.020731 1.316082
v -0.481834 -2.365286 1.316065
v 0.414534 -0.572550 1.316076
v -0.033653 -0.392420 0.710265
v -0.033653 -0.392420 -1.110775
v 0.504599 -0.392414 -0.200255
v -0.571899 -0.392425 -0.200255
v -0.033653 -2.545423 0.710265
v -0.033653 -2.545423 -1.110775
v -0.571899 -2.545417 -0.200255
v 0.504599 -2.545428 -0.200255
v -0.571899 -1.468924 1.620780
v 0.504599 -1.468924 1.620802
v -0.033653 -2.007170 1.620791
v -0.033653 -0.930672 1.620791
v 1.042862 -1.468924 0.710276
v 1.042862 -1.468924 -1.110786
v 1.042862 -2.007176 -0.200255
v 1.042862 -0.930666 -0.200255
v 0.504599 -1.468924 -2.021306
v -0.571899 -1.468924 -2.021283
v -0.033653 -2.007170 -2.021294
v -0.033653 -0.930672 -2.021300
v -1.110140 -1.468924 -1.110764
v -1.110140 -1.468924 0.710254
v -1.110140 -2.007165 -0.200255
v -1.110140 -0.930677 -0.200255
v -1.048507 -0.961494 0.658126
v -1.048507 -1.976348 0.658126
v -1.048507 -1.976348 -1.058635
v -0.541083 -0.961488 -1.917027
v -0.541083 -1.976354 -1.917027
v 0.473782 -1.976354 -1.917044
v 0.981224 -0.961483 -1.058652
v 0.981224 -1.976359 -1.058652
v 0.981224 -1.976359 0.658143
v 0.473782 -0.961483 1.516535
v 0.473782 -1.976359 1.516535
v -0.541083 -1.976353 1.516518
v 0.473782 -2.483789 -1.058647
v -0.541083 -2.483783 -1.058641
v -0.541083 -2.483783 0.658132
v -0.541083 -0.454058 -1.058641
v 0.473782 -0.454047 -1.058647
v 0.473782 -0.454047 0.658143
v -0.541083 -0.454058 0.658132
v 0.473782 -2.483789 0.658137
v -0.541083 -0.961488 1.516518
v 0.981224 -0.961483 0.658143
v 0.473782 -0.961483 -1.917044
v -1.048507 -0.961494 -1.058635
v -0.896814 -2.332091 0.894869
v -0.896820 -0.821546 1.259910
v -0.896820 -0.605751 -1.295378
v -0.896814 -2.116297 -1.660414
v -0.681025 -2.332091 -1.660420
v 0.613736 -0.605746 -1.660431
v 0.829531 -2.116302 -1.660431
v 0.829531 -2.332096 -1.295390
v 0.829531 -0.605740 0.894880
v 0.829531 -2.116302 1.259921
v 0.613731 -2.332096 1.259921
v -0.681025 -0.605751 1.259910
v -0.953455 -2.388726 -0.589249
v -0.953455 -1.698870 1.355722
v -0.953455 -0.549111 0.188739
v -0.953455 -1.238972 -1.756226
v 0.196304 -2.388737 -1.756237
v -0.263605 -0.549111 -1.756237
v 0.886171 -1.238967 -1.756248
v 0.886171 -2.388737 0.188745
v 0.886171 -0.549100 -0.589255
v 0.886171 -1.238966 1.355739
v -0.263605 -2.388731 1.355728
v 0.196304 -0.549105 1.355733
v -0.033653 -0.467099 1.070777
v -0.033653 -0.332534 -0.680839
v 0.717719 -0.467093 -0.200255
v -0.317749 -0.332540 -0.200255
v -0.033653 -2.470738 1.070777
v -0.033653 -2.605302 -0.680839
v -0.785013 -2.470732 -0.200255
v 0.250443 -2.605308 -0.200255
v -0.785013 -1.468918 1.494442
v 0.250443 -1.468924 1.722098
v -0.033653 -2.220284 1.494453
v -0.033653 -1.184828 1.722087
v 0.968178 -1.468918 1.070789
v 1.102748 -1.468924 -0.680850
v 0.968178 -2.220290 -0.200255
v 1.102748 -1.184822 -0.200255
v 0.717719 -1.468918 -1.894973
v -0.317749 -1.468924 -2.122591
v -0.033653 -2.220284 -1.894962
v -0.033653 -1.184828 -2.122596
v -1.035461 -1.468918 -1.471276
v -1.170020 -1.468924 0.280324
v -1.035461 -2.220279 -0.200255
v -1.170020 -1.184828 -0.200255
v -0.953455 -2.388726 0.188740
v -0.953455 -1.238966 1.355722
v -0.953455 -0.549116 -0.589249
v -0.953455 -1.698870 -1.756226
v -0.263605 -2.388731 -1.756237
v 0.196304 -0.549105 -1.756243
v 0.886171 -1.698876 -1.756248
v 0.886171 -2.388737 -0.589254
v 0.886171 -0.549100 0.188745
v 0.886171 -1.698876 1.355739
v 0.196304 -2.388737 1.355733
v -0.263605 -0.549111 1.355728
v -0.896814 -2.332091 -1.295373
v -0.896814 -2.116296 1.259910
v -0.896820 -0.605751 0.894869
v -0.896820 -0.821546 -1.660420
v 0.613731 -2.332097 -1.660431
v -0.681025 -0.605751 -1.660420
v 0.829531 -0.821540 -1.660431
v 0.829531 -2.332096 0.894880
v 0.829531 -0.605746 -1.295390
v 0.829531 -0.821540 1.259921
v -0.681025 -2.332091 1.259910
v 0.613736 -0.605745 1.259921
v -0.033653 -0.332534 0.280329
v -0.033653 -0.467099 -1.471287
v 0.250443 -0.332534 -0.200255
v -0.785013 -0.467110 -0.200255
v -0.033653 -2.605302 0.280329
v -0.033653 -2.470738 -1.471287
v -0.317749 -2.605302 -0.200255
v 0.717719 -2.470749 -0.200255
v -0.317749 -1.468924 1.722082
v 0.717719 -1.468918 1.494470
v -0.033653 -1.753020 1.722087
v -0.033653 -0.717558 1.494458
v 1.102748 -1.468924 0.280340
v 0.968178 -1.468918 -1.471298
v 1.102748 -1.753020 -0.200255
v 0.968178 -0.717547 -0.200255
v 0.250443 -1.468924 -2.122602
v -0.785013 -1.468918 -1.894951
v -0.033653 -1.753014 -2.122596
v -0.033653 -0.717558 -1.894962
v -1.170020 -1.468924 -0.680833
v -1.035461 -1.468918 1.070766
v -1.170020 -1.753014 -0.200255
v -1.035461 -0.717564 -0.200255
v -1.093096 -0.939200 0.247793
v -0.990208 -0.990641 1.013355
v -1.093096 -1.204062 0.695840
v -0.990208 -0.751502 0.608818
v -1.093096 -1.998642 0.247793
v -0.990208 -1.947201 1.013355
v -0.990208 -2.186340 0.608818
v -1.093096 -1.733780 0.695840
v -0.990208 -1.947202 -1.413864
v -1.093096 -1.998642 -0.648302
v -0.990208 -2.186340 -1.009328
v -1.093096 -1.733781 -1.096344
v -0.298515 -0.939194 -1.992455
v -0.751069 -0.990641 -1.818401
v -0.563377 -1.204062 -1.992450
v -0.511931 -0.751497 -1.818406
v -0.298515 -1.998648 -1.992450
v -0.751069 -1.947202 -1.818401
v -0.511931 -2.186340 -1.818401
v -0.563377 -1.733781 -1.992450
v 0.683780 -1.947207 -1.818418
v 0.231209 -1.998648 -1.992461
v 0.444636 -2.186346 -1.818418
v 0.496077 -1.733786 -1.992466
v 1.025812 -0.939189 -0.648313
v 0.922924 -0.990635 -1.413881
v 1.025812 -1.204056 -1.096366
v 0.922924 -0.751491 -1.009339
v 1.025812 -1.998654 -0.648308
v 0.922924 -1.947207 -1.413881
v 0.922924 -2.186351 -1.009339
v 1.025812 -1.733786 -1.096366
v 0.922924 -1.947207 1.013372
v 1.025812 -1.998654 0.247804
v 0.922924 -2.186351 0.608830
v 1.025812 -1.733786 0.695857
v 0.231209 -0.939194 1.591957
v 0.683780 -0.990635 1.417914
v 0.496077 -1.204056 1.591962
v 0.444636 -0.751491 1.417908
v 0.231209 -1.998648 1.591957
v 0.683780 -1.947207 1.417914
v 0.444636 -2.186346 1.417908
v 0.496077 -1.733786 1.591962
v -0.751069 -1.947201 1.417892
v -0.298515 -1.998648 1.591946
v -0.511931 -2.186340 1.417897
v -0.563377 -1.733780 1.591940
v 0.496077 -2.528378 -0.648308
v 0.444636 -2.425490 -1.413875
v 0.231209 -2.528378 -1.096360
v 0.683780 -2.425490 -1.009339
v -0.563377 -2.528367 -0.648302
v -0.511931 -2.425484 -1.413864
v -0.751069 -2.425479 -1.009328
v -0.298515 -2.528372 -1.096355
v -0.511931 -2.425484 1.013361
v -0.563377 -2.528367 0.247793
v -0.751069 -2.425479 0.608818
v -0.298515 -2.528372 0.695846
v -0.563377 -0.409475 -0.648302
v -0.511931 -0.512358 -1.413870
v -0.298515 -0.409470 -1.096355
v -0.751069 -0.512358 -1.009328
v 0.496077 -0.409459 -0.648308
v 0.444636 -0.512352 -1.413876
v 0.683780 -0.512347 -1.009339
v 0.231209 -0.409464 -1.096361
v 0.444636 -0.512352 1.013372
v 0.496077 -0.409459 0.247798
v 0.683780 -0.512346 0.608829
v 0.231209 -0.409464 0.695851
v -0.511931 -0.512358 1.013360
v -0.563377 -0.409475 0.247793
v -0.298515 -0.409470 0.695845
v -0.751069 -0.512358 0.608818
v 0.444636 -2.425490 1.013366
v 0.496077 -2.528378 0.247798
v 0.231209 -2.528378 0.695851
v 0.683780 -2.425490 0.608830
v -0.751069 -0.990641 1.417897
v -0.298515 -0.939194 1.591946
v -0.563377 -1.204062 1.591940
v -0.511931 -0.751496 1.417897
v 0.922924 -0.990635 1.013372
v 1.025812 -0.939189 0.247804
v 1.025812 -1.204056 0.695857
v 0.922924 -0.751491 0.608829
v 0.683780 -0.990635 -1.818423
v 0.231209 -0.939194 -1.992466
v 0.496077 -1.204056 -1.992466
v 0.444636 -0.751491 -1.818418
v -0.990208 -0.990641 -1.413864
v -1.093096 -0.939200 -0.648302
v -1.093096 -1.204062 -1.096349
v -0.990208 -0.751502 -1.009328
v -1.023175 -0.726778 -0.618731
v -1.148407 -1.190234 -0.671691
v -1.023175 -1.221542 -1.455688
v 0.213734 -0.726767 -1.874182
v 0.245037 -1.190228 -2.086033
v 0.708504 -1.221537 -1.874192
v 0.955891 -0.726762 0.218233
v 1.081129 -1.190228 0.271193
v 0.955891 -1.221536 1.055202
v -0.281035 -0.726772 1.473666
v -0.312343 -1.190228 1.685512
v -0.775799 -1.221542 1.473661
v 0.708504 -2.458462 0.218227
v 0.245037 -2.583689 0.271187
v 0.213734 -2.458457 1.055190
v -0.775799 -0.479391 0.218227
v -0.312343 -0.354159 0.271187
v -0.281035 -0.479391 1.055190
v 0.245037 -0.354147 0.271193
v 0.708504 -0.479380 0.218232
v 0.650093 -0.557264 0.956391
v 0.213734 -0.479385 -1.455700
v 0.650093 -0.557265 -1.356894
v 0.708504 -0.479380 -0.618736
v -0.717388 -0.557270 -1.356883
v -0.281035 -0.479391 -1.455694
v -0.312343 -0.354159 -0.671697
v -0.312343 -2.583683 0.271187
v -0.775799 -2.458446 0.218221
v -0.717388 -2.380572 0.956374
v -0.281035 -2.458451 -1.455694
v -0.717388 -2.380572 -1.356883
v -0.775793 -2.458446 -0.618731
v 0.650093 -2.380577 -1.356894
v 0.213734 -2.458457 -1.455699
v 0.245037 -2.583689 -0.671696
v -0.312343 -1.747614 1.685512
v -0.281035 -2.211069 1.473666
v -0.717388 -2.152658 1.341922
v 0.708504 -1.716306 1.473683
v 0.650093 -2.152664 1.341933
v 0.213734 -2.211075 1.473672
v 0.650093 -0.785178 1.341939
v 0.708504 -1.221536 1.473683
v 0.245037 -1.190228 1.685524
v 1.081129 -1.747619 0.271193
v 0.955891 -2.211075 0.218233
v 0.878012 -2.152664 0.956391
v 0.955891 -1.716306 -1.455711
v 0.878012 -2.152664 -1.356900
v 0.955891 -2.211075 -0.618736
v 0.878012 -0.785178 -1.356900
v 0.955891 -1.221537 -1.455711
v 1.081129 -1.190228 -0.671702
v 0.245037 -1.747614 -2.086033
v 0.213734 -2.211070 -1.874181
v 0.650093 -2.152664 -1.742443
v -0.775799 -1.716300 -1.874170
v -0.717388 -2.152659 -1.742426
v -0.281035 -2.211070 -1.874176
v -0.717388 -0.785184 -1.742432
v -0.775799 -1.221542 -1.874170
v -0.312343 -1.190228 -2.086022
v -1.148407 -1.747608 -0.671691
v -1.023175 -2.211064 -0.618731
v -0.945296 -2.152658 -1.356883
v -1.023175 -1.716300 1.055179
v -0.945296 -2.152658 0.956374
v -1.023175 -2.211064 0.218221
v -0.945301 -0.785183 0.956374
v -1.023175 -1.221542 1.055179
v -1.148407 -1.190234 0.271181
v -1.023175 -0.726778 0.218221
v -1.148407 -1.747608 0.271182
v -1.023175 -1.716300 -1.455688
v -0.281035 -0.726773 -1.874176
v -0.312343 -1.747614 -2.086021
v 0.708504 -1.716306 -1.874187
v 0.955891 -0.726762 -0.618742
v 1.081123 -1.747614 -0.671702
v 0.955891 -1.716306 1.055202
v 0.213734 -0.726767 1.473677
v 0.245037 -1.747614 1.685524
v -0.775799 -1.716300 1.473661
v 0.708504 -2.458457 -0.618736
v -0.312343 -2.583683 -0.671696
v -0.281035 -2.458451 1.055185
v -0.775799 -0.479397 -0.618731
v 0.245037 -0.354153 -0.671702
v 0.213734 -0.479385 1.055196
v -0.717388 -0.557270 0.956379
v 0.650093 -2.380577 0.956385
v -0.717388 -0.785183 1.341922
v 0.878012 -0.785178 0.956391
v 0.650093 -0.785178 -1.742443
v -0.945296 -0.785184 -1.356883
v -2.129965 -2.219207 1.010496
v -2.127871 -1.565071 1.010496
v -2.129965 -2.219207 0.228877
v -2.127871 -1.565071 0.228877
v 2.061760 -2.226679 1.010496
v 2.061173 -1.561424 1.010496
v 2.061760 -2.226679 0.228877
v 2.061173 -1.561424 0.228877
v -2.188627 -2.236910 0.619686
v -2.191554 -1.861811 1.021777
v -2.189141 -1.564004 0.619686
v -2.191554 -1.861811 0.217596
v -0.033653 -2.198096 0.217596
v -0.033653 -1.525525 0.217596
v 2.124248 -1.861811 0.217596
v 2.119786 -2.246371 0.619686
v 2.122410 -1.559335 0.619686
v 2.124248 -1.861811 1.021777
v -0.033653 -2.198096 1.021777
v -0.033653 -1.525525 1.021777
v -0.033653 -1.504225 0.619686
v -0.033653 -2.219396 0.619686
v -0.033653 -1.861811 1.047243
v 2.260917 -1.861811 0.619686
v -0.033653 -1.861811 0.192129
v -2.328218 -1.861811 0.619686
v -2.170343 -2.231392 0.818972
v -2.172683 -1.695139 1.018264
v -2.170047 -1.564334 0.420400
v -2.172683 -2.028482 0.221109
v -1.103165 -2.195153 0.221109
v 1.035865 -1.528463 0.221109
v 2.105382 -2.028482 0.221109
v 2.101696 -2.240233 0.420400
v 2.103327 -1.559989 0.818972
v 2.105382 -2.028482 1.018264
v 1.035865 -2.195153 1.018264
v -1.103165 -1.528463 1.018264
v -2.170343 -2.231392 0.420400
v -2.172683 -2.028482 1.018264
v -2.170047 -1.564334 0.818972
v -2.172683 -1.695139 0.221109
v 1.035865 -2.195153 0.221109
v -1.103165 -1.528463 0.221109
v 2.105382 -1.695139 0.221109
v 2.101696 -2.240233 0.818972
v 2.103327 -1.559989 0.420400
v 2.105382 -1.695139 1.018264
v -1.103165 -2.195153 1.018264
v 1.035865 -1.528463 1.018264
v -0.033653 -1.511904 0.828874
v -0.033653 -1.511904 0.410499
v 1.089004 -1.511904 0.619686
v -1.156304 -1.511904 0.619686
v -0.033653 -2.211717 0.828874
v -0.033653 -2.211717 0.410499
v -1.156304 -2.211717 0.619686
v 1.089004 -2.211717 0.619686
v -1.156304 -1.861811 1.038067
v 1.089004 -1.861811 1.038067
v -0.033653 -2.036764 1.038067
v -0.033653 -1.686857 1.038067
v 2.211654 -1.861811 0.828874
v 2.211654 -1.861811 0.410499
v 2.211654 -2.036764 0.619686
v 2.211654 -1.686857 0.619686
v 1.089004 -1.861811 0.201305
v -1.156304 -1.861811 0.201305
v -0.033653 -2.036764 0.201305
v -0.033653 -1.686857 0.201305
v -2.278955 -1.861811 0.410499
v -2.278955 -1.861811 0.828874
v -2.278955 -2.036764 0.619686
v -2.278955 -1.686857 0.619686
v -2.242593 -1.689689 0.825490
v -2.242593 -2.033932 0.825490
v -2.242593 -2.033932 0.413883
v -1.138126 -1.689689 0.208085
v -1.138126 -2.033932 0.208085
v 1.070819 -2.033932 0.208085
v 2.175292 -1.689689 0.413883
v 2.175292 -2.033932 0.413883
v 2.175292 -2.033932 0.825490
v 1.070819 -1.689689 1.031288
v 1.070819 -2.033932 1.031288
v -1.138126 -2.033932 1.031288
v 1.070819 -2.206049 0.413883
v -1.138126 -2.206049 0.413883
v -1.138126 -2.206049 0.825490
v -1.138126 -1.517573 0.413883
v 1.070819 -1.517573 0.413883
v 1.070819 -1.517573 0.825490
v -1.138126 -1.517573 0.825490
v 1.070819 -2.206049 0.825490
v -1.138126 -1.689689 1.031288
v 2.175292 -1.689689 0.825490
v 1.070819 -1.689689 0.208085
v -2.242593 -1.689689 0.413883
v -2.151371 -2.225668 0.915879
v -2.153097 -1.614088 1.014612
v -2.150227 -1.564680 0.323488
v -2.153097 -2.109528 0.224761
v -1.626584 -2.152502 0.224761
v 1.557497 -1.496982 0.224761
v 2.085797 -2.109528 0.224761
v 2.082932 -2.233861 0.323488
v 2.083518 -1.560664 0.915884
v 2.085797 -2.109528 1.014612
v 1.560942 -2.142857 1.014612
v -1.625344 -1.492212 1.014612
v -2.183746 -2.235441 0.519396
v -2.186516 -1.945688 1.020838
v -2.184042 -1.564093 0.719977
v -2.186516 -1.777933 0.218534
v 0.504566 -2.197309 0.218534
v -0.571866 -1.526307 0.218534
v 2.119210 -1.777933 0.218534
v 2.114954 -2.244734 0.719977
v 2.117317 -1.559508 0.519395
v 2.119210 -1.777933 1.020838
v -0.571866 -2.197309 1.020838
v 0.504566 -1.526307 1.020838
v -0.033653 -1.518767 0.927311
v -0.033653 -1.506397 0.513448
v 1.619934 -1.491698 0.619686
v -0.603811 -1.506397 0.619686
v -0.033653 -2.204854 0.927311
v -0.033653 -2.217224 0.513448
v -1.685587 -2.173596 0.619686
v 0.536505 -2.217224 0.619686
v -1.684587 -1.861811 1.029858
v 0.536505 -1.861811 1.044646
v -0.033653 -2.119089 1.029858
v -0.033653 -1.772957 1.044646
v 2.167596 -1.861811 0.927311
v 2.246984 -1.861811 0.513448
v 2.167596 -2.119089 0.619686
v 2.246984 -1.772957 0.619686
v 1.617281 -1.861811 0.209515
v -0.603811 -1.861811 0.194726
v -0.033653 -2.119089 0.209515
v -0.033653 -1.772957 0.194726
v -2.234897 -1.861811 0.312062
v -2.314289 -1.861811 0.725925
v -2.234897 -2.119089 0.619686
v -2.314289 -1.772957 0.619686
v -2.183746 -2.235441 0.719977
v -2.186516 -1.777933 1.020838
v -2.184042 -1.564093 0.519395
v -2.186516 -1.945688 0.218534
v -0.571866 -2.197309 0.218534
v 0.504566 -1.526307 0.218534
v 2.119210 -1.945688 0.218534
v 2.114954 -2.244734 0.519396
v 2.117317 -1.559508 0.719977
v 2.119210 -1.945688 1.020838
v 0.504566 -2.197309 1.020838
v -0.571866 -1.526307 1.020838
v -2.151371 -2.225668 0.323488
v -2.153097 -2.109528 1.014612
v -2.150227 -1.564680 0.915879
v -2.153097 -1.614088 0.224761
v 1.560942 -2.142857 0.224761
v -1.625344 -1.492212 0.224761
v 2.085797 -1.614088 0.224761
v 2.082932 -2.233861 0.915884
v 2.083518 -1.560664 0.323488
v 2.085797 -1.614088 1.014612
v -1.626584 -2.152502 1.014612
v 1.557497 -1.496982 1.014612
v -0.033653 -1.506397 0.725925
v -0.033653 -1.518768 0.312062
v 0.536505 -1.506397 0.619686
v -1.687860 -1.487973 0.619686
v -0.033653 -2.217224 0.725925
v -0.033653 -2.204854 0.312062
v -0.603811 -2.217224 0.619686
v 1.619191 -2.165950 0.619686
v -0.603811 -1.861811 1.044646
v 1.617281 -1.861811 1.029858
v -0.033653 -1.950664 1.044646
v -0.033653 -1.604533 1.029858
v 2.246984 -1.861811 0.725925
v 2.167596 -1.861811 0.312062
v 2.246984 -1.950664 0.619686
v 2.167596 -1.604533 0.619686
v 0.536505 -1.861811 0.194726
v -1.684587 -1.861811 0.209515
v -0.033653 -1.950664 0.194726
v -0.033653 -1.604533 0.209515
v -2.314289 -1.861811 0.513448
v -2.234897 -1.861811 0.927311
v -2.314289 -1.950664 0.619686
v -2.234897 -1.604533 0.619686
v -2.268902 -1.687639 0.723814
v -2.208196 -1.692369 0.923580
v -2.268902 -1.774728 0.827941
v -2.208196 -1.607649 0.822284
v -2.268902 -2.035982 0.723814
v -2.208196 -2.031252 0.923580
v -2.208196 -2.115972 0.822284
v -2.268902 -1.948893 0.827941
v -2.208196 -2.031252 0.315792
v -2.268902 -2.035982 0.515559
v -2.208196 -2.115972 0.417089
v -2.268902 -1.948894 0.411431
v -0.592463 -1.687639 0.203182
v -1.664560 -1.692369 0.214491
v -1.151278 -1.774728 0.203182
v -1.120924 -1.607649 0.214491
v -0.592463 -2.035982 0.203182
v -1.664560 -2.031252 0.214491
v -1.120924 -2.115972 0.214491
v -1.151278 -1.948894 0.203182
v 1.597260 -2.031252 0.214491
v 0.525162 -2.035982 0.203182
v 1.053624 -2.115972 0.214491
v 1.083972 -1.948894 0.203182
v 2.201596 -1.687639 0.515559
v 2.140896 -1.692369 0.315792
v 2.201596 -1.774728 0.411431
v 2.140896 -1.607649 0.417089
v 2.201596 -2.035982 0.515559
v 2.140896 -2.031252 0.315792
v 2.140896 -2.115972 0.417089
v 2.201596 -1.948894 0.411431
v 2.140896 -2.031252 0.923580
v 2.201596 -2.035982 0.723814
v 2.140896 -2.115972 0.822284
v 2.201596 -1.948893 0.827941
v 0.525162 -1.687639 1.036191
v 1.597260 -1.692369 1.024882
v 1.083972 -1.774728 1.036191
v 1.053624 -1.607649 1.024882
v 0.525162 -2.035982 1.036191
v 1.597260 -2.031252 1.024882
v 1.053624 -2.115972 1.024882
v 1.083972 -1.948893 1.036191
v -1.664560 -2.031252 1.024882
v -0.592463 -2.035982 1.036191
v -1.120924 -2.115972 1.024882
v -1.151278 -1.948893 1.036191
v 1.083972 -2.210148 0.515559
v 1.053624 -2.200687 0.315793
v 0.525162 -2.210148 0.411431
v 1.600175 -2.158417 0.417089
v -1.151278 -2.210148 0.515559
v -1.120924 -2.200687 0.315793
v -1.666325 -2.166710 0.417089
v -0.592463 -2.210148 0.411431
v -1.120924 -2.200687 0.923580
v -1.151278 -2.210148 0.723814
v -1.666325 -2.166710 0.822284
v -0.592463 -2.210148 0.827941
v -1.151278 -1.513473 0.515559
v -1.120924 -1.522928 0.315792
v -0.592463 -1.513473 0.411431
v -1.667453 -1.489358 0.417089
v 1.083972 -1.513473 0.515559
v 1.053624 -1.522928 0.315792
v 1.599555 -1.493424 0.417089
v 0.525162 -1.513473 0.411431
v 1.053624 -1.522928 0.923580
v 1.083972 -1.513473 0.723814
v 1.599555 -1.493424 0.822284
v 0.525162 -1.513473 0.827941
v -1.120924 -1.522928 0.923580
v -1.151278 -1.513473 0.723814
v -0.592463 -1.513473 0.827941
v -1.667453 -1.489358 0.822284
v 1.053624 -2.200687 0.923580
v 1.083972 -2.210148 0.723814
v 0.525162 -2.210148 0.827941
v 1.600175 -2.158417 0.822284
v -1.664560 -1.692369 1.024882
v -0.592463 -1.687639 1.036191
v -1.151278 -1.774728 1.036191
v -1.120924 -1.607649 1.024882
v 2.140896 -1.692369 0.923580
v 2.201596 -1.687639 0.723814
v 2.201596 -1.774728 0.827941
v 2.140896 -1.607649 0.822284
v 1.597260 -1.692369 0.214491
v 0.525162 -1.687639 0.203182
v 1.083972 -1.774728 0.203182
v 1.053624 -1.607649 0.214491
v -2.208196 -1.692369 0.315792
v -2.268902 -1.687639 0.515559
v -2.268902 -1.774728 0.411431
v -2.208196 -1.607649 0.417089
v -2.227648 -1.605376 0.517480
v -2.301534 -1.773454 0.514040
v -2.227648 -1.776331 0.313073
v 0.514847 -1.605376 0.210866
v 0.533321 -1.773454 0.197100
v 1.611847 -1.776331 0.210866
v 2.160347 -1.605376 0.721893
v 2.234228 -1.773454 0.725333
v 2.160347 -1.776331 0.926300
v -0.582153 -1.605376 1.028506
v -0.600622 -1.773454 1.042273
v -1.679148 -1.776331 1.028506
v 1.614025 -2.163906 0.721893
v 0.533321 -2.215235 0.725333
v 0.514847 -2.203720 0.926300
v -1.682320 -1.488348 0.721893
v -0.600622 -1.508386 0.725333
v -0.582153 -1.519901 0.926300
v 0.533321 -1.508386 0.725333
v 1.614399 -1.492167 0.721893
v 1.579327 -1.495133 0.919878
v 0.514847 -1.519901 0.313073
v 1.579327 -1.495133 0.319495
v 1.614399 -1.492167 0.517480
v -1.647203 -1.490727 0.319495
v -0.582153 -1.519901 0.313073
v -0.600622 -1.508386 0.514040
v -0.600622 -2.215235 0.725333
v -1.680354 -2.171725 0.721893
v -1.647214 -2.159880 0.919878
v -0.582153 -2.203720 0.313073
v -1.647214 -2.159880 0.319495
v -1.680354 -2.171725 0.517480
v 1.581310 -2.150933 0.319495
v 0.514847 -2.203720 0.313073
v 0.533321 -2.215235 0.514040
v -0.600622 -1.950167 1.042273
v -0.582153 -2.118245 1.028506
v -1.644690 -2.112873 1.019945
v 1.611847 -1.947291 1.028506
v 1.577384 -2.112873 1.019945
v 0.514847 -2.118245 1.028506
v 1.577384 -1.610748 1.019945
v 1.611847 -1.776331 1.028506
v 0.533321 -1.773454 1.042273
v 2.234228 -1.950167 0.725333
v 2.160347 -2.118245 0.721893
v 2.114396 -2.112873 0.919878
v 2.160347 -1.947291 0.313073
v 2.114396 -2.112873 0.319495
v 2.160347 -2.118245 0.517480
v 2.114396 -1.610749 0.319495
v 2.160347 -1.776331 0.313073
v 2.234228 -1.773454 0.514040
v 0.533321 -1.950167 0.197100
v 0.514847 -2.118245 0.210866
v 1.577384 -2.112873 0.219428
v -1.679148 -1.947291 0.210866
v -1.644690 -2.112873 0.219428
v -0.582153 -2.118245 0.210866
v -1.644690 -1.610749 0.219428
v -1.679148 -1.776331 0.210866
v -0.600622 -1.773454 0.197100
v -2.301534 -1.950167 0.514040
v -2.227648 -2.118245 0.517480
v -2.181702 -2.112873 0.319495
v -2.227648 -1.947291 0.926300
v -2.181702 -2.112873 0.919878
v -2.227648 -2.118245 0.721893
v -2.181702 -1.610748 0.919878
v -2.227648 -1.776331 0.926300
v -2.301534 -1.773454 0.725333
v -2.227648 -1.605376 0.721893
v -2.301534 -1.950167 0.725333
v -2.227648 -1.947291 0.313073
v -0.582153 -1.605376 0.210866
v -0.600622 -1.950167 0.197100
v 1.611847 -1.947291 0.210866
v 2.160347 -1.605376 0.517480
v 2.234228 -1.950167 0.514040
v 2.160347 -1.947291 0.926300
v 0.514847 -1.605376 1.028506
v 0.533321 -1.950167 1.042273
v -1.679148 -1.947291 1.028506
v 1.614025 -2.163906 0.517480
v -0.600622 -2.215235 0.514040
v -0.582153 -2.203720 0.926300
v -1.682320 -1.488348 0.517480
v 0.533321 -1.508386 0.514040
v 0.514847 -1.519901 0.926300
v -1.647203 -1.490727 0.919878
v 1.581310 -2.150933 0.919878
v -1.644690 -1.610748 1.019945
v 2.114396 -1.610748 0.919878
v 1.577384 -1.610749 0.219428
v -2.181702 -1.610749 0.319495
v 2.243214 -2.200414 0.224761
v 2.221121 -2.279544 0.228877
v 2.243214 -2.282990 0.323488
v 2.243214 -2.200414 1.014612
v 2.221121 -2.279544 1.010496
v 2.276627 -2.288195 0.719977
v 2.281665 -2.288982 0.619686
v 2.325014 -2.209975 0.619686
v 2.276627 -2.288195 0.519396
v 2.243214 -2.282990 0.915884
v 2.317765 -2.209126 0.721893
v 2.271819 -2.203759 0.919878
v 2.271819 -2.203759 0.319495
v 2.317765 -2.209126 0.517480
v -2.285305 -2.249588 0.915879
v -2.263211 -2.246142 1.010496
v -2.285305 -2.167011 0.224761
v -2.263211 -2.246142 0.228877
v -2.318724 -2.254792 0.519396
v -2.323761 -2.255580 0.619686
v -2.367105 -2.176572 0.619686
v -2.318724 -2.254792 0.719977
v -2.285305 -2.249588 0.323488
v -2.285305 -2.167011 1.014612
v -2.359855 -2.175724 0.517480
v -2.313910 -2.170357 0.319495
v -2.313910 -2.170357 0.919878
v -2.359855 -2.175724 0.721893
v -2.102957 -2.219374 -0.968481
v -2.104225 -1.539136 -0.968481
v -2.102957 -2.219374 -1.740125
v -2.104225 -1.539136 -1.740119
v 2.036634 -2.209305 -0.968481
v 2.036919 -1.539136 -0.968481
v 2.036634 -2.209305 -1.740125
v 2.036919 -1.539136 -1.740119
v -2.177882 -2.244595 -1.354303
v -2.182333 -1.861811 -0.953927
v -2.182328 -1.526961 -1.354303
v -2.182333 -1.861811 -1.754679
v -0.033653 -2.196661 -1.754679
v -0.033653 -1.526961 -1.754673
v 2.115033 -1.861811 -1.754679
v 2.112710 -2.230800 -1.354303
v 2.115027 -1.526961 -1.354303
v 2.115033 -1.861811 -0.953927
v -0.033653 -2.196661 -0.953927
v -0.033653 -1.526961 -0.953927
v -0.033653 -1.499489 -1.354303
v -0.033653 -2.224138 -1.354303
v -0.033653 -1.861811 -0.921072
v 2.291343 -1.861811 -1.354303
v -0.033653 -1.861811 -1.787528
v -2.358644 -1.861811 -1.354303
v -2.154532 -2.236731 -1.156380
v -2.157989 -1.696285 -0.958462
v -2.157989 -1.530758 -1.552221
v -2.157989 -2.027337 -1.750139
v -1.095821 -2.192869 -1.750139
v 1.028515 -1.530758 -1.750139
v 2.090689 -2.027337 -1.750139
v 2.088997 -2.224104 -1.552221
v 2.090683 -1.530758 -1.156385
v 2.090689 -2.027337 -0.958462
v 1.028521 -2.192869 -0.958462
v -1.095821 -1.530758 -0.958462
v -2.154532 -2.236731 -1.552221
v -2.157989 -2.027337 -0.958462
v -2.157989 -1.530758 -1.156385
v -2.157989 -1.696285 -1.750139
v 1.028521 -2.192869 -1.750139
v -1.095821 -1.530758 -1.750139
v 2.090689 -1.696285 -1.750139
v 2.088997 -2.224099 -1.156380
v 2.090683 -1.530758 -1.552221
v 2.090683 -1.696285 -0.958462
v -1.095821 -2.192869 -0.958462
v 1.028515 -1.530758 -0.958462
v -0.033653 -1.509391 -1.143607
v -0.033653 -1.509391 -1.564993
v 1.097068 -1.509391 -1.354303
v -1.164368 -1.509391 -1.354303
v -0.033653 -2.214231 -1.143607
v -0.033653 -2.214231 -1.564993
v -1.164374 -2.214231 -1.354303
v 1.097073 -2.214231 -1.354303
v -1.164374 -1.861811 -0.932917
v 1.097068 -1.861811 -0.932917
v -0.033653 -2.038021 -0.932917
v -0.033653 -1.685601 -0.932917
v 2.227789 -1.861811 -1.143607
v 2.227789 -1.861811 -1.564993
v 2.227794 -2.038021 -1.354303
v 2.227789 -1.685601 -1.354303
v 1.097068 -1.861811 -1.775689
v -1.164374 -1.861811 -1.775689
v -0.033653 -2.038021 -1.775689
v -0.033653 -1.685601 -1.775689
v -2.295095 -1.861811 -1.564993
v -2.295089 -1.861811 -1.143607
v -2.295095 -2.038021 -1.354303
v -2.295089 -1.685601 -1.354303
v -2.248177 -1.689253 -1.147980
v -2.248183 -2.034368 -1.147980
v -2.248183 -2.034368 -1.560626
v -1.140918 -1.689253 -1.766949
v -1.140918 -2.034368 -1.766949
v 1.073618 -2.034368 -1.766949
v 2.180877 -1.689253 -1.560626
v 2.180882 -2.034368 -1.560626
v 2.180882 -2.034368 -1.147980
v 1.073612 -1.689253 -0.941657
v 1.073612 -2.034368 -0.941657
v -1.140918 -2.034368 -0.941657
v 1.073618 -2.206920 -1.560626
v -1.140918 -2.206920 -1.560626
v -1.140918 -2.206920 -1.147980
v -1.140912 -1.516702 -1.560626
v 1.073612 -1.516702 -1.560626
v 1.073612 -1.516702 -1.147980
v -1.140912 -1.516702 -1.147980
v 1.073618 -2.206920 -1.147980
v -1.140912 -1.689253 -0.941657
v 2.180877 -1.689253 -1.147980
v 1.073612 -1.689253 -1.766949
v -2.248177 -1.689253 -1.560626
v -2.130295 -2.228578 -1.060953
v -2.132724 -1.616473 -0.963170
v -2.132724 -1.534696 -1.647647
v -2.132730 -2.107149 -1.745431
v -1.613097 -2.139764 -1.745431
v 1.540653 -1.534696 -1.745431
v 2.065423 -2.107149 -1.745431
v 2.064390 -2.217146 -1.647653
v 2.065418 -1.534696 -1.060953
v 2.065423 -2.107148 -0.963170
v 1.543445 -2.153898 -0.963170
v -1.607953 -1.534696 -0.963170
v -2.171650 -2.242495 -1.454091
v -2.175833 -1.945269 -0.955139
v -2.175833 -1.527977 -1.254509
v -2.175833 -1.778352 -1.753467
v 0.501896 -2.195650 -1.753467
v -0.569197 -1.527977 -1.753467
v 2.108532 -1.778352 -1.753467
v 2.106376 -2.229013 -1.254509
v 2.108526 -1.527977 -1.454091
v 2.108532 -1.778352 -0.955139
v -0.569197 -2.195644 -0.955139
v 0.501896 -1.527977 -0.955139
v -0.033653 -1.518248 -1.046209
v -0.033653 -1.502287 -1.461770
v 1.619794 -1.518248 -1.354303
v -0.610406 -1.502287 -1.354303
v -0.033653 -2.205373 -1.046204
v -0.033653 -2.221334 -1.461770
v -1.688318 -2.169363 -1.354303
v 0.543106 -2.221334 -1.354303
v -1.687100 -1.861811 -0.943506
v 0.543100 -1.861811 -0.924423
v -0.033653 -2.119485 -0.943506
v -0.033653 -1.771930 -0.924423
v 2.170947 -1.861811 -1.046204
v 2.273371 -1.861811 -1.461770
v 2.170953 -2.119485 -1.354303
v 2.273366 -1.771930 -1.354303
v 1.619800 -1.861811 -1.765095
v -0.610406 -1.861811 -1.784183
v -0.033653 -2.119485 -1.765095
v -0.033653 -1.771930 -1.784178
v -2.238253 -1.861811 -1.662397
v -2.340672 -1.861811 -1.246830
v -2.238253 -2.119485 -1.354303
v -2.340666 -1.771930 -1.354303
v -2.171650 -2.242495 -1.254509
v -2.175833 -1.778352 -0.955139
v -2.175833 -1.527977 -1.454091
v -2.175838 -1.945269 -1.753467
v -0.569197 -2.195650 -1.753467
v 0.501896 -1.527977 -1.753467
v 2.108532 -1.945269 -1.753467
v 2.106376 -2.229013 -1.454091
v 2.108526 -1.527977 -1.254509
v 2.108532 -1.945269 -0.955139
v 0.501896 -2.195644 -0.955139
v -0.569197 -1.527977 -0.955139
v -2.130295 -2.228578 -1.647653
v -2.132724 -2.107148 -0.963170
v -2.132724 -1.534696 -1.060953
v -2.132724 -1.616473 -1.745431
v 1.543451 -2.153899 -1.745431
v -1.607953 -1.534696 -1.745431
v 2.065423 -1.616473 -1.745431
v 2.064390 -2.217146 -1.060953
v 2.065418 -1.534696 -1.647647
v 2.065418 -1.616473 -0.963170
v -1.613097 -2.139763 -0.963170
v 1.540653 -1.534696 -0.963170
v -0.033653 -1.502287 -1.246830
v -0.033653 -1.518248 -1.662397
v 0.543100 -1.502287 -1.354303
v -1.687100 -1.518248 -1.354303
v -0.033653 -2.221334 -1.246830
v -0.033653 -2.205373 -1.662397
v -0.610406 -2.221334 -1.354303
v 1.620034 -2.179761 -1.354303
v -0.610406 -1.861811 -0.924423
v 1.619800 -1.861811 -0.943506
v -0.033653 -1.951692 -0.924423
v -0.033653 -1.604136 -0.943506
v 2.273366 -1.861811 -1.246830
v 2.170953 -1.861811 -1.662397
v 2.273371 -1.951692 -1.354303
v 2.170947 -1.604136 -1.354303
v 0.543106 -1.861811 -1.784183
v -1.687100 -1.861811 -1.765095
v -0.033653 -1.951692 -1.784183
v -0.033653 -1.604136 -1.765095
v -2.340672 -1.861811 -1.461770
v -2.238253 -1.861811 -1.046204
v -2.340672 -1.951692 -1.354303
v -2.238248 -1.604136 -1.354303
v -2.282116 -1.686612 -1.249561
v -2.203806 -1.692710 -1.051018
v -2.282116 -1.774208 -1.144819
v -2.203806 -1.608163 -1.152113
v -2.282121 -2.037010 -1.249561
v -2.203806 -2.030905 -1.051018
v -2.203812 -2.115458 -1.152113
v -2.282116 -1.949407 -1.144819
v -2.203812 -2.030911 -1.657582
v -2.282121 -2.037010 -1.459045
v -2.203812 -2.115458 -1.556488
v -2.282121 -1.949407 -1.563787
v -0.595769 -1.686612 -1.773270
v -1.661271 -1.692710 -1.758678
v -1.157884 -1.774208 -1.773270
v -1.118730 -1.608163 -1.758678
v -0.595769 -2.037010 -1.773270
v -1.661271 -2.030911 -1.758678
v -1.118730 -2.115459 -1.758678
v -1.157884 -1.949413 -1.773270
v 1.593971 -2.030911 -1.758678
v 0.528468 -2.037010 -1.773270
v 1.051429 -2.115459 -1.758678
v 1.090584 -1.949413 -1.773270
v 2.214810 -1.686612 -1.459045
v 2.136506 -1.692710 -1.657582
v 2.214815 -1.774208 -1.563787
v 2.136506 -1.608163 -1.556488
v 2.214821 -2.037010 -1.459045
v 2.136506 -2.030911 -1.657582
v 2.136506 -2.115458 -1.556488
v 2.214815 -1.949407 -1.563787
v 2.136506 -2.030905 -1.051018
v 2.214815 -2.037010 -1.249561
v 2.136506 -2.115458 -1.152113
v 2.214815 -1.949407 -1.144819
v 0.528463 -1.686612 -0.935335
v 1.593965 -1.692710 -0.949928
v 1.090578 -1.774208 -0.935335
v 1.051424 -1.608163 -0.949928
v 0.528463 -2.037010 -0.935335
v 1.593965 -2.030905 -0.949923
v 1.051429 -2.115458 -0.949923
v 1.090584 -1.949407 -0.935335
v -1.661271 -2.030905 -0.949923
v -0.595769 -2.037010 -0.935335
v -1.118730 -2.115458 -0.949923
v -1.157884 -1.949407 -0.935335
v 1.090584 -2.212209 -1.459045
v 1.051429 -2.200006 -1.657582
v 0.528468 -2.212209 -1.563787
v 1.595037 -2.171323 -1.556488
v -1.157890 -2.212209 -1.459045
v -1.118730 -2.200006 -1.657582
v -1.663767 -2.159701 -1.556488
v -0.595769 -2.212209 -1.563787
v -1.118730 -2.200006 -1.051018
v -1.157890 -2.212209 -1.249561
v -1.663767 -2.159701 -1.152113
v -0.595769 -2.212209 -1.144819
v -1.157884 -1.511413 -1.459045
v -1.118730 -1.523615 -1.657582
v -0.595769 -1.511413 -1.563787
v -1.661265 -1.523615 -1.556488
v 1.090578 -1.511413 -1.459045
v 1.051424 -1.523615 -1.657582
v 1.593965 -1.523615 -1.556488
v 0.528463 -1.511413 -1.563787
v 1.051424 -1.523615 -1.051018
v 1.090578 -1.511413 -1.249561
v 1.593965 -1.523615 -1.152113
v 0.528463 -1.511413 -1.144819
v -1.118730 -1.523615 -1.051018
v -1.157879 -1.511413 -1.249561
v -0.595769 -1.511413 -1.144819
v -1.661265 -1.523615 -1.152113
v 1.051429 -2.200006 -1.051018
v 1.090584 -2.212209 -1.249561
v 0.528468 -2.212209 -1.144819
v 1.595037 -2.171323 -1.152113
v -1.661265 -1.692710 -0.949928
v -0.595769 -1.686612 -0.935335
v -1.157884 -1.774208 -0.935335
v -1.118730 -1.608163 -0.949928
v 2.136501 -1.692710 -1.051018
v 2.214810 -1.686612 -1.249561
v 2.214810 -1.774208 -1.144819
v 2.136501 -1.608163 -1.152113
v 1.593965 -1.692710 -1.758678
v 0.528463 -1.686612 -1.773270
v 1.090584 -1.774208 -1.773270
v 1.051424 -1.608163 -1.758678
v -2.203806 -1.692710 -1.657582
v -2.282116 -1.686612 -1.459045
v -2.282116 -1.774208 -1.563787
v -2.203806 -1.608163 -1.556488
v -2.228899 -1.605231 -1.456565
v -2.324214 -1.772572 -1.461005
v -2.228899 -1.776286 -1.661090
v 0.515160 -1.605231 -1.763352
v 0.538990 -1.772572 -1.781112
v 1.612786 -1.776286 -1.763352
v 2.161593 -1.605231 -1.252041
v 2.256913 -1.772572 -1.247601
v 2.161593 -1.776286 -1.047511
v -0.582460 -1.605231 -0.945248
v -0.606290 -1.772572 -0.927489
v -1.680086 -1.776286 -0.945248
v 1.613249 -2.177472 -1.252041
v 0.538990 -2.218771 -1.247595
v 0.515160 -2.203915 -1.047511
v -1.680086 -1.519706 -1.252041
v -0.606290 -1.504851 -1.247601
v -0.582460 -1.519706 -1.047516
v 0.538990 -1.504851 -1.247601
v 1.612780 -1.519706 -1.252041
v 1.568325 -1.528943 -1.055798
v 0.515160 -1.519706 -1.661090
v 1.568325 -1.528943 -1.652808
v 1.612780 -1.519706 -1.456565
v -1.635631 -1.528943 -1.652808
v -0.582460 -1.519706 -1.661090
v -0.606290 -1.504851 -1.461005
v -0.606296 -2.218771 -1.247595
v -1.681655 -2.166743 -1.252041
v -1.639401 -2.150112 -1.055798
v -0.582466 -2.203916 -1.661090
v -1.639401 -2.150112 -1.652808
v -1.681655 -2.166743 -1.456565
v 1.570230 -2.162940 -1.652808
v 0.515160 -2.203916 -1.661090
v 0.538990 -2.218771 -1.461005
v -0.606290 -1.951049 -0.927489
v -0.582466 -2.118391 -0.945248
v -1.635631 -2.111460 -0.956295
v 1.612786 -1.947336 -0.945248
v 1.568331 -2.111460 -0.956295
v 0.515160 -2.118391 -0.945248
v 1.568325 -1.612162 -0.956295
v 1.612786 -1.776286 -0.945248
v 0.538990 -1.772572 -0.927489
v 2.256913 -1.951049 -1.247601
v 2.161598 -2.118391 -1.252041
v 2.102322 -2.111460 -1.055798
v 2.161598 -1.947336 -1.661090
v 2.102327 -2.111460 -1.652808
v 2.161598 -2.118391 -1.456565
v 2.102322 -1.612162 -1.652808
v 2.161598 -1.776286 -1.661090
v 2.256913 -1.772572 -1.461005
v 0.538990 -1.951049 -1.781117
v 0.515160 -2.118391 -1.763352
v 1.568331 -2.111460 -1.752311
v -1.680092 -1.947336 -1.763352
v -1.635631 -2.111460 -1.752311
v -0.582466 -2.118391 -1.763352
v -1.635631 -1.612162 -1.752305
v -1.680086 -1.776286 -1.763352
v -0.606290 -1.772572 -1.781112
v -2.324219 -1.951049 -1.461005
v -2.228904 -2.118391 -1.456565
v -2.169628 -2.111460 -1.652808
v -2.228899 -1.947336 -1.047511
v -2.169628 -2.111460 -1.055798
v -2.228904 -2.118391 -1.252041
v -2.169622 -1.612162 -1.055798
v -2.228899 -1.776286 -1.047511
v -2.324214 -1.772572 -1.247601
v -2.228899 -1.605231 -1.252041
v -2.324219 -1.951049 -1.247601
v -2.228904 -1.947336 -1.661090
v -0.582460 -1.605231 -1.763352
v -0.606296 -1.951049 -1.781117
v 1.612786 -1.947336 -1.763352
v 2.161593 -1.605231 -1.456565
v 2.256919 -1.951049 -1.461005
v 2.161598 -1.947336 -1.047511
v 0.515160 -1.605231 -0.945248
v 0.538990 -1.951049 -0.927489
v -1.680086 -1.947336 -0.945248
v 1.613249 -2.177472 -1.456565
v -0.606296 -2.218771 -1.461005
v -0.582466 -2.203915 -1.047511
v -1.680086 -1.519706 -1.456565
v 0.538990 -1.504851 -1.461005
v 0.515160 -1.519706 -1.047516
v -1.635631 -1.528943 -1.055798
v 1.570230 -2.162940 -1.055798
v -1.635631 -1.612162 -0.956295
v 2.102316 -1.612162 -1.055798
v 1.568325 -1.612162 -1.752305
v -2.169622 -1.612162 -1.652808
v 2.222841 -2.198035 -1.745431
v 2.194342 -2.275372 -1.740119
v 2.222841 -2.279812 -1.647653
v 2.222841 -2.198035 -0.963170
v 2.194342 -2.275372 -0.968481
v 2.265955 -2.286530 -1.254509
v 2.272450 -2.287547 -1.354303
v 2.328370 -2.210366 -1.354303
v 2.265955 -2.286530 -1.454091
v 2.222841 -2.279812 -1.060953
v 2.319016 -2.209277 -1.252041
v 2.259739 -2.202346 -1.055798
v 2.259745 -2.202346 -1.652808
v 2.319021 -2.209277 -1.456565
v -2.264931 -2.246410 -1.060953
v -2.236433 -2.241970 -0.968481
v -2.264931 -2.164633 -1.745431
v -2.236433 -2.241970 -1.740125
v -2.308046 -2.253128 -1.454091
v -2.314541 -2.254144 -1.354303
v -2.370461 -2.176963 -1.354303
v -2.308046 -2.253128 -1.254509
v -2.264931 -2.246410 -1.647653
v -2.264931 -2.164632 -0.963170
v -2.361112 -2.175874 -1.456565
v -2.301836 -2.168944 -1.652808
v -2.301830 -2.168944 -1.055798
v -2.361106 -2.175874 -1.252041
v -0.795954 1.151075 1.493883
v -0.795954 1.420590 1.493883
v -0.795954 1.151081 1.224374
v -0.795954 1.420584 1.224374
v -0.526445 1.151075 1.493883
v -0.526445 1.420590 1.493883
v -0.526445 1.151081 1.224374
v -0.526445 1.420584 1.224374
v -0.826240 1.120795 1.359129
v -0.826240 1.285835 1.524169
v -0.826240 1.450870 1.359129
v -0.826240 1.285835 1.194094
v -0.661200 1.120795 1.194094
v -0.661200 1.450870 1.194094
v -0.496159 1.285835 1.194094
v -0.496159 1.120795 1.359129
v -0.496159 1.450870 1.359129
v -0.496159 1.285835 1.524169
v -0.661200 1.120789 1.524169
v -0.661200 1.450876 1.524169
v -0.661200 1.519233 1.359129
v -0.661200 1.052432 1.359129
v -0.661200 1.285835 1.592532
v -0.427796 1.285835 1.359129
v -0.661200 1.285835 1.125731
v -0.894603 1.285835 1.359129
v -0.816802 1.130233 1.436930
v -0.816802 1.363636 1.514731
v -0.816802 1.441432 1.281328
v -0.816796 1.208034 1.203532
v -0.739001 1.130233 1.203532
v -0.583398 1.441432 1.203532
v -0.505597 1.208034 1.203532
v -0.505597 1.130233 1.281328
v -0.505597 1.441432 1.436930
v -0.505597 1.208034 1.514731
v -0.583398 1.130233 1.514731
v -0.739001 1.441438 1.514731
v -0.816802 1.130233 1.281328
v -0.816802 1.208034 1.514731
v -0.816802 1.441432 1.436930
v -0.816796 1.363631 1.203532
v -0.583398 1.130233 1.203532
v -0.739001 1.441432 1.203532
v -0.505597 1.363631 1.203532
v -0.505597 1.130233 1.436930
v -0.505597 1.441432 1.281328
v -0.505597 1.363636 1.514731
v -0.739001 1.130233 1.514731
v -0.583398 1.441438 1.514731
v -0.661200 1.494593 1.463507
v -0.661200 1.494593 1.254750
v -0.556821 1.494593 1.359129
v -0.765578 1.494593 1.359129
v -0.661200 1.077072 1.463507
v -0.661200 1.077072 1.254750
v -0.765578 1.077072 1.359129
v -0.556821 1.077072 1.359129
v -0.765578 1.285835 1.567892
v -0.556815 1.285835 1.567892
v -0.661200 1.181451 1.567892
v -0.661200 1.390214 1.567892
v -0.452436 1.285835 1.463507
v -0.452442 1.285835 1.254750
v -0.452436 1.181451 1.359129
v -0.452436 1.390214 1.359129
v -0.556821 1.285835 1.150371
v -0.765578 1.285835 1.150371
v -0.661200 1.181456 1.150371
v -0.661200 1.390214 1.150371
v -0.869957 1.285835 1.254750
v -0.869963 1.285835 1.463507
v -0.869957 1.181451 1.359129
v -0.869957 1.390214 1.359129
v -0.851773 1.381122 1.454416
v -0.851773 1.190548 1.454416
v -0.851768 1.190548 1.263842
v -0.756481 1.381117 1.168560
v -0.756481 1.190548 1.168560
v -0.565913 1.190548 1.168560
v -0.470631 1.381117 1.263842
v -0.470631 1.190548 1.263842
v -0.470626 1.190548 1.454416
v -0.565913 1.381122 1.549703
v -0.565913 1.190548 1.549703
v -0.756486 1.190548 1.549703
v -0.565913 1.095261 1.263842
v -0.756486 1.095261 1.263842
v -0.756486 1.095261 1.454416
v -0.756486 1.476404 1.263842
v -0.565913 1.476404 1.263842
v -0.565913 1.476404 1.454416
v -0.756486 1.476404 1.454416
v -0.565913 1.095261 1.454416
v -0.756486 1.381122 1.549703
v -0.470626 1.381122 1.454416
v -0.565913 1.381117 1.168560
v -0.851768 1.381117 1.263842
v -0.807006 1.140029 1.468483
v -0.807006 1.395190 1.504935
v -0.807000 1.431636 1.249779
v -0.807000 1.176480 1.213328
v -0.770554 1.140029 1.213328
v -0.551845 1.431636 1.213328
v -0.515393 1.176480 1.213328
v -0.515393 1.140029 1.249779
v -0.515393 1.431636 1.468483
v -0.515393 1.176480 1.504935
v -0.551845 1.140029 1.504935
v -0.770554 1.431642 1.504935
v -0.823721 1.123314 1.318500
v -0.823721 1.245201 1.521650
v -0.823721 1.448352 1.399758
v -0.823716 1.326464 1.196612
v -0.620571 1.123314 1.196612
v -0.701829 1.448352 1.196612
v -0.498683 1.326464 1.196612
v -0.498678 1.123314 1.399758
v -0.498678 1.448352 1.318500
v -0.498678 1.326464 1.521650
v -0.701829 1.123314 1.521650
v -0.620571 1.448357 1.521650
v -0.661200 1.472556 1.499172
v -0.661200 1.512263 1.302522
v -0.521156 1.472556 1.359129
v -0.717807 1.512263 1.359129
v -0.661200 1.099110 1.499172
v -0.661200 1.059402 1.302522
v -0.801243 1.099115 1.359129
v -0.604593 1.059402 1.359129
v -0.801243 1.285835 1.545855
v -0.604593 1.285835 1.585568
v -0.661200 1.145792 1.545855
v -0.661200 1.342442 1.585568
v -0.474474 1.285835 1.499172
v -0.434766 1.285835 1.302522
v -0.474479 1.145792 1.359129
v -0.434766 1.342442 1.359129
v -0.521162 1.285835 1.172408
v -0.717807 1.285835 1.132701
v -0.661200 1.145792 1.172408
v -0.661200 1.342442 1.132701
v -0.847920 1.285835 1.219091
v -0.887633 1.285835 1.415736
v -0.847920 1.145792 1.359129
v -0.887633 1.342442 1.359129
v -0.823721 1.123314 1.399758
v -0.823721 1.326464 1.521650
v -0.823721 1.448352 1.318500
v -0.823716 1.245201 1.196612
v -0.701829 1.123314 1.196612
v -0.620571 1.448352 1.196612
v -0.498683 1.245201 1.196612
v -0.498678 1.123314 1.318500
v -0.498678 1.448352 1.399758
v -0.498678 1.245201 1.521650
v -0.620571 1.123314 1.521650
v -0.701829 1.448357 1.521650
v -0.807000 1.140029 1.249779
v -0.807006 1.176480 1.504935
v -0.807006 1.431636 1.468483
v -0.807000 1.395185 1.213328
v -0.551845 1.140029 1.213328
v -0.770554 1.431636 1.213328
v -0.515393 1.395185 1.213328
v -0.515393 1.140029 1.468483
v -0.515393 1.431636 1.249779
v -0.515393 1.395190 1.504935
v -0.770554 1.140029 1.504935
v -0.551845 1.431642 1.504935
v -0.661200 1.512269 1.415736
v -0.661200 1.472550 1.219091
v -0.604593 1.512263 1.359129
v -0.801243 1.472556 1.359129
v -0.661200 1.059402 1.415736
v -0.661200 1.099115 1.219091
v -0.717807 1.059402 1.359129
v -0.521156 1.099115 1.359129
v -0.717807 1.285835 1.585568
v -0.521156 1.285835 1.545855
v -0.661200 1.229223 1.585568
v -0.661200 1.425878 1.545855
v -0.434766 1.285835 1.415736
v -0.474479 1.285835 1.219091
v -0.434766 1.229223 1.359129
v -0.474479 1.425873 1.359129
v -0.604593 1.285835 1.132701
v -0.801237 1.285835 1.172408
v -0.661200 1.229228 1.132701
v -0.661200 1.425873 1.172408
v -0.887633 1.285835 1.302522
v -0.847920 1.285835 1.499172
v -0.887633 1.229223 1.359129
v -0.847920 1.425873 1.359129
v -0.864931 1.387701 1.410061
v -0.834567 1.372516 1.489153
v -0.864931 1.336768 1.460994
v -0.834567 1.415859 1.445815
v -0.864931 1.183969 1.410061
v -0.834567 1.199149 1.489153
v -0.834567 1.155806 1.445815
v -0.864931 1.234903 1.460994
v -0.834561 1.199149 1.229105
v -0.864925 1.183969 1.308196
v -0.834567 1.155811 1.272448
v -0.864925 1.234903 1.257263
v -0.712132 1.387695 1.155403
v -0.791224 1.372516 1.185767
v -0.763060 1.336763 1.155403
v -0.747880 1.415854 1.185767
v -0.712132 1.183969 1.155403
v -0.791224 1.199149 1.185767
v -0.747880 1.155811 1.185767
v -0.763060 1.234903 1.155403
v -0.531175 1.199149 1.185767
v -0.610267 1.183969 1.155403
v -0.574519 1.155811 1.185767
v -0.559334 1.234903 1.155403
v -0.457468 1.387695 1.308196
v -0.487832 1.372516 1.229105
v -0.457474 1.336763 1.257263
v -0.487832 1.415859 1.272448
v -0.457468 1.183969 1.308196
v -0.487832 1.199149 1.229105
v -0.487832 1.155811 1.272448
v -0.457474 1.234903 1.257263
v -0.487832 1.199149 1.489153
v -0.457468 1.183969 1.410061
v -0.487832 1.155806 1.445815
v -0.457468 1.234903 1.460994
v -0.610267 1.387701 1.562860
v -0.531175 1.372516 1.532496
v -0.559334 1.336768 1.562860
v -0.574513 1.415859 1.532496
v -0.610267 1.183969 1.562860
v -0.531175 1.199149 1.532496
v -0.574513 1.155806 1.532496
v -0.559334 1.234903 1.562860
v -0.791224 1.199149 1.532496
v -0.712132 1.183969 1.562860
v -0.747880 1.155806 1.532496
v -0.763065 1.234903 1.562860
v -0.559334 1.082104 1.308196
v -0.574519 1.112468 1.229105
v -0.610267 1.082104 1.257263
v -0.531175 1.112468 1.272448
v -0.763065 1.082104 1.308196
v -0.747880 1.112468 1.229105
v -0.791224 1.112468 1.272448
v -0.712132 1.082104 1.257263
v -0.747880 1.112468 1.489153
v -0.763065 1.082104 1.410061
v -0.791224 1.112468 1.445815
v -0.712132 1.082104 1.460994
v -0.763065 1.489561 1.308196
v -0.747880 1.459197 1.229105
v -0.712132 1.489561 1.257263
v -0.791224 1.459197 1.272448
v -0.559334 1.489561 1.308196
v -0.574519 1.459197 1.229105
v -0.531175 1.459197 1.272448
v -0.610267 1.489561 1.257263
v -0.574513 1.459203 1.489153
v -0.559334 1.489561 1.410061
v -0.531175 1.459203 1.445815
v -0.610267 1.489567 1.460994
v -0.747880 1.459203 1.489153
v -0.763065 1.489561 1.410061
v -0.712132 1.489567 1.460994
v -0.791224 1.459203 1.445815
v -0.574513 1.112468 1.489153
v -0.559334 1.082104 1.410061
v -0.610267 1.082104 1.460994
v -0.531175 1.112468 1.445815
v -0.791224 1.372516 1.532496
v -0.712132 1.387701 1.562860
v -0.763065 1.336768 1.562860
v -0.747880 1.415859 1.532496
v -0.487832 1.372516 1.489153
v -0.457468 1.387701 1.410061
v -0.457468 1.336768 1.460994
v -0.487832 1.415859 1.445815
v -0.531175 1.372516 1.185767
v -0.610267 1.387695 1.155403
v -0.559334 1.336763 1.155403
v -0.574519 1.415854 1.185767
v -0.834561 1.372516 1.229105
v -0.864925 1.387695 1.308196
v -0.864925 1.336763 1.257263
v -0.834567 1.415859 1.272448
v -0.844295 1.423153 1.313356
v -0.881250 1.340845 1.304113
v -0.844290 1.331608 1.221811
v -0.615427 1.423153 1.176038
v -0.606184 1.340845 1.139078
v -0.523882 1.331608 1.176038
v -0.478104 1.423153 1.404901
v -0.441144 1.340845 1.414144
v -0.478104 1.331608 1.496452
v -0.706972 1.423159 1.542224
v -0.716215 1.340845 1.579184
v -0.798523 1.331608 1.542224
v -0.523876 1.102739 1.404901
v -0.606184 1.065780 1.414144
v -0.615427 1.102734 1.496452
v -0.798523 1.468931 1.404901
v -0.716215 1.505885 1.414144
v -0.706972 1.468931 1.496452
v -0.606184 1.505885 1.414144
v -0.523876 1.468931 1.404901
v -0.541116 1.445944 1.479217
v -0.615427 1.468926 1.221811
v -0.541116 1.445944 1.239045
v -0.523876 1.468926 1.313356
v -0.781283 1.445944 1.239045
v -0.706972 1.468926 1.221811
v -0.716215 1.505885 1.304113
v -0.716215 1.065780 1.414144
v -0.798523 1.102739 1.404901
v -0.781283 1.125721 1.479217
v -0.706972 1.102739 1.221811
v -0.781283 1.125721 1.239045
v -0.798523 1.102739 1.313356
v -0.541116 1.125721 1.239045
v -0.615427 1.102739 1.221811
v -0.606184 1.065780 1.304113
v -0.716215 1.230820 1.579184
v -0.706972 1.148512 1.542224
v -0.781283 1.165746 1.519243
v -0.523876 1.240057 1.542224
v -0.541116 1.165746 1.519243
v -0.615427 1.148512 1.542224
v -0.541116 1.405918 1.519243
v -0.523876 1.331608 1.542224
v -0.606184 1.340845 1.579184
v -0.441144 1.230820 1.414144
v -0.478104 1.148512 1.404901
v -0.501085 1.165746 1.479217
v -0.478104 1.240057 1.221811
v -0.501091 1.165752 1.239045
v -0.478104 1.148512 1.313356
v -0.501091 1.405918 1.239045
v -0.478104 1.331608 1.221811
v -0.441149 1.340845 1.304113
v -0.606184 1.230820 1.139078
v -0.615427 1.148512 1.176038
v -0.541116 1.165752 1.199020
v -0.798517 1.240057 1.176038
v -0.781283 1.165752 1.199020
v -0.706972 1.148512 1.176038
v -0.781283 1.405918 1.199020
v -0.798517 1.331608 1.176038
v -0.716209 1.340845 1.139078
v -0.881250 1.230820 1.304113
v -0.844295 1.148512 1.313356
v -0.821309 1.165752 1.239045
v -0.844295 1.240057 1.496452
v -0.821314 1.165746 1.479217
v -0.844295 1.148512 1.404901
v -0.821314 1.405918 1.479217
v -0.844295 1.331608 1.496452
v -0.881255 1.340845 1.414144
v -0.844295 1.423153 1.404901
v -0.881255 1.230820 1.414144
v -0.844290 1.240057 1.221811
v -0.706972 1.423153 1.176038
v -0.716209 1.230820 1.139078
v -0.523882 1.240057 1.176038
v -0.478104 1.423153 1.313356
v -0.441149 1.230820 1.304113
v -0.478104 1.240057 1.496452
v -0.615427 1.423159 1.542224
v -0.606184 1.230820 1.579184
v -0.798523 1.240057 1.542224
v -0.523876 1.102739 1.313356
v -0.716215 1.065780 1.304113
v -0.706972 1.102734 1.496452
v -0.798523 1.468926 1.313356
v -0.606184 1.505885 1.304113
v -0.615427 1.468931 1.496452
v -0.781283 1.445944 1.479217
v -0.541116 1.125721 1.479217
v -0.781283 1.405918 1.519243
v -0.501085 1.405918 1.479217
v -0.541116 1.405918 1.199020
v -0.821309 1.405918 1.239045
v 0.420928 1.151075 1.554237
v 0.420928 1.420590 1.554237
v 0.420928 1.151081 1.284729
v 0.420928 1.420584 1.284729
v 0.690437 1.151075 1.554237
v 0.690437 1.420590 1.554237
v 0.690437 1.151081 1.284729
v 0.690437 1.420584 1.284729
v 0.390642 1.120795 1.419477
v 0.390642 1.285835 1.584518
v 0.390642 1.450870 1.419477
v 0.390642 1.285835 1.254443
v 0.555683 1.120795 1.254443
v 0.555683 1.450870 1.254443
v 0.720723 1.285835 1.254443
v 0.720723 1.120795 1.419477
v 0.720723 1.450870 1.419477
v 0.720723 1.285835 1.584518
v 0.555683 1.120789 1.584518
v 0.555683 1.450876 1.584518
v 0.555683 1.519233 1.419477
v 0.555683 1.052432 1.419477
v 0.555683 1.285835 1.652886
v 0.789086 1.285835 1.419477
v 0.555683 1.285835 1.186080
v 0.322280 1.285835 1.419477
v 0.400081 1.130233 1.497278
v 0.400081 1.363636 1.575080
v 0.400081 1.441432 1.341676
v 0.400081 1.208034 1.263881
v 0.477882 1.130233 1.263881
v 0.633484 1.441432 1.263881
v 0.711279 1.208034 1.263881
v 0.711285 1.130233 1.341676
v 0.711285 1.441432 1.497278
v 0.711285 1.208034 1.575080
v 0.633484 1.130233 1.575080
v 0.477882 1.441438 1.575080
v 0.400081 1.130233 1.341676
v 0.400081 1.208034 1.575080
v 0.400081 1.441432 1.497278
v 0.400081 1.363631 1.263881
v 0.633484 1.130233 1.263881
v 0.477882 1.441432 1.263881
v 0.711279 1.363631 1.263881
v 0.711285 1.130233 1.497278
v 0.711285 1.441432 1.341676
v 0.711285 1.363636 1.575080
v 0.477882 1.130233 1.575080
v 0.633484 1.441438 1.575080
v 0.555683 1.494593 1.523862
v 0.555683 1.494593 1.315099
v 0.660062 1.494593 1.419477
v 0.451304 1.494593 1.419477
v 0.555683 1.077072 1.523862
v 0.555683 1.077072 1.315099
v 0.451304 1.077072 1.419477
v 0.660062 1.077072 1.419477
v 0.451298 1.285835 1.628241
v 0.660062 1.285835 1.628241
v 0.555683 1.181451 1.628241
v 0.555683 1.390214 1.628241
v 0.764446 1.285835 1.523862
v 0.764440 1.285835 1.315099
v 0.764440 1.181451 1.419477
v 0.764440 1.390214 1.419477
v 0.660062 1.285835 1.210720
v 0.451304 1.285835 1.210720
v 0.555683 1.181456 1.210720
v 0.555683 1.390214 1.210720
v 0.346925 1.285835 1.315099
v 0.346919 1.285835 1.523862
v 0.346919 1.181451 1.419477
v 0.346919 1.390214 1.419477
v 0.365109 1.381122 1.514764
v 0.365109 1.190548 1.514764
v 0.365115 1.190548 1.324196
v 0.460396 1.381117 1.228909
v 0.460396 1.190548 1.228909
v 0.650964 1.190548 1.228909
v 0.746251 1.381117 1.324196
v 0.746251 1.190548 1.324196
v 0.746257 1.190548 1.514764
v 0.650970 1.381122 1.610051
v 0.650970 1.190548 1.610051
v 0.460396 1.190548 1.610051
v 0.650970 1.095261 1.324196
v 0.460396 1.095261 1.324196
v 0.460396 1.095261 1.514764
v 0.460396 1.476404 1.324196
v 0.650970 1.476404 1.324196
v 0.650970 1.476404 1.514764
v 0.460396 1.476404 1.514764
v 0.650970 1.095261 1.514764
v 0.460396 1.381122 1.610051
v 0.746257 1.381122 1.514764
v 0.650964 1.381117 1.228909
v 0.365115 1.381117 1.324196
v 0.409876 1.140029 1.528832
v 0.409876 1.395190 1.565284
v 0.409876 1.431636 1.310128
v 0.409876 1.176480 1.273677
v 0.446328 1.140029 1.273677
v 0.665038 1.431636 1.273677
v 0.701484 1.176480 1.273677
v 0.701484 1.140029 1.310128
v 0.701489 1.431636 1.528832
v 0.701489 1.176480 1.565284
v 0.665038 1.140029 1.565284
v 0.446328 1.431642 1.565284
v 0.393161 1.123314 1.378848
v 0.393161 1.245201 1.581999
v 0.393161 1.448352 1.460106
v 0.393167 1.326464 1.256961
v 0.596312 1.123314 1.256961
v 0.515054 1.448352 1.256961
v 0.718199 1.326464 1.256961
v 0.718204 1.123314 1.460106
v 0.718204 1.448352 1.378848
v 0.718204 1.326464 1.581999
v 0.515054 1.123314 1.581999
v 0.596312 1.448357 1.581999
v 0.555683 1.472556 1.559520
v 0.555683 1.512263 1.362870
v 0.695726 1.472556 1.419477
v 0.499076 1.512263 1.419477
v 0.555683 1.099110 1.559520
v 0.555683 1.059402 1.362870
v 0.415640 1.099115 1.419477
v 0.612290 1.059402 1.419477
v 0.415640 1.285835 1.606203
v 0.612290 1.285835 1.645916
v 0.555683 1.145792 1.606203
v 0.555683 1.342442 1.645916
v 0.742403 1.285835 1.559520
v 0.782116 1.285835 1.362870
v 0.742403 1.145792 1.419477
v 0.782116 1.342442 1.419477
v 0.695720 1.285835 1.232763
v 0.499076 1.285835 1.193050
v 0.555683 1.145792 1.232763
v 0.555683 1.342442 1.193050
v 0.368962 1.285835 1.279440
v 0.329249 1.285835 1.476084
v 0.368962 1.145792 1.419477
v 0.329249 1.342442 1.419477
v 0.393161 1.123314 1.460106
v 0.393161 1.326464 1.581999
v 0.393161 1.448352 1.378848
v 0.393167 1.245201 1.256961
v 0.515054 1.123314 1.256961
v 0.596312 1.448352 1.256961
v 0.718199 1.245201 1.256961
v 0.718204 1.123314 1.378848
v 0.718204 1.448352 1.460106
v 0.718204 1.245201 1.581999
v 0.596312 1.123314 1.581999
v 0.515054 1.448357 1.581999
v 0.409876 1.140029 1.310128
v 0.409876 1.176480 1.565284
v 0.409876 1.431636 1.528832
v 0.409876 1.395185 1.273677
v 0.665038 1.140029 1.273677
v 0.446328 1.431636 1.273677
v 0.701484 1.395185 1.273677
v 0.701489 1.140029 1.528832
v 0.701484 1.431636 1.310128
v 0.701489 1.395190 1.565284
v 0.446328 1.140029 1.565284
v 0.665038 1.431642 1.565284
v 0.555683 1.512269 1.476084
v 0.555683 1.472550 1.279440
v 0.612290 1.512263 1.419477
v 0.415640 1.472556 1.419477
v 0.555683 1.059402 1.476084
v 0.555683 1.099115 1.279440
v 0.499076 1.059402 1.419477
v 0.695726 1.099115 1.419477
v 0.499076 1.285835 1.645916
v 0.695726 1.285835 1.606203
v 0.555683 1.229223 1.645916
v 0.555683 1.425878 1.606203
v 0.782116 1.285835 1.476084
v 0.742403 1.285835 1.279440
v 0.782116 1.229223 1.419477
v 0.742403 1.425873 1.419477
v 0.612290 1.285835 1.193050
v 0.415645 1.285835 1.232763
v 0.555683 1.229228 1.193050
v 0.555683 1.425873 1.232763
v 0.329249 1.285835 1.362870
v 0.368957 1.285835 1.559520
v 0.329249 1.229223 1.419477
v 0.368962 1.425873 1.419477
v 0.351951 1.387701 1.470410
v 0.382316 1.372516 1.549507
v 0.351951 1.336768 1.521343
v 0.382316 1.415859 1.506164
v 0.351951 1.183969 1.470410
v 0.382316 1.199149 1.549507
v 0.382316 1.155806 1.506164
v 0.351951 1.234903 1.521343
v 0.382316 1.199149 1.289453
v 0.351951 1.183969 1.368544
v 0.382316 1.155811 1.332797
v 0.351957 1.234903 1.317612
v 0.504750 1.387695 1.215751
v 0.425659 1.372516 1.246116
v 0.453817 1.336763 1.215751
v 0.469002 1.415854 1.246116
v 0.504750 1.183969 1.215751
v 0.425659 1.199149 1.246116
v 0.469002 1.155811 1.246116
v 0.453817 1.234903 1.215751
v 0.685707 1.199149 1.246116
v 0.606616 1.183969 1.215751
v 0.642364 1.155811 1.246116
v 0.657543 1.234903 1.215751
v 0.759409 1.387695 1.368544
v 0.729044 1.372516 1.289453
v 0.759409 1.336763 1.317612
v 0.729050 1.415859 1.332797
v 0.759409 1.183969 1.368544
v 0.729044 1.199149 1.289453
v 0.729050 1.155811 1.332797
v 0.759409 1.234903 1.317612
v 0.729050 1.199149 1.549507
v 0.759414 1.183969 1.470410
v 0.729050 1.155806 1.506164
v 0.759414 1.234903 1.521343
v 0.606616 1.387701 1.623209
v 0.685707 1.372516 1.592845
v 0.657549 1.336768 1.623209
v 0.642364 1.415859 1.592845
v 0.606616 1.183969 1.623209
v 0.685707 1.199149 1.592845
v 0.642364 1.155806 1.592845
v 0.657549 1.234903 1.623209
v 0.425659 1.199149 1.592845
v 0.504750 1.183969 1.623209
v 0.468996 1.155806 1.592845
v 0.453817 1.234903 1.623209
v 0.657549 1.082104 1.368544
v 0.642364 1.112468 1.289453
v 0.606616 1.082104 1.317612
v 0.685707 1.112468 1.332797
v 0.453817 1.082104 1.368544
v 0.469002 1.112468 1.289453
v 0.425659 1.112468 1.332797
v 0.504750 1.082104 1.317612
v 0.468996 1.112468 1.549507
v 0.453817 1.082104 1.470410
v 0.425659 1.112468 1.506164
v 0.504750 1.082104 1.521343
v 0.453817 1.489561 1.368544
v 0.469002 1.459197 1.289453
v 0.504750 1.489561 1.317612
v 0.425659 1.459197 1.332797
v 0.657549 1.489561 1.368544
v 0.642364 1.459197 1.289453
v 0.685707 1.459197 1.332797
v 0.606616 1.489561 1.317612
v 0.642364 1.459203 1.549507
v 0.657549 1.489561 1.470410
v 0.685707 1.459203 1.506164
v 0.606616 1.489567 1.521343
v 0.468996 1.459203 1.549507
v 0.453817 1.489561 1.470410
v 0.504750 1.489567 1.521343
v 0.425659 1.459203 1.506164
v 0.642364 1.112468 1.549507
v 0.657549 1.082104 1.470410
v 0.606616 1.082104 1.521343
v 0.685707 1.112468 1.506164
v 0.425659 1.372516 1.592845
v 0.504750 1.387701 1.623209
v 0.453817 1.336768 1.623209
v 0.468996 1.415859 1.592845
v 0.729050 1.372516 1.549507
v 0.759414 1.387701 1.470410
v 0.759414 1.336768 1.521343
v 0.729050 1.415859 1.506164
v 0.685707 1.372516 1.246116
v 0.606616 1.387695 1.215751
v 0.657543 1.336763 1.215751
v 0.642364 1.415854 1.246116
v 0.382316 1.372516 1.289453
v 0.351951 1.387695 1.368544
v 0.351957 1.336763 1.317612
v 0.382316 1.415859 1.332797
v 0.372587 1.423153 1.373705
v 0.335633 1.340845 1.364468
v 0.372587 1.331608 1.282160
v 0.601455 1.423153 1.236387
v 0.610692 1.340845 1.199427
v 0.693000 1.331608 1.236387
v 0.738779 1.423153 1.465250
v 0.775738 1.340845 1.474493
v 0.738779 1.331608 1.556800
v 0.509910 1.423159 1.602573
v 0.500667 1.340845 1.639533
v 0.418359 1.331608 1.602573
v 0.693006 1.102739 1.465250
v 0.610698 1.065780 1.474493
v 0.601455 1.102734 1.556800
v 0.418359 1.468931 1.465250
v 0.500667 1.505885 1.474493
v 0.509910 1.468931 1.556800
v 0.610698 1.505885 1.474493
v 0.693006 1.468931 1.465250
v 0.675766 1.445944 1.539566
v 0.601455 1.468926 1.282160
v 0.675766 1.445944 1.299394
v 0.693006 1.468926 1.373705
v 0.435600 1.445944 1.299394
v 0.509910 1.468926 1.282160
v 0.500667 1.505885 1.364468
v 0.500667 1.065780 1.474493
v 0.418359 1.102739 1.465250
v 0.435600 1.125721 1.539566
v 0.509910 1.102739 1.282160
v 0.435600 1.125721 1.299394
v 0.418359 1.102739 1.373705
v 0.675766 1.125721 1.299394
v 0.601455 1.102739 1.282160
v 0.610698 1.065780 1.364468
v 0.500667 1.230820 1.639533
v 0.509910 1.148512 1.602573
v 0.435600 1.165746 1.579592
v 0.693006 1.240057 1.602573
v 0.675766 1.165746 1.579592
v 0.601455 1.148512 1.602573
v 0.675766 1.405918 1.579592
v 0.693006 1.331608 1.602573
v 0.610698 1.340845 1.639533
v 0.775738 1.230820 1.474493
v 0.738779 1.148512 1.465250
v 0.715797 1.165746 1.539566
v 0.738773 1.240057 1.282160
v 0.715792 1.165752 1.299394
v 0.738779 1.148512 1.373705
v 0.715792 1.405918 1.299394
v 0.738773 1.331608 1.282160
v 0.775733 1.340845 1.364468
v 0.610692 1.230820 1.199427
v 0.601455 1.148512 1.236387
v 0.675766 1.165752 1.259368
v 0.418365 1.240057 1.236387
v 0.435600 1.165752 1.259368
v 0.509910 1.148512 1.236387
v 0.435600 1.405918 1.259368
v 0.418365 1.331608 1.236387
v 0.500667 1.340845 1.199427
v 0.335633 1.230820 1.364468
v 0.372587 1.148512 1.373705
v 0.395574 1.165752 1.299394
v 0.372587 1.240057 1.556800
v 0.395568 1.165746 1.539566
v 0.372587 1.148512 1.465250
v 0.395568 1.405918 1.539566
v 0.372587 1.331608 1.556800
v 0.335627 1.340845 1.474493
v 0.372587 1.423153 1.465250
v 0.335627 1.230820 1.474493
v 0.372587 1.240057 1.282160
v 0.509910 1.423153 1.236387
v 0.500667 1.230820 1.199427
v 0.693000 1.240057 1.236387
v 0.738779 1.423153 1.373705
v 0.775733 1.230820 1.364468
v 0.738779 1.240057 1.556800
v 0.601455 1.423159 1.602573
v 0.610698 1.230820 1.639533
v 0.418359 1.240057 1.602573
v 0.693006 1.102739 1.373705
v 0.500667 1.065780 1.364468
v 0.509910 1.102734 1.556800
v 0.418359 1.468926 1.373705
v 0.610698 1.505885 1.364468
v 0.601455 1.468931 1.556800
v 0.435600 1.445944 1.539566
v 0.675766 1.125721 1.539566
v 0.435600 1.405918 1.579592
v 0.715797 1.405918 1.539566
v 0.675766 1.405918 1.259368
v 0.395574 1.405918 1.299394
v -0.194806 1.542186 1.223816
v -0.194806 2.352063 1.729883
v -0.194806 1.724696 0.931739
v -0.194806 2.534573 1.437812
v 0.136397 1.542186 1.223816
v 0.136397 2.352063 1.729883
v 0.136397 1.724696 0.931739
v 0.136397 2.534573 1.437812
v -0.194806 1.633441 1.077780
v -0.194806 1.947125 1.476849
v -0.194806 2.443318 1.583847
v -0.194806 2.129634 1.184778
v -0.029202 1.724696 0.931739
v -0.029202 2.534573 1.437812
v 0.136397 2.129634 1.184778
v 0.136397 1.633441 1.077780
v 0.136397 2.443318 1.583847
v 0.136397 1.947125 1.476849
v -0.029202 1.542186 1.223816
v -0.029202 2.352063 1.729883
v -0.194806 2.595218 1.780296
v -0.029202 1.633441 1.077780
v -0.029202 1.947125 1.476849
v 0.136397 2.038380 1.330814
v -0.029202 2.129634 1.184778
v -0.194806 2.038380 1.330814
v -0.194806 1.587813 1.150795
v -0.194806 2.149594 1.603366
v -0.194806 2.488945 1.510827
v -0.194806 1.927165 1.058262
v -0.112007 1.724696 0.931739
v 0.053597 2.534573 1.437812
v 0.136397 1.927165 1.058262
v 0.136397 1.679068 1.004760
v 0.136397 2.397691 1.656868
v 0.136397 1.744656 1.350333
v 0.053597 1.542186 1.223816
v -0.112007 2.352063 1.729883
v -0.194806 1.679068 1.004760
v -0.194806 1.744656 1.350333
v -0.194806 2.397691 1.656868
v -0.194806 2.332104 1.311295
v 0.053597 1.724696 0.931739
v -0.112007 2.534573 1.437812
v 0.136397 2.332104 1.311295
v 0.136397 1.587813 1.150795
v 0.136397 2.488945 1.510827
v 0.136397 2.149594 1.603366
v -0.112007 1.542186 1.223816
v 0.053597 2.352063 1.729883
v -0.194806 2.549591 1.853311
v -0.112007 2.549591 1.853311
v 0.136397 2.549591 1.853311
v 0.136397 2.595218 1.780296
v -0.029202 1.587813 1.150795
v -0.029202 1.679068 1.004760
v -0.112007 1.633441 1.077780
v 0.053597 1.633441 1.077780
v -0.112007 1.947125 1.476849
v 0.053597 1.947125 1.476849
v -0.029202 1.744656 1.350333
v -0.029202 2.149594 1.603366
v 0.136397 1.992752 1.403829
v 0.136397 2.084007 1.257793
v 0.136397 1.835910 1.204297
v 0.136397 2.240849 1.457331
v 0.053597 2.129634 1.184778
v -0.112007 2.129634 1.184778
v -0.029202 1.927165 1.058262
v -0.029202 2.332104 1.311295
v -0.194806 2.084007 1.257793
v -0.194806 1.992752 1.403829
v -0.194806 1.835910 1.204297
v -0.194806 2.240849 1.457331
v -0.194806 2.195221 1.530346
v -0.194806 1.790283 1.277312
v -0.194806 1.881538 1.131277
v -0.112007 2.332104 1.311295
v -0.112007 1.927165 1.058262
v 0.053597 1.927165 1.058262
v 0.136397 2.286476 1.384310
v 0.136397 1.881538 1.131277
v 0.136397 1.790283 1.277312
v 0.053597 2.149594 1.603366
v 0.053597 1.744656 1.350333
v -0.112007 1.744656 1.350333
v 0.053597 1.679068 1.004760
v -0.112007 1.679068 1.004760
v -0.112007 1.587813 1.150795
v 0.136397 2.732100 1.561240
v 0.053597 2.732100 1.561240
v -0.194806 2.732100 1.561240
v -0.194806 2.686472 1.634255
v 0.053597 1.587813 1.150795
v -0.112007 2.149594 1.603366
v 0.136397 2.195221 1.530346
v 0.053597 2.332104 1.311295
v -0.194806 2.286476 1.384310
v -0.194806 2.579781 1.567590
v -0.194806 2.625409 1.494570
v 0.053597 2.625409 1.494570
v 0.136397 2.625409 1.494570
v 0.136397 2.488527 1.713626
v 0.136397 2.442900 1.786646
v -0.112007 2.442900 1.786646
v -0.194806 2.442900 1.786646
v -0.194806 2.488527 1.713626
v -0.194806 2.534154 1.640605
v -0.112007 2.625409 1.494570
v -0.029202 2.625409 1.494570
v 0.136397 2.579781 1.567590
v 0.136397 2.534154 1.640605
v 0.053597 2.442900 1.786646
v -0.029202 2.442900 1.786646
v -0.029202 2.488527 1.713626
v -0.029202 2.579781 1.567590
v -0.029202 2.534154 1.640605
v 0.053597 2.534154 1.640605
v -0.112007 2.534154 1.640605
v -0.112007 2.579781 1.567590
v 0.053597 2.579781 1.567590
v 0.053597 2.488527 1.713626
v -0.112007 2.488527 1.713626
v -0.112007 2.732100 1.561240
v 0.136397 2.686472 1.634255
v 0.053597 2.549591 1.853311
v -0.112007 2.686472 1.634255
v 0.053597 2.686472 1.634255
v 0.053597 2.595218 1.780296
v -0.112007 2.595218 1.780296
v -0.589145 1.542186 0.508773
v -1.095212 2.352063 0.508773
v -0.297069 1.724695 0.508773
v -0.803141 2.534573 0.508773
v -0.589145 1.542186 0.839982
v -1.095212 2.352063 0.839982
v -0.297069 1.724696 0.839982
v -0.803141 2.534573 0.839982
v -0.443110 1.633441 0.508773
v -0.842179 1.947125 0.508773
v -0.949177 2.443318 0.508773
v -0.550102 2.129634 0.508773
v -0.297069 1.724695 0.674378
v -0.803141 2.534573 0.674377
v -0.550102 2.129634 0.839982
v -0.443110 1.633441 0.839982
v -0.949177 2.443318 0.839982
v -0.842179 1.947125 0.839982
v -0.589145 1.542186 0.674378
v -1.095212 2.352063 0.674377
v -1.145620 2.595218 0.508773
v -0.443110 1.633441 0.674378
v -0.842179 1.947125 0.674378
v -0.696143 2.038380 0.839982
v -0.550102 2.129634 0.674377
v -0.696143 2.038380 0.508773
v -0.516125 1.587813 0.508773
v -0.968696 2.149594 0.508773
v -0.876156 2.488945 0.508773
v -0.423585 1.927165 0.508773
v -0.297069 1.724695 0.591578
v -0.803141 2.534573 0.757182
v -0.423585 1.927165 0.839982
v -0.370089 1.679068 0.839982
v -1.022192 2.397691 0.839982
v -0.715662 1.744656 0.839982
v -0.589145 1.542186 0.757182
v -1.095212 2.352063 0.591578
v -0.370089 1.679068 0.508773
v -0.715662 1.744656 0.508773
v -1.022192 2.397691 0.508773
v -0.676625 2.332104 0.508773
v -0.297069 1.724695 0.757182
v -0.803141 2.534573 0.591578
v -0.676625 2.332104 0.839982
v -0.516125 1.587813 0.839982
v -0.876156 2.488945 0.839982
v -0.968696 2.149594 0.839982
v -0.589145 1.542186 0.591578
v -1.095212 2.352063 0.757182
v -1.218641 2.549590 0.508773
v -1.218641 2.549590 0.591578
v -1.218641 2.549590 0.839982
v -1.145620 2.595218 0.839982
v -0.516125 1.587813 0.674378
v -0.370089 1.679068 0.674378
v -0.443110 1.633441 0.591578
v -0.443110 1.633441 0.757182
v -0.842179 1.947125 0.591578
v -0.842179 1.947125 0.757182
v -0.715662 1.744656 0.674378
v -0.968696 2.149594 0.674377
v -0.769158 1.992752 0.839982
v -0.623123 2.084007 0.839982
v -0.569627 1.835910 0.839982
v -0.822660 2.240849 0.839982
v -0.550102 2.129634 0.757182
v -0.550102 2.129634 0.591578
v -0.423585 1.927165 0.674378
v -0.676625 2.332104 0.674377
v -0.623123 2.084007 0.508773
v -0.769158 1.992752 0.508773
v -0.569627 1.835910 0.508773
v -0.822660 2.240849 0.508773
v -0.895675 2.195221 0.508773
v -0.642641 1.790283 0.508773
v -0.496606 1.881537 0.508773
v -0.676625 2.332104 0.591578
v -0.423585 1.927165 0.591578
v -0.423585 1.927165 0.757182
v -0.749640 2.286476 0.839982
v -0.496606 1.881538 0.839982
v -0.642641 1.790283 0.839982
v -0.968696 2.149594 0.757182
v -0.715662 1.744656 0.757182
v -0.715662 1.744656 0.591578
v -0.370089 1.679068 0.757182
v -0.370089 1.679068 0.591578
v -0.516125 1.587813 0.591578
v -0.926570 2.732100 0.839982
v -0.926570 2.732100 0.757182
v -0.926570 2.732100 0.508773
v -0.999585 2.686472 0.508773
v -0.516125 1.587813 0.757182
v -0.968696 2.149594 0.591578
v -0.895675 2.195221 0.839982
v -0.676625 2.332104 0.757182
v -0.749640 2.286476 0.508773
v -0.932920 2.579781 0.508773
v -0.859899 2.625409 0.508773
v -0.859899 2.625409 0.757182
v -0.859899 2.625409 0.839982
v -1.078955 2.488527 0.839982
v -1.151976 2.442899 0.839982
v -1.151976 2.442899 0.591578
v -1.151976 2.442899 0.508773
v -1.078955 2.488527 0.508773
v -1.005935 2.534154 0.508773
v -0.859899 2.625409 0.591578
v -0.859899 2.625409 0.674377
v -0.932920 2.579781 0.839982
v -1.005935 2.534154 0.839982
v -1.151976 2.442899 0.757182
v -1.151976 2.442899 0.674377
v -1.078955 2.488527 0.674377
v -0.932920 2.579781 0.674377
v -1.005935 2.534154 0.674377
v -1.005935 2.534154 0.757182
v -1.005935 2.534154 0.591578
v -0.932920 2.579781 0.591578
v -0.932920 2.579781 0.757182
v -1.078955 2.488527 0.757182
v -1.078955 2.488527 0.591578
v -0.926570 2.732100 0.591578
v -0.999585 2.686472 0.839982
v -1.218641 2.549590 0.757182
v -0.999585 2.686472 0.591578
v -0.999585 2.686472 0.757182
v -1.145620 2.595218 0.757182
v -1.145620 2.595218 0.591578
v 0.544938 1.542186 0.839982
v 1.051005 2.352063 0.839982
v 0.252861 1.724696 0.839982
v 0.758928 2.534573 0.839982
v 0.544938 1.542186 0.508773
v 1.051005 2.352063 0.508773
v 0.252861 1.724695 0.508773
v 0.758928 2.534573 0.508773
v 0.398897 1.633441 0.839982
v 0.797971 1.947125 0.839982
v 0.904969 2.443318 0.839982
v 0.505895 2.129634 0.839982
v 0.252861 1.724695 0.674378
v 0.758928 2.534573 0.674377
v 0.505895 2.129634 0.508773
v 0.398897 1.633441 0.508773
v 0.904969 2.443318 0.508773
v 0.797971 1.947125 0.508773
v 0.544938 1.542186 0.674378
v 1.051005 2.352063 0.674377
v 1.101413 2.595218 0.839982
v 0.398897 1.633441 0.674378
v 0.797971 1.947125 0.674378
v 0.651930 2.038380 0.508773
v 0.505895 2.129634 0.674377
v 0.651930 2.038380 0.839982
v 0.471917 1.587813 0.839982
v 0.924488 2.149594 0.839982
v 0.831949 2.488945 0.839982
v 0.379378 1.927165 0.839982
v 0.252861 1.724695 0.757182
v 0.758928 2.534573 0.591578
v 0.379378 1.927165 0.508773
v 0.325882 1.679068 0.508773
v 0.977984 2.397691 0.508773
v 0.671455 1.744656 0.508773
v 0.544938 1.542186 0.591578
v 1.051005 2.352063 0.757182
v 0.325882 1.679068 0.839982
v 0.671455 1.744656 0.839982
v 0.977984 2.397691 0.839982
v 0.632412 2.332104 0.839982
v 0.252861 1.724695 0.591578
v 0.758928 2.534573 0.757182
v 0.632412 2.332104 0.508773
v 0.471917 1.587813 0.508773
v 0.831949 2.488945 0.508773
v 0.924488 2.149594 0.508773
v 0.544938 1.542186 0.757182
v 1.051005 2.352063 0.591578
v 1.174433 2.549590 0.839982
v 1.174433 2.549590 0.757182
v 1.174433 2.549590 0.508773
v 1.101413 2.595218 0.508773
v 0.471917 1.587813 0.674378
v 0.325882 1.679068 0.674378
v 0.398897 1.633441 0.757182
v 0.398897 1.633441 0.591578
v 0.797971 1.947125 0.757182
v 0.797971 1.947125 0.591578
v 0.671455 1.744656 0.674378
v 0.924488 2.149594 0.674377
v 0.724951 1.992752 0.508773
v 0.578915 2.084007 0.508773
v 0.525413 1.835910 0.508773
v 0.778447 2.240849 0.508773
v 0.505895 2.129634 0.591578
v 0.505895 2.129634 0.757182
v 0.379378 1.927165 0.674378
v 0.632412 2.332104 0.674377
v 0.578915 2.084007 0.839982
v 0.724951 1.992752 0.839982
v 0.525413 1.835910 0.839982
v 0.778447 2.240849 0.839982
v 0.851468 2.195221 0.839982
v 0.598434 1.790283 0.839982
v 0.452399 1.881538 0.839982
v 0.632412 2.332104 0.757182
v 0.379378 1.927165 0.757182
v 0.379378 1.927165 0.591578
v 0.705432 2.286476 0.508773
v 0.452399 1.881537 0.508773
v 0.598434 1.790283 0.508773
v 0.924488 2.149594 0.591578
v 0.671455 1.744656 0.591578
v 0.671455 1.744656 0.757182
v 0.325882 1.679068 0.591578
v 0.325882 1.679068 0.757182
v 0.471917 1.587813 0.757182
v 0.882357 2.732100 0.508773
v 0.882357 2.732100 0.591578
v 0.882357 2.732100 0.839982
v 0.955377 2.686472 0.839982
v 0.471917 1.587813 0.591578
v 0.924488 2.149594 0.757182
v 0.851468 2.195221 0.508773
v 0.632412 2.332104 0.591578
v 0.705432 2.286476 0.839982
v 0.888707 2.579781 0.839982
v 0.815692 2.625409 0.839982
v 0.815692 2.625409 0.591578
v 0.815692 2.625409 0.508773
v 1.034748 2.488527 0.508773
v 1.107763 2.442899 0.508773
v 1.107763 2.442899 0.757182
v 1.107763 2.442899 0.839982
v 1.034748 2.488527 0.839982
v 0.961727 2.534154 0.839982
v 0.815692 2.625409 0.757182
v 0.815692 2.625409 0.674377
v 0.888707 2.579781 0.508773
v 0.961727 2.534154 0.508773
v 1.107763 2.442899 0.591578
v 1.107763 2.442899 0.674377
v 1.034748 2.488527 0.674377
v 0.888707 2.579781 0.674377
v 0.961727 2.534154 0.674377
v 0.961727 2.534154 0.591578
v 0.961727 2.534154 0.757182
v 0.888707 2.579781 0.757182
v 0.888707 2.579781 0.591578
v 1.034748 2.488527 0.591578
v 1.034748 2.488527 0.757182
v 0.882357 2.732100 0.757182
v 0.955377 2.686472 0.508773
v 1.174433 2.549590 0.591578
v 0.955377 2.686472 0.757182
v 0.955377 2.686472 0.591578
v 1.101413 2.595218 0.591578
v 1.101413 2.595218 0.757182
v -0.194806 1.560884 0.824652
v -0.194806 2.515875 0.824652
v -0.194806 1.560884 0.480241
v -0.194806 2.515875 0.480241
v 0.136397 1.560884 0.824652
v 0.136397 2.515875 0.824652
v 0.136397 1.560884 0.480241
v 0.136397 2.515875 0.480241
v -0.194806 1.560884 0.652446
v -0.194806 2.038380 0.824652
v -0.194806 2.515875 0.652446
v -0.194806 2.038380 0.480241
v -0.029202 1.560884 0.480241
v -0.029202 2.515875 0.480241
v 0.136397 2.038380 0.480241
v 0.136397 1.560884 0.652446
v 0.136397 2.515875 0.652446
v 0.136397 2.038380 0.824652
v -0.029202 1.560884 0.824652
v -0.029202 2.515875 0.824652
v -0.194806 2.748798 0.738546
v -0.029202 1.560884 0.652446
v -0.029202 2.038380 0.824652
v 0.136397 2.038380 0.652446
v -0.029202 2.038380 0.480241
v -0.194806 2.038380 0.652446
v -0.194806 1.560884 0.738546
v -0.194806 2.277128 0.824652
v -0.194806 2.515875 0.566346
v -0.194806 1.799632 0.480241
v -0.112007 1.560884 0.480241
v 0.053597 2.515875 0.480241
v 0.136397 1.799632 0.480241
v 0.136397 1.560884 0.566346
v 0.136397 2.515875 0.738546
v 0.136397 1.799632 0.824652
v 0.053597 1.560884 0.824652
v -0.112007 2.515875 0.824652
v -0.194806 1.560884 0.566346
v -0.194806 1.799632 0.824652
v -0.194806 2.515875 0.738546
v -0.194806 2.277128 0.480241
v 0.053597 1.560884 0.480241
v -0.112007 2.515875 0.480241
v 0.136397 2.277128 0.480241
v 0.136397 1.560884 0.738546
v 0.136397 2.515875 0.566346
v 0.136397 2.277128 0.824652
v -0.112007 1.560884 0.824652
v 0.053597 2.515875 0.824652
v -0.194806 2.748798 0.824652
v -0.112007 2.748798 0.824652
v 0.136397 2.748798 0.824652
v 0.136397 2.748798 0.738546
v -0.029202 1.560884 0.738546
v -0.029202 1.560884 0.566346
v -0.112007 1.560884 0.652446
v 0.053597 1.560884 0.652446
v -0.112007 2.038380 0.824652
v 0.053597 2.038380 0.824652
v -0.029202 1.799632 0.824652
v -0.029202 2.277128 0.824652
v 0.136397 2.038380 0.738546
v 0.136397 2.038380 0.566346
v 0.136397 1.799632 0.652446
v 0.136397 2.277128 0.652446
v 0.053597 2.038380 0.480241
v -0.112007 2.038380 0.480241
v -0.029202 1.799632 0.480241
v -0.029202 2.277128 0.480241
v -0.194806 2.038380 0.566346
v -0.194806 2.038380 0.738546
v -0.194806 1.799632 0.652446
v -0.194806 2.277128 0.652446
v -0.194806 2.277128 0.738546
v -0.194806 1.799632 0.738546
v -0.194806 1.799632 0.566346
v -0.112007 2.277128 0.480241
v -0.112007 1.799632 0.480241
v 0.053597 1.799632 0.480241
v 0.136397 2.277128 0.566346
v 0.136397 1.799632 0.566346
v 0.136397 1.799632 0.738546
v 0.053597 2.277128 0.824652
v 0.053597 1.799632 0.824652
v -0.112007 1.799632 0.824652
v 0.053597 1.560884 0.566346
v -0.112007 1.560884 0.566346
v -0.112007 1.560884 0.738546
v 0.136397 2.748798 0.480241
v 0.053597 2.748798 0.480241
v -0.194806 2.748798 0.480241
v -0.194806 2.748798 0.566346
v 0.053597 1.560884 0.738546
v -0.112007 2.277128 0.824652
v 0.136397 2.277128 0.738546
v 0.053597 2.277128 0.480241
v -0.194806 2.277128 0.566346
v -0.194806 2.622985 0.566346
v -0.194806 2.622985 0.480241
v 0.053597 2.622985 0.480241
v 0.136397 2.622985 0.480241
v 0.136397 2.622985 0.738546
v 0.136397 2.622985 0.824652
v -0.112007 2.622985 0.824652
v -0.194806 2.622985 0.824652
v -0.194806 2.622985 0.738546
v -0.194806 2.622985 0.652446
v -0.112007 2.622985 0.480241
v -0.029202 2.622985 0.480241
v 0.136397 2.622985 0.566346
v 0.136397 2.622985 0.652446
v 0.053597 2.622985 0.824652
v -0.029202 2.622985 0.824652
v -0.029202 2.622985 0.738546
v -0.029202 2.622985 0.566346
v -0.029202 2.622985 0.652446
v 0.053597 2.622985 0.652446
v -0.112007 2.622985 0.652446
v -0.112007 2.622985 0.566346
v 0.053597 2.622985 0.566346
v 0.053597 2.622985 0.738546
v -0.112007 2.622985 0.738546
v -0.112007 2.748798 0.480241
v 0.136397 2.748798 0.566346
v 0.053597 2.748798 0.824652
v -0.112007 2.748798 0.566346
v 0.053597 2.748798 0.566346
v 0.053597 2.748798 0.738546
v -0.112007 2.748798 0.738546
v 0.406179 0.209314 -1.012416
v 1.327148 2.776292 -1.008083
v 0.406179 0.209314 -1.284215
v 1.327148 2.776292 -1.288549
v 0.482417 -0.618306 -0.960517
v 2.589155 2.808253 -0.937743
v 0.482417 -0.618306 -1.336114
v 2.589155 2.808253 -1.358883
v 0.355280 0.178492 -1.148315
v 1.153155 1.362458 -1.005966
v 1.337441 2.887825 -1.148316
v 1.153155 1.362458 -1.290665
v 0.419973 -0.155956 -1.308056
v 1.863267 2.837953 -1.317790
v 1.448142 0.914176 -1.386516
v 0.241105 -0.897744 -1.148315
v 2.727919 3.301079 -1.148316
v 1.448142 0.914176 -0.910115
v 0.419973 -0.155956 -0.988575
v 1.863267 2.837953 -0.978841
v 1.844402 3.006014 -1.148316
v 0.306073 -0.251304 -1.148315
v 1.270128 1.192553 -0.970799
v 1.097844 0.770977 -1.148315
v 1.270128 1.192553 -1.325832
v 1.119167 1.370863 -1.148316
v 0.368918 0.186752 -1.078752
v 1.005746 2.343279 -1.006217
v 1.344360 2.870333 -1.220225
v 0.762106 0.769660 -1.288392
v 0.414780 0.042542 -1.294999
v 2.173170 2.822740 -1.338728
v 0.878475 0.027631 -1.364048
v 0.317678 -0.809170 -1.252387
v 2.678020 3.123188 -1.023871
v 0.878475 0.027631 -0.932577
v 0.433611 -0.384149 -0.973932
v 1.570520 2.797933 -0.995182
v 0.368918 0.186752 -1.217879
v 0.762106 0.769660 -1.008239
v 1.344360 2.870333 -1.076406
v 1.005746 2.343279 -1.290414
v 0.433611 -0.384149 -1.322699
v 1.570520 2.797933 -1.301450
v 1.967852 2.021815 -1.383824
v 0.317678 -0.809170 -1.044244
v 2.678020 3.123188 -1.272761
v 1.967852 2.021815 -0.912807
v 0.414780 0.042542 -1.001632
v 2.173170 2.822740 -0.957904
v 1.849942 2.956500 -1.057787
v 1.849942 2.956500 -1.238844
v 2.189779 3.115861 -1.148316
v 1.542183 2.898352 -1.148316
v 0.338526 -0.224135 -1.064287
v 0.338526 -0.224135 -1.232344
v 0.339721 -0.010937 -1.148315
v 0.261155 -0.553763 -1.148315
v 1.209936 1.285835 -0.991161
v 1.342132 1.072235 -0.943154
v 0.804969 0.472551 -0.977601
v 1.376841 2.214824 -0.971575
v 1.260483 0.838017 -0.989284
v 1.260483 0.838017 -1.307347
v 0.510932 -0.335115 -1.148315
v 1.891855 2.563418 -1.148316
v 1.342132 1.072235 -1.353477
v 1.209936 1.285835 -1.305470
v 0.804969 0.472551 -1.319030
v 1.376841 2.214824 -1.325056
v 1.128410 1.368579 -1.221632
v 1.128410 1.368579 -1.074999
v 0.715948 0.754827 -1.148315
v 0.963403 2.393625 -1.148316
v 0.974907 2.379937 -1.075144
v 0.728436 0.758842 -1.076334
v 0.728436 0.758842 -1.220297
v 1.176729 2.279311 -1.305040
v 0.786176 0.637329 -1.301656
v 0.826761 0.266586 -1.340855
v 1.925397 2.319906 -1.303208
v 0.648579 -0.199333 -1.278155
v 0.648579 -0.199333 -1.018476
v 1.629087 2.139441 -0.944623
v 0.826761 0.266586 -0.955776
v 0.786176 0.637329 -0.994975
v 0.312813 -0.502970 -1.242262
v 0.360340 0.003762 -1.224207
v 0.360340 0.003762 -1.072424
v 1.550102 2.870272 -1.228166
v 2.184407 3.021590 -1.254465
v 2.184407 3.021590 -1.042166
v 1.550102 2.870272 -1.068465
v 0.312813 -0.502970 -1.054369
v 1.176729 2.279316 -0.991591
v 1.925397 2.319906 -0.993423
v 1.629087 2.139441 -1.352008
v 0.974907 2.379942 -1.221487
v 1.217006 2.630725 -1.007295
v 1.217000 2.630725 -1.289336
v 2.297771 2.449886 -1.372766
v 2.297771 2.449886 -0.923865
v 1.639637 2.559397 -0.974837
v 2.378348 3.016508 -1.148316
v 1.639637 2.559397 -1.321795
v 1.184620 2.690454 -1.148316
v 1.193394 2.674258 -1.075781
v 1.410266 2.591760 -1.303225
v 2.345945 2.788723 -1.288230
v 1.927436 2.523783 -0.950750
v 1.410266 2.591760 -0.993406
v 2.345945 2.788723 -1.008401
v 1.927436 2.523789 -1.345882
v 1.193394 2.674258 -1.220850
v 0.796804 2.047220 -1.290866
v 1.617817 1.536015 -1.389012
v 1.617817 1.536015 -0.907619
v 1.114397 1.848800 -0.970151
v 1.289406 1.848515 -1.148316
v 1.114397 1.848800 -1.326480
v 0.745050 2.086062 -1.148316
v 0.796804 2.047220 -1.005765
v 0.759129 2.075490 -1.074876
v 0.945235 1.953642 -1.305816
v 1.446053 1.698950 -1.311390
v 1.325344 1.719083 -0.941875
v 0.945235 1.953642 -0.990815
v 1.446053 1.698950 -0.985241
v 1.325344 1.719083 -1.354756
v 0.759129 2.075490 -1.221755
v 5.534482 1.326581 -1.099773
v 5.527379 1.328955 -1.051482
v 3.556813 0.128944 -1.245361
v 3.416423 -0.074977 -1.245350
v 5.534482 1.326581 -1.196858
v 5.536895 1.325777 -1.148316
v 3.556813 0.128944 -1.051269
v 3.416423 -0.074977 -1.051280
v 3.423795 -0.080690 -1.099667
v 3.423795 -0.080690 -1.196959
v 3.426292 -0.082628 -1.148315
v 3.567200 0.122013 -1.148315
v 5.527379 1.328955 -1.245149
v 3.564564 0.123767 -1.196970
v 3.564564 0.123767 -1.099661
v 5.390675 1.123894 -1.245261
v 5.390675 1.123894 -1.051370
v 5.399806 1.119957 -1.148316
v 5.397494 1.120957 -1.196914
v 5.397494 1.120957 -1.099717
v 6.356601 0.658490 -1.105078
v 6.353754 0.659757 -1.061908
v 6.356601 0.658490 -1.191553
v 6.357557 0.658060 -1.148315
v 6.353754 0.659757 -1.234723
v 6.230325 0.477298 -1.234751
v 6.230325 0.477298 -1.061880
v 6.234011 0.475399 -1.148315
v 6.233084 0.475874 -1.191569
v 6.233084 0.475874 -1.105062
v 0.386186 0.197100 -1.045327
v 1.272094 2.703707 -1.007681
v 1.335090 2.824957 -1.254688
v 0.581920 0.487161 -1.286415
v 0.410373 0.126839 -1.289548
v 2.382308 2.821288 -1.349495
v 0.674392 -0.304354 -1.350204
v 0.397003 -0.717865 -1.295267
v 2.635369 2.968379 -0.979182
v 0.674392 -0.304354 -0.946427
v 0.454297 -0.505304 -0.966778
v 1.447231 2.786864 -1.001727
v 0.360261 0.181379 -1.183198
v 0.955863 1.064930 -1.006932
v 1.340150 2.881486 -1.112238
v 1.255155 1.512654 -1.290816
v 0.424732 -0.271113 -1.315545
v 1.714852 2.818451 -1.309586
v 1.617985 1.165841 -1.388303
v 0.270520 -0.864923 -1.095657
v 2.712433 3.234073 -1.212038
v 1.617985 1.165841 -0.908328
v 0.416617 -0.056235 -0.995104
v 2.016574 2.832753 -0.968241
v 1.856683 2.900485 -1.017504
v 1.847133 2.988288 -1.193999
v 2.459081 3.218553 -1.148316
v 1.690335 2.950904 -1.148316
v 0.376798 -0.192369 -1.025848
v 0.317912 -0.241799 -1.190603
v 0.347925 0.085355 -1.148315
v 0.281611 -0.402858 -1.148315
v 1.181358 1.324699 -0.998734
v 1.304809 1.133282 -0.956960
v 0.608123 0.152808 -0.982895
v 1.396807 1.380128 -0.970319
v 1.357440 0.877088 -0.947415
v 1.158584 0.792037 -1.233801
v 0.371342 -0.626906 -1.148315
v 1.992710 1.259905 -1.148316
v 1.392596 0.992910 -1.370823
v 1.239507 1.240001 -1.315472
v 0.608123 0.152808 -1.313735
v 1.396807 1.380128 -1.326313
v 1.139942 1.365691 -1.256498
v 1.122557 1.369980 -1.111512
v 0.532897 0.463789 -1.148315
v 1.225227 1.527375 -1.148316
v 0.360261 0.181379 -1.113433
v 0.901027 2.195679 -1.005944
v 1.340150 2.881486 -1.184393
v 0.955863 1.064930 -1.289699
v 0.416617 -0.056235 -1.301527
v 2.016574 2.832753 -1.328390
v 1.154965 0.460237 -1.376525
v 0.270520 -0.864923 -1.200974
v 2.712433 3.234073 -1.084594
v 1.154965 0.460237 -0.920106
v 0.424732 -0.271113 -0.981086
v 1.714852 2.818451 -0.987045
v 0.386186 0.197106 -1.251304
v 0.581920 0.487161 -1.010216
v 1.335090 2.824957 -1.041943
v 1.111309 2.487622 -1.289917
v 0.454297 -0.505304 -1.329853
v 1.447231 2.786858 -1.294904
v 2.134406 2.238972 -1.378625
v 0.397003 -0.717865 -1.001364
v 2.635369 2.968379 -1.317450
v 2.134406 2.238972 -0.918006
v 0.410373 0.126839 -1.007083
v 2.382308 2.821288 -0.947136
v 1.847133 2.988288 -1.102627
v 1.856683 2.900485 -1.279127
v 2.013390 3.060941 -1.148316
v 1.438268 2.891885 -1.148316
v 0.317912 -0.241799 -1.106028
v 0.376798 -0.192369 -1.270783
v 0.322777 -0.129635 -1.148315
v 0.245121 -0.732006 -1.148315
v 1.239507 1.240001 -0.981159
v 1.392596 0.992910 -0.925808
v 1.033340 0.828791 -0.973708
v 1.508451 2.388621 -0.973078
v 1.158584 0.792038 -1.062830
v 1.357440 0.877087 -1.349216
v 0.770528 0.170361 -1.148315
v 2.143688 2.803495 -1.148316
v 1.304809 1.133282 -1.339671
v 1.181358 1.324699 -1.297897
v 1.033340 0.828791 -1.322923
v 1.508451 2.388621 -1.323554
v 1.122557 1.369980 -1.185119
v 1.139942 1.365691 -1.040133
v 0.915284 1.061401 -1.148316
v 1.073925 2.542844 -1.148316
v 0.967725 2.388649 -1.111590
v 0.989355 2.362892 -1.040340
v 1.233369 1.523371 -1.074910
v 1.084072 2.527849 -1.075440
v 0.720489 0.756167 -1.112193
v 0.744067 0.763773 -1.041971
v 0.546099 0.470083 -1.077479
v 0.926298 1.062356 -1.075563
v 0.744067 0.763773 -1.254660
v 0.720489 0.756167 -1.184438
v 0.546099 0.470083 -1.219152
v 0.926298 1.062356 -1.221068
v 1.275070 2.247657 -1.314886
v 1.090187 2.311418 -1.297562
v 1.322340 1.451769 -1.305727
v 1.293506 2.436493 -1.304208
v 0.795151 0.555982 -1.310256
v 0.774180 0.704519 -1.294904
v 0.597339 0.336334 -1.298478
v 0.995364 0.959557 -1.303845
v 0.848742 0.143872 -1.353136
v 0.814189 0.369680 -1.330065
v 0.624626 -0.066494 -1.331970
v 1.078018 0.662561 -1.347998
v 1.910670 2.473789 -1.230786
v 1.947770 2.167091 -1.345770
v 1.756514 0.841100 -1.056469
v 2.140181 2.562653 -1.296066
v 0.562485 -0.287002 -1.215159
v 0.762486 -0.087599 -1.322917
v 0.476463 -0.515675 -1.264981
v 0.933211 0.291393 -1.294016
v 0.762486 -0.087599 -0.973714
v 0.562485 -0.287002 -1.081472
v 0.476463 -0.515675 -1.031650
v 0.933211 0.291393 -1.002615
v 1.500504 2.178970 -0.958066
v 1.796909 2.084716 -0.927908
v 1.488257 1.289136 -0.942205
v 1.778982 2.333963 -0.947466
v 0.814189 0.369680 -0.966565
v 0.848742 0.143872 -0.943495
v 0.624626 -0.066494 -0.964661
v 1.078018 0.662561 -0.948633
v 0.774180 0.704519 -1.001727
v 0.795151 0.555982 -0.986375
v 0.597339 0.336334 -0.998153
v 0.995364 0.959557 -0.992780
v 0.280282 -0.535691 -1.195735
v 0.370264 -0.446882 -1.283316
v 0.323553 -0.364217 -1.237375
v 0.309960 -0.661666 -1.247635
v 0.347232 -0.005810 -1.186426
v 0.385706 0.021661 -1.259988
v 0.364880 0.096620 -1.220990
v 0.349070 -0.109055 -1.228244
v 0.385706 0.021661 -1.036643
v 0.347232 -0.005810 -1.110205
v 0.364880 0.096620 -1.075641
v 0.349070 -0.109055 -1.068387
v 1.545400 2.888260 -1.188464
v 1.559893 2.836484 -1.265310
v 1.697344 2.912811 -1.233416
v 1.445723 2.869473 -1.224090
v 2.189472 3.081856 -1.202253
v 2.179715 2.925790 -1.297881
v 2.432129 3.081369 -1.264127
v 2.014262 2.990355 -1.246618
v 2.179715 2.925790 -0.998751
v 2.189472 3.081856 -1.094378
v 2.432129 3.081369 -1.032505
v 2.014262 2.990355 -1.050013
v 1.559893 2.836484 -1.031321
v 1.545400 2.888260 -1.108167
v 1.697344 2.912811 -1.063210
v 1.445723 2.869473 -1.072542
v 0.370264 -0.446882 -1.013315
v 0.280282 -0.535691 -1.100895
v 0.323553 -0.364217 -1.059255
v 0.309960 -0.661666 -1.048996
v 1.090187 2.311418 -0.999069
v 1.275070 2.247657 -0.981745
v 1.322340 1.451769 -0.990904
v 1.293506 2.436493 -0.992423
v 1.947770 2.167091 -0.950861
v 1.910670 2.473789 -1.065846
v 4.057552 1.740981 -0.996198
v 2.140181 2.562653 -1.000566
v 1.796909 2.084716 -1.368723
v 1.500504 2.178970 -1.338565
v 1.488257 1.289136 -1.354426
v 1.778982 2.333963 -1.349160
v 0.989355 2.362892 -1.256291
v 0.967725 2.388649 -1.185041
v 1.233369 1.523371 -1.221721
v 1.084072 2.527849 -1.221191
v 1.111309 2.487622 -1.006714
v 1.272094 2.703707 -1.288951
v 2.445343 2.632060 -1.365976
v 2.445343 2.632060 -0.930656
v 1.751901 2.699971 -0.976769
v 4.099404 1.843645 -1.062461
v 1.751901 2.699971 -1.319862
v 1.261081 2.789583 -1.148316
v 1.268922 2.772717 -1.076083
v 1.490508 2.695380 -1.302365
v 2.049864 1.194949 -0.990318
v 2.051210 2.675146 -0.954223
v 1.490508 2.695380 -0.994266
v 1.824352 0.863226 -0.991256
v 2.051210 2.675146 -1.342408
v 1.268922 2.772717 -1.220549
v 1.187987 2.684585 -1.184717
v 1.781411 2.543676 -1.333930
v 2.371339 2.932089 -1.075552
v 1.523100 2.576062 -0.984241
v 2.112447 2.491984 -0.936564
v 2.322741 2.618819 -1.332534
v 1.312365 2.611173 -1.296138
v 1.204496 2.654047 -1.041217
v 1.187987 2.684585 -1.111914
v 1.523100 2.576062 -1.312390
v 2.371339 2.932089 -1.221079
v 1.781411 2.543676 -0.962701
v 1.312365 2.611173 -1.000493
v 2.322741 2.618819 -0.964097
v 2.112447 2.491984 -1.360061
v 1.204496 2.654047 -1.255414
v 0.901027 2.195679 -1.290687
v 1.793279 1.780928 -1.386924
v 1.793279 1.780928 -0.909707
v 1.245292 2.032823 -0.970710
v 1.593635 2.225452 -1.148316
v 1.245292 2.032823 -1.325922
v 0.853897 2.240407 -1.148316
v 1.255155 1.512654 -1.005815
v 0.866714 2.228239 -1.074982
v 1.060678 2.117124 -1.305515
v 1.686990 2.017225 -1.308223
v 1.477048 1.930823 -0.942953
v 1.060678 2.117124 -0.991116
v 1.686990 2.017225 -0.988408
v 1.477048 1.930823 -1.353678
v 0.866714 2.228239 -1.221649
v 0.750272 2.082181 -1.185180
v 0.776733 2.062316 -1.256660
v 1.217307 1.785725 -1.340621
v 1.468632 1.630101 -1.372722
v 1.352570 1.791271 -1.059853
v 1.535532 1.614218 -0.944160
v 1.028359 1.902123 -0.980667
v 0.870232 2.000867 -0.998466
v 1.468632 1.630101 -0.923909
v 1.217307 1.785725 -0.956010
v 1.535532 1.614218 -1.352471
v 1.352570 1.791271 -1.236778
v 0.870232 2.000867 -1.298165
v 1.028359 1.902123 -1.315964
v 0.776733 2.062316 -1.039971
v 0.750272 2.082181 -1.111451
v 5.531143 1.327693 -1.075613
v 3.486674 0.026939 -1.245356
v 5.535912 1.326101 -1.172592
v 3.486674 0.026939 -1.051275
v 3.420333 -0.078004 -1.075462
v 3.425275 -0.081835 -1.172643
v 3.496805 0.019651 -1.148315
v 5.535912 1.326101 -1.124039
v 5.531143 1.327693 -1.221018
v 3.425275 -0.081835 -1.123988
v 3.420333 -0.078004 -1.221168
v 3.494236 0.021494 -1.196964
v 3.494236 0.021494 -1.099667
v 5.459088 1.226419 -1.245205
v 5.459088 1.226419 -1.051426
v 5.809738 0.798862 -1.239676
v 5.944196 0.990128 -1.194038
v 5.945804 0.989531 -1.148316
v 5.398862 1.120365 -1.124011
v 5.394289 1.122336 -1.221102
v 5.398862 1.120365 -1.172620
v 5.394289 1.122336 -1.075530
v 3.566128 0.122728 -1.123983
v 3.560923 0.126202 -1.075451
v 3.560923 0.126202 -1.221180
v 3.566128 0.122728 -1.172648
v 2.018143 1.231311 -1.241452
v 2.018143 1.231311 -1.055179
v 1.756514 0.841100 -1.240162
v 1.705280 0.825948 -1.148316
v 4.257006 2.023686 -1.001414
v 4.309496 2.126412 -1.067784
v 4.309496 2.126412 -1.228842
v 4.257006 2.023686 -1.295217
v 4.057552 1.740981 -1.300433
v 4.123480 1.907791 -1.148316
v 2.049864 1.194949 -1.306314
v 1.824352 0.863226 -1.305375
v 4.099404 1.843645 -1.234170
v 4.336175 2.182203 -1.148316
v 6.355267 0.659082 -1.083488
v 6.357172 0.658233 -1.169934
v 6.357172 0.658233 -1.126697
v 6.355267 0.659082 -1.213143
v 6.292064 0.568525 -1.234739
v 6.292064 0.568525 -1.061892
v 6.295812 0.566727 -1.148315
v 6.294873 0.567173 -1.191558
v 6.294873 0.567173 -1.105067
v 6.233637 0.475589 -1.126686
v 6.231793 0.476544 -1.213166
v 6.233637 0.475589 -1.169945
v 6.231793 0.476544 -1.083465
v 5.814334 0.796745 -1.194071
v 5.939421 0.991910 -1.239609
v 5.815886 0.796031 -1.148316
v 5.939421 0.991910 -1.057022
v 5.944196 0.990128 -1.102593
v 5.809738 0.798862 -1.056955
v 5.814334 0.796745 -1.102560
v 5.941946 0.990961 -1.216829
v 5.815238 0.796321 -1.125435
v 5.812167 0.797740 -1.079746
v 5.874621 0.895378 -1.056988
v 5.945140 0.989771 -1.125452
v 5.941946 0.990961 -1.079802
v 6.295432 0.566905 -1.126691
v 6.293555 0.567804 -1.213154
v 6.295432 0.566905 -1.169940
v 6.293555 0.567804 -1.083477
v 4.079187 1.791802 -1.267656
v 2.034557 1.212686 -1.274313
v 4.325346 2.154548 -1.188766
v 4.325346 2.154548 -1.107865
v 1.791229 0.851900 -1.273185
v 4.114198 1.875528 -1.191530
v 1.937510 1.028680 -1.305889
v 4.114198 1.875528 -1.105101
v 4.157854 1.882710 -0.998790
v 1.733617 0.830958 -1.101918
v 4.157854 1.882710 -1.297841
v 4.284243 2.074809 -1.262328
v 3.495760 0.020399 -1.172643
v 3.490684 0.024051 -1.221174
v 3.490684 0.024051 -1.075457
v 3.495760 0.020399 -1.123983
v 5.945140 0.989771 -1.171179
v 5.812167 0.797740 -1.216885
v 5.874621 0.895378 -1.239643
v 5.815238 0.796321 -1.171196
v 1.228231 1.525890 -1.111467
v 1.243533 1.518367 -1.040011
v 1.358937 1.416574 -1.315835
v 1.288446 1.482586 -1.298093
v 1.937510 1.028680 -0.990742
v 4.079187 1.791802 -1.028975
v 1.441217 1.335556 -0.956256
v 1.551113 1.228100 -0.924429
v 1.288446 1.482586 -0.998533
v 1.358937 1.416574 -0.980796
v 1.791229 0.851900 -1.023446
v 2.008666 1.243575 -1.195406
v 1.551113 1.228100 -1.372202
v 1.441217 1.335556 -1.340375
v 1.243533 1.518367 -1.256620
v 1.228231 1.525890 -1.185164
v 1.096850 2.509168 -1.255889
v 1.955828 2.291167 -1.364674
v 2.138059 2.398316 -0.957105
v 1.201235 2.462066 -0.999722
v 1.641385 2.363233 -0.960216
v 2.148770 2.715284 -1.226089
v 1.399175 2.413066 -1.313736
v 1.077773 2.537410 -1.111736
v 1.096850 2.509168 -1.040742
v 1.201235 2.462066 -1.296909
v 2.138059 2.398316 -1.339526
v 1.955828 2.291167 -0.931957
v 1.399175 2.413066 -0.982895
v 2.148770 2.715284 -1.070543
v 1.641385 2.363233 -1.336415
v 1.077773 2.537410 -1.184896
v 1.264113 2.783474 -1.184561
v 0.858677 2.235973 -1.185125
v 0.882759 2.213087 -1.256514
v 1.899651 2.689795 -1.331244
v 1.358624 1.983621 -1.339811
v 1.632852 1.859265 -1.371125
v 2.008666 1.243575 -1.101219
v 1.634577 2.148572 -1.062014
v 1.742430 1.894790 -0.946779
v 1.619214 2.698105 -0.985593
v 1.151391 2.075702 -0.981092
v 0.979934 2.156670 -0.998700
v 0.269548 -0.706366 -1.098109
v 0.297064 -0.389119 -1.103431
v 0.371403 -0.320494 -1.019464
v 1.441222 2.883759 -1.110261
v 1.693334 2.937149 -1.105453
v 1.705878 2.868462 -1.024485
v 2.014680 3.035402 -1.098556
v 2.451117 3.167838 -1.089218
v 2.408595 2.954551 -0.988324
v 2.015876 2.915128 -1.288537
v 2.408595 2.954551 -1.308308
v 2.451117 3.167838 -1.207413
v 1.445902 2.830162 -1.259882
v 1.705878 2.868462 -1.272146
v 1.693334 2.937149 -1.191179
v 0.332394 -0.122386 -1.108133
v 0.354135 0.089320 -1.111847
v 0.386029 0.110548 -1.041044
v 0.380690 -0.084527 -1.265366
v 0.386029 0.110548 -1.255587
v 0.354135 0.089320 -1.184784
v 0.379082 -0.587249 -1.289693
v 0.371403 -0.320494 -1.277167
v 0.297064 -0.389119 -1.193200
v 1.013956 0.895221 -0.983387
v 0.602170 0.245397 -0.990563
v 0.589632 0.412783 -1.004274
v 1.113063 0.559489 -0.933593
v 0.645580 -0.189291 -0.954983
v 0.614473 0.042665 -0.973625
v 2.248754 2.659101 -0.941725
v 1.632852 1.859265 -0.925507
v 1.358624 1.983621 -0.956820
v 0.829525 0.209102 -1.071570
v 0.411183 -0.586936 -1.088871
v 0.573007 -0.413363 -0.987642
v 1.045984 0.376672 -1.337448
v 0.573007 -0.413363 -1.308988
v 0.411183 -0.586936 -1.207759
v 1.733617 0.830958 -1.194714
v 1.742430 1.894790 -1.349852
v 1.634577 2.148572 -1.234617
v 1.054222 0.746327 -1.335522
v 0.614473 0.042665 -1.323006
v 0.645580 -0.189291 -1.341648
v 0.975594 1.013099 -1.296624
v 0.589632 0.412783 -1.292357
v 0.602170 0.245397 -1.306068
v 1.379846 2.699351 -1.295541
v 0.979934 2.156670 -1.297931
v 1.151391 2.075702 -1.315540
v 0.919283 1.061647 -1.184829
v 0.537694 0.465933 -1.183851
v 0.562703 0.477890 -1.253068
v 0.940036 1.063478 -1.040910
v 0.562703 0.477890 -1.043562
v 0.537694 0.465933 -1.112780
v 1.269826 2.739801 -1.041569
v 0.882759 2.213087 -1.040117
v 0.858677 2.235973 -1.111506
v 1.264113 2.783474 -1.112071
v 0.919283 1.061647 -1.111802
v 0.940036 1.063478 -1.255721
v 1.619214 2.698105 -1.311038
v 1.013956 0.895221 -1.313244
v 1.113063 0.559489 -1.363038
v 4.284243 2.074809 -1.034303
v 0.829525 0.209102 -1.225061
v 1.045984 0.376672 -0.959177
v 1.899651 2.689795 -0.965387
v 1.054222 0.746327 -0.961109
v 0.975594 1.013099 -1.000007
v 0.269548 -0.706366 -1.198522
v 0.332394 -0.122386 -1.188498
v 0.380690 -0.084527 -1.031265
v 1.441222 2.883759 -1.186370
v 2.014680 3.035402 -1.198076
v 2.015876 2.915128 -1.008094
v 1.445902 2.830162 -1.036749
v 0.379082 -0.587249 -1.006938
v 1.379846 2.699351 -1.001091
v 2.034557 1.212686 -1.022318
v 2.248754 2.659101 -1.354907
v 1.269826 2.739801 -1.255062
v -0.473479 0.209314 -1.284215
v -1.394449 2.776292 -1.288549
v -0.473479 0.209314 -1.012416
v -1.394449 2.776292 -1.008083
v -0.549722 -0.618306 -1.336114
v -2.656456 2.808253 -1.358888
v -0.549722 -0.618306 -0.960517
v -2.656456 2.808253 -0.937743
v -0.422580 0.178492 -1.148315
v -1.220456 1.362458 -1.290665
v -1.404741 2.887825 -1.148316
v -1.220461 1.362458 -1.005966
v -0.487274 -0.155956 -0.988575
v -1.930573 2.837953 -0.978841
v -1.515448 0.914176 -0.910115
v -0.308411 -0.897744 -1.148315
v -2.795220 3.301079 -1.148316
v -1.515448 0.914176 -1.386516
v -0.487274 -0.155956 -1.308056
v -1.930573 2.837953 -1.317790
v -1.911702 3.006014 -1.148316
v -0.373373 -0.251304 -1.148315
v -1.337428 1.192553 -1.325832
v -1.165145 0.770977 -1.148315
v -1.337428 1.192553 -0.970799
v -1.186467 1.370863 -1.148316
v -0.436218 0.186752 -1.217879
v -1.073047 2.343279 -1.290414
v -1.411661 2.870333 -1.076406
v -0.829406 0.769660 -1.008239
v -0.482086 0.042542 -1.001632
v -2.240470 2.822740 -0.957904
v -0.945776 0.027631 -0.932577
v -0.384984 -0.809170 -1.044244
v -2.745326 3.123188 -1.272761
v -0.945776 0.027631 -1.364048
v -0.500917 -0.384149 -1.322699
v -1.637821 2.797933 -1.301450
v -0.436218 0.186752 -1.078752
v -0.829406 0.769660 -1.288392
v -1.411661 2.870333 -1.220225
v -1.073047 2.343279 -1.006217
v -0.500917 -0.384149 -0.973932
v -1.637821 2.797933 -0.995182
v -2.035153 2.021815 -0.912807
v -0.384984 -0.809170 -1.252387
v -2.745326 3.123188 -1.023871
v -2.035153 2.021815 -1.383824
v -0.482086 0.042542 -1.294999
v -2.240470 2.822740 -1.338728
v -1.917242 2.956500 -1.238844
v -1.917242 2.956500 -1.057787
v -2.257079 3.115861 -1.148316
v -1.609489 2.898352 -1.148316
v -0.405826 -0.224135 -1.232344
v -0.405826 -0.224135 -1.064287
v -0.407021 -0.010937 -1.148315
v -0.328455 -0.553763 -1.148315
v -1.277241 1.285835 -1.305470
v -1.409438 1.072235 -1.353477
v -0.872275 0.472551 -1.319030
v -1.444141 2.214824 -1.325056
v -1.327783 0.838017 -1.307347
v -1.327783 0.838017 -0.989284
v -0.578233 -0.335115 -1.148315
v -1.959156 2.563418 -1.148316
v -1.409438 1.072235 -0.943154
v -1.277241 1.285835 -0.991161
v -0.872275 0.472551 -0.977601
v -1.444141 2.214824 -0.971575
v -1.195715 1.368579 -1.074999
v -1.195715 1.368579 -1.221632
v -0.783249 0.754827 -1.148315
v -1.030703 2.393625 -1.148316
v -1.042213 2.379937 -1.221487
v -0.795736 0.758842 -1.220297
v -0.795736 0.758842 -1.076334
v -1.244035 2.279311 -0.991591
v -0.853477 0.637329 -0.994975
v -0.894061 0.266586 -0.955776
v -1.992703 2.319906 -0.993423
v -0.715885 -0.199333 -1.018476
v -0.715885 -0.199333 -1.278155
v -1.696393 2.139441 -1.352008
v -0.894061 0.266586 -1.340855
v -0.853477 0.637329 -1.301656
v -0.380114 -0.502970 -1.054369
v -0.427646 0.003762 -1.072424
v -0.427646 0.003762 -1.224207
v -1.617403 2.870272 -1.068465
v -2.251707 3.021590 -1.042166
v -2.251707 3.021590 -1.254465
v -1.617403 2.870272 -1.228166
v -0.380114 -0.502970 -1.242262
v -1.244035 2.279316 -1.305040
v -1.992703 2.319906 -1.303208
v -1.696393 2.139441 -0.944623
v -1.042213 2.379942 -1.075144
v -1.284306 2.630725 -1.289336
v -1.284306 2.630725 -1.007295
v -2.365072 2.449886 -0.923865
v -2.365072 2.449886 -1.372766
v -1.706937 2.559397 -1.321795
v -2.445648 3.016508 -1.148316
v -1.706937 2.559397 -0.974837
v -1.251920 2.690454 -1.148316
v -1.260700 2.674258 -1.220850
v -1.477572 2.591760 -0.993406
v -2.413251 2.788723 -1.008401
v -1.994736 2.523783 -1.345882
v -1.477572 2.591760 -1.303225
v -2.413245 2.788723 -1.288230
v -1.994736 2.523789 -0.950750
v -1.260700 2.674258 -1.075781
v -0.864110 2.047220 -1.005765
v -1.685118 1.536015 -0.907619
v -1.685118 1.536015 -1.389012
v -1.181698 1.848800 -1.326480
v -1.356712 1.848515 -1.148316
v -1.181698 1.848800 -0.970151
v -0.812356 2.086062 -1.148316
v -0.864110 2.047220 -1.290866
v -0.826435 2.075490 -1.221755
v -1.012541 1.953642 -0.990815
v -1.513353 1.698950 -0.985241
v -1.392645 1.719083 -1.354756
v -1.012541 1.953642 -1.305816
v -1.513353 1.698950 -1.311390
v -1.392645 1.719083 -0.941875
v -0.826435 2.075490 -1.074876
v -5.601789 1.326581 -1.196858
v -5.594679 1.328955 -1.245149
v -3.624113 0.128944 -1.051269
v -3.483724 -0.074977 -1.051280
v -5.601789 1.326581 -1.099773
v -5.604195 1.325777 -1.148316
v -3.624113 0.128944 -1.245361
v -3.483724 -0.074977 -1.245350
v -3.491096 -0.080690 -1.196964
v -3.491096 -0.080690 -1.099672
v -3.493598 -0.082628 -1.148315
v -3.634501 0.122013 -1.148315
v -5.594679 1.328955 -1.051482
v -3.631870 0.123767 -1.099661
v -3.631870 0.123767 -1.196970
v -5.457976 1.123894 -1.051370
v -5.457976 1.123894 -1.245261
v -5.467107 1.119957 -1.148316
v -5.464795 1.120957 -1.099717
v -5.464795 1.120957 -1.196920
v -6.423908 0.658490 -1.191553
v -6.421060 0.659757 -1.234723
v -6.423908 0.658490 -1.105078
v -6.424862 0.658060 -1.148315
v -6.421060 0.659757 -1.061908
v -6.297631 0.477298 -1.061880
v -6.297631 0.477298 -1.234751
v -6.301317 0.475399 -1.148315
v -6.300390 0.475874 -1.105062
v -6.300390 0.475874 -1.191569
v -0.453492 0.197100 -1.251304
v -1.339394 2.703707 -1.288951
v -1.402396 2.824957 -1.041943
v -0.649220 0.487161 -1.010216
v -0.477674 0.126839 -1.007083
v -2.449608 2.821288 -0.947136
v -0.741692 -0.304354 -0.946427
v -0.464304 -0.717865 -1.001364
v -2.702670 2.968379 -1.317450
v -0.741692 -0.304354 -1.350204
v -0.521603 -0.505304 -1.329853
v -1.514532 2.786864 -1.294904
v -0.427567 0.181379 -1.113433
v -1.023164 1.064930 -1.289699
v -1.407450 2.881486 -1.184393
v -1.322456 1.512654 -1.005815
v -0.492032 -0.271113 -0.981086
v -1.782153 2.818451 -0.987045
v -1.685291 1.165841 -0.908328
v -0.337826 -0.864923 -1.200974
v -2.779733 3.234073 -1.084594
v -1.685291 1.165841 -1.388303
v -0.483923 -0.056235 -1.301527
v -2.083880 2.832753 -1.328390
v -1.923983 2.900485 -1.279127
v -1.914439 2.988288 -1.102627
v -2.526387 3.218553 -1.148316
v -1.757641 2.950904 -1.148316
v -0.444104 -0.192369 -1.270783
v -0.385218 -0.241799 -1.106028
v -0.415225 0.085355 -1.148315
v -0.348917 -0.402858 -1.148315
v -1.248664 1.324699 -1.297897
v -1.372110 1.133282 -1.339671
v -0.675429 0.152808 -1.313735
v -1.464113 1.380128 -1.326313
v -1.424746 0.877087 -1.349216
v -1.225890 0.792038 -1.062830
v -0.438642 -0.626906 -1.148315
v -2.060011 1.259905 -1.148316
v -1.459902 0.992910 -0.925808
v -1.306813 1.240001 -0.981159
v -0.675429 0.152808 -0.982895
v -1.464113 1.380128 -0.970319
v -1.207242 1.365691 -1.040133
v -1.189863 1.369980 -1.185119
v -0.600203 0.463789 -1.148315
v -1.292527 1.527375 -1.148316
v -0.427567 0.181379 -1.183198
v -0.968327 2.195679 -1.290687
v -1.407450 2.881486 -1.112238
v -1.023164 1.064930 -1.006932
v -0.483923 -0.056235 -0.995104
v -2.083880 2.832753 -0.968241
v -1.222265 0.460237 -0.920106
v -0.337826 -0.864923 -1.095657
v -2.779733 3.234073 -1.212038
v -1.222265 0.460237 -1.376525
v -0.492032 -0.271113 -1.315545
v -1.782153 2.818451 -1.309586
v -0.453492 0.197106 -1.045327
v -0.649220 0.487161 -1.286415
v -1.402396 2.824957 -1.254688
v -1.178609 2.487622 -1.006714
v -0.521603 -0.505304 -0.966778
v -1.514532 2.786858 -1.001727
v -2.201707 2.238972 -0.918006
v -0.464304 -0.717865 -1.295267
v -2.702670 2.968379 -0.979182
v -2.201707 2.238972 -1.378625
v -0.477674 0.126839 -1.289548
v -2.449608 2.821288 -1.349495
v -1.914439 2.988288 -1.193999
v -1.923983 2.900485 -1.017504
v -2.080696 3.060941 -1.148316
v -1.505568 2.891885 -1.148316
v -0.385218 -0.241799 -1.190603
v -0.444104 -0.192369 -1.025848
v -0.390077 -0.129635 -1.148315
v -0.312421 -0.732006 -1.148315
v -1.306813 1.240001 -1.315472
v -1.459902 0.992910 -1.370823
v -1.100641 0.828791 -1.322923
v -1.575757 2.388621 -1.323554
v -1.225890 0.792037 -1.233801
v -1.424746 0.877088 -0.947415
v -0.837828 0.170361 -1.148315
v -2.210994 2.803495 -1.148316
v -1.372110 1.133282 -0.956960
v -1.248664 1.324699 -0.998734
v -1.100641 0.828791 -0.973708
v -1.575757 2.388621 -0.973078
v -1.189863 1.369980 -1.111512
v -1.207242 1.365691 -1.256498
v -0.982585 1.061401 -1.148316
v -1.141231 2.542844 -1.148316
v -1.035031 2.388649 -1.185041
v -1.056655 2.362892 -1.256291
v -1.300670 1.523371 -1.221721
v -1.151373 2.527849 -1.221191
v -0.787795 0.756167 -1.184438
v -0.811373 0.763773 -1.254660
v -0.613405 0.470083 -1.219152
v -0.993598 1.062356 -1.221068
v -0.811373 0.763773 -1.041971
v -0.787795 0.756167 -1.112193
v -0.613405 0.470083 -1.077479
v -0.993598 1.062356 -1.075563
v -1.342371 2.247657 -0.981745
v -1.157488 2.311418 -0.999069
v -1.389640 1.451769 -0.990904
v -1.360806 2.436493 -0.992423
v -0.862451 0.555982 -0.986375
v -0.841481 0.704519 -1.001727
v -0.664640 0.336334 -0.998153
v -1.062670 0.959557 -0.992780
v -0.916043 0.143872 -0.943495
v -0.881495 0.369680 -0.966565
v -0.691927 -0.066494 -0.964661
v -1.145319 0.662561 -0.948633
v -1.977971 2.473789 -1.065846
v -2.015070 2.167091 -0.950861
v -1.823821 0.841100 -1.240162
v -2.207487 2.562653 -1.000566
v -0.629791 -0.287002 -1.081466
v -0.829792 -0.087599 -0.973714
v -0.543764 -0.515675 -1.031650
v -1.000512 0.291393 -1.002615
v -0.829792 -0.087599 -1.322917
v -0.629791 -0.287002 -1.215159
v -0.543764 -0.515675 -1.264981
v -1.000512 0.291393 -1.294016
v -1.567805 2.178970 -1.338565
v -1.864215 2.084716 -1.368723
v -1.555557 1.289136 -1.354426
v -1.846288 2.333963 -1.349160
v -0.881495 0.369680 -1.330065
v -0.916043 0.143872 -1.353136
v -0.691927 -0.066494 -1.331970
v -1.145319 0.662561 -1.347998
v -0.841481 0.704519 -1.294904
v -0.862451 0.555982 -1.310256
v -0.664640 0.336334 -1.298478
v -1.062670 0.959557 -1.303845
v -0.347588 -0.535691 -1.100895
v -0.437564 -0.446882 -1.013315
v -0.390853 -0.364217 -1.059255
v -0.377260 -0.661666 -1.048996
v -0.414533 -0.005810 -1.110205
v -0.453011 0.021661 -1.036643
v -0.432180 0.096620 -1.075641
v -0.416370 -0.109055 -1.068387
v -0.453011 0.021661 -1.259988
v -0.414533 -0.005810 -1.186426
v -0.432180 0.096620 -1.220990
v -0.416370 -0.109055 -1.228244
v -1.612706 2.888260 -1.108167
v -1.627198 2.836484 -1.031321
v -1.764650 2.912811 -1.063210
v -1.513029 2.869473 -1.072542
v -2.256772 3.081856 -1.094378
v -2.247016 2.925790 -0.998751
v -2.499429 3.081369 -1.032505
v -2.081562 2.990355 -1.050013
v -2.247016 2.925790 -1.297881
v -2.256772 3.081856 -1.202253
v -2.499429 3.081369 -1.264127
v -2.081562 2.990355 -1.246618
v -1.627198 2.836484 -1.265310
v -1.612706 2.888260 -1.188464
v -1.764650 2.912811 -1.233416
v -1.513029 2.869473 -1.224090
v -0.437564 -0.446882 -1.283316
v -0.347588 -0.535691 -1.195735
v -0.390853 -0.364217 -1.237375
v -0.377260 -0.661666 -1.247635
v -1.157488 2.311418 -1.297562
v -1.342371 2.247657 -1.314886
v -1.389640 1.451769 -1.305727
v -1.360806 2.436493 -1.304208
v -2.015070 2.167091 -1.345770
v -1.977971 2.473789 -1.230786
v -4.124853 1.740981 -1.300433
v -2.207487 2.562653 -1.296066
v -1.864215 2.084716 -0.927908
v -1.567805 2.178970 -0.958066
v -1.555557 1.289136 -0.942205
v -1.846288 2.333963 -0.947466
v -1.056655 2.362892 -1.040340
v -1.035031 2.388649 -1.111590
v -1.300670 1.523371 -1.074910
v -1.151373 2.527849 -1.075440
v -1.178609 2.487622 -1.289917
v -1.339394 2.703707 -1.007681
v -2.512649 2.632060 -0.930656
v -2.512649 2.632060 -1.365976
v -1.819208 2.699971 -1.319862
v -4.166705 1.843645 -1.234170
v -1.819208 2.699971 -0.976769
v -1.328381 2.789583 -1.148316
v -1.336228 2.772717 -1.220549
v -1.557808 2.695380 -0.994266
v -2.117170 1.194949 -1.306314
v -2.118511 2.675146 -1.342408
v -1.557808 2.695380 -1.302365
v -1.891658 0.863226 -1.305375
v -2.118511 2.675146 -0.954223
v -1.336228 2.772717 -1.076083
v -1.255288 2.684585 -1.111914
v -1.848717 2.543676 -0.962701
v -2.438639 2.932089 -1.221079
v -1.590406 2.576062 -1.312390
v -2.179753 2.491984 -1.360061
v -2.390041 2.618819 -0.964097
v -1.379666 2.611173 -1.000493
v -1.271796 2.654047 -1.255414
v -1.255288 2.684585 -1.184717
v -1.590406 2.576062 -0.984241
v -2.438639 2.932089 -1.075552
v -1.848717 2.543676 -1.333930
v -1.379671 2.611173 -1.296138
v -2.390041 2.618819 -1.332534
v -2.179753 2.491984 -0.936564
v -1.271796 2.654047 -1.041217
v -0.968327 2.195679 -1.005944
v -1.860579 1.780928 -0.909707
v -1.860579 1.780928 -1.386924
v -1.312598 2.032823 -1.325922
v -1.660936 2.225452 -1.148316
v -1.312598 2.032823 -0.970710
v -0.921197 2.240407 -1.148316
v -1.322456 1.512654 -1.290816
v -0.934014 2.228239 -1.221649
v -1.127984 2.117124 -0.991116
v -1.754290 2.017225 -0.988408
v -1.544349 1.930823 -1.353678
v -1.127984 2.117124 -1.305515
v -1.754290 2.017225 -1.308223
v -1.544349 1.930823 -0.942953
v -0.934014 2.228239 -1.074982
v -0.817578 2.082181 -1.111451
v -0.844038 2.062316 -1.039971
v -1.284613 1.785725 -0.956010
v -1.535932 1.630101 -0.923909
v -1.419870 1.791271 -1.236778
v -1.602838 1.614218 -1.352471
v -1.095659 1.902123 -1.315964
v -0.937538 2.000867 -1.298165
v -1.535932 1.630101 -1.372722
v -1.284613 1.785725 -1.340621
v -1.602838 1.614218 -0.944160
v -1.419870 1.791271 -1.059853
v -0.937538 2.000867 -0.998466
v -1.095659 1.902123 -0.980667
v -0.844038 2.062316 -1.256660
v -0.817578 2.082181 -1.185180
v -5.598449 1.327693 -1.221018
v -3.553975 0.026939 -1.051275
v -5.603213 1.326101 -1.124039
v -3.553975 0.026939 -1.245356
v -3.487633 -0.078004 -1.221168
v -3.492576 -0.081835 -1.123988
v -3.564105 0.019651 -1.148315
v -5.603213 1.326101 -1.172592
v -5.598449 1.327693 -1.075613
v -3.492576 -0.081835 -1.172643
v -3.487633 -0.078004 -1.075462
v -3.561542 0.021494 -1.099667
v -3.561542 0.021494 -1.196964
v -5.526394 1.226419 -1.051426
v -5.526394 1.226419 -1.245205
v -5.877044 0.798862 -1.056955
v -6.011497 0.990128 -1.102593
v -6.013111 0.989531 -1.148316
v -5.466163 1.120365 -1.172620
v -5.461589 1.122336 -1.075530
v -5.466163 1.120365 -1.124011
v -5.461589 1.122336 -1.221102
v -3.633428 0.122728 -1.172648
v -3.628224 0.126202 -1.221180
v -3.628224 0.126202 -1.075451
v -3.633428 0.122728 -1.123983
v -2.085449 1.231311 -1.055179
v -2.085449 1.231311 -1.241452
v -1.823821 0.841100 -1.056469
v -1.772586 0.825948 -1.148316
v -4.324312 2.023686 -1.295217
v -4.376797 2.126412 -1.228848
v -4.376797 2.126412 -1.067789
v -4.324312 2.023686 -1.001414
v -4.124853 1.740981 -0.996198
v -4.190786 1.907791 -1.148316
v -2.117170 1.194949 -0.990318
v -1.891658 0.863226 -0.991256
v -4.166705 1.843645 -1.062461
v -4.403481 2.182203 -1.148316
v -6.422573 0.659082 -1.213143
v -6.424478 0.658233 -1.126697
v -6.424478 0.658233 -1.169934
v -6.422573 0.659082 -1.083488
v -6.359370 0.568525 -1.061892
v -6.359370 0.568525 -1.234739
v -6.363117 0.566727 -1.148315
v -6.362174 0.567173 -1.105073
v -6.362174 0.567173 -1.191564
v -6.300943 0.475589 -1.169945
v -6.299094 0.476544 -1.083465
v -6.300943 0.475589 -1.126686
v -6.299094 0.476544 -1.213166
v -5.881634 0.796745 -1.102560
v -6.006727 0.991910 -1.057022
v -5.883187 0.796031 -1.148316
v -6.006727 0.991910 -1.239609
v -6.011497 0.990128 -1.194038
v -5.877044 0.798862 -1.239676
v -5.881634 0.796745 -1.194071
v -6.009246 0.990961 -1.079802
v -5.882545 0.796321 -1.171196
v -5.879468 0.797740 -1.216885
v -5.941921 0.895378 -1.239643
v -6.012440 0.989771 -1.171179
v -6.009246 0.990961 -1.216829
v -6.362732 0.566905 -1.169940
v -6.360861 0.567804 -1.083477
v -6.362732 0.566905 -1.126691
v -6.360861 0.567804 -1.213154
v -4.146493 1.791802 -1.028975
v -2.101857 1.212686 -1.022318
v -4.392647 2.154548 -1.107865
v -4.392647 2.154548 -1.188766
v -1.858530 0.851900 -1.023446
v -4.181504 1.875528 -1.105101
v -2.004811 1.028680 -0.990742
v -4.181504 1.875528 -1.191530
v -4.225160 1.882710 -1.297841
v -1.800917 0.830958 -1.194714
v -4.225160 1.882710 -0.998790
v -4.351543 2.074809 -1.034303
v -3.563061 0.020399 -1.123988
v -3.557990 0.024051 -1.075457
v -3.557990 0.024051 -1.221174
v -3.563061 0.020399 -1.172648
v -6.012440 0.989771 -1.125452
v -5.879468 0.797740 -1.079752
v -5.941921 0.895378 -1.056988
v -5.882545 0.796321 -1.125435
v -1.295532 1.525890 -1.185164
v -1.310834 1.518367 -1.256620
v -1.426237 1.416574 -0.980796
v -1.355746 1.482586 -0.998533
v -2.004811 1.028680 -1.305889
v -4.146493 1.791802 -1.267656
v -1.508523 1.335556 -1.340375
v -1.618419 1.228100 -1.372202
v -1.355746 1.482586 -1.298093
v -1.426237 1.416574 -1.315835
v -1.858530 0.851900 -1.273185
v -2.075966 1.243575 -1.101219
v -1.618419 1.228100 -0.924429
v -1.508523 1.335556 -0.956256
v -1.310834 1.518367 -1.040011
v -1.295532 1.525890 -1.111467
v -1.164156 2.509168 -1.040742
v -2.023129 2.291167 -0.931957
v -2.205359 2.398316 -1.339526
v -1.268540 2.462066 -1.296909
v -1.708685 2.363233 -1.336415
v -2.216071 2.715284 -1.070543
v -1.466475 2.413066 -0.982895
v -1.145073 2.537410 -1.184896
v -1.164156 2.509168 -1.255889
v -1.268540 2.462066 -0.999722
v -2.205359 2.398316 -0.957105
v -2.023129 2.291167 -1.364674
v -1.466475 2.413066 -1.313736
v -2.216071 2.715284 -1.226089
v -1.708685 2.363233 -0.960216
v -1.145073 2.537410 -1.111736
v -1.331419 2.783474 -1.112071
v -0.925978 2.235973 -1.111506
v -0.950065 2.213087 -1.040117
v -1.966952 2.689795 -0.965387
v -1.425924 1.983621 -0.956820
v -1.700152 1.859265 -0.925507
v -2.075966 1.243575 -1.195406
v -1.701883 2.148572 -1.234617
v -1.809736 1.894790 -1.349852
v -1.686514 2.698105 -1.311038
v -1.218691 2.075702 -1.315540
v -1.047234 2.156670 -1.297925
v -0.336849 -0.706366 -1.198522
v -0.364370 -0.389119 -1.193200
v -0.438703 -0.320494 -1.277167
v -1.508523 2.883759 -1.186370
v -1.760635 2.937149 -1.191179
v -1.773184 2.868462 -1.272146
v -2.081986 3.035402 -1.198076
v -2.518423 3.167838 -1.207413
v -2.475901 2.954551 -1.308308
v -2.083182 2.915128 -1.008094
v -2.475901 2.954551 -0.988324
v -2.518423 3.167838 -1.089218
v -1.513203 2.830162 -1.036749
v -1.773184 2.868462 -1.024485
v -1.760635 2.937149 -1.105453
v -0.399699 -0.122386 -1.188492
v -0.421435 0.089320 -1.184784
v -0.453335 0.110548 -1.255587
v -0.447991 -0.084527 -1.031265
v -0.453335 0.110548 -1.041044
v -0.421435 0.089320 -1.111847
v -0.446382 -0.587249 -1.006938
v -0.438703 -0.320494 -1.019464
v -0.364370 -0.389119 -1.103431
v -1.081256 0.895221 -1.313244
v -0.669471 0.245397 -1.306068
v -0.656933 0.412783 -1.292357
v -1.180369 0.559489 -1.363038
v -0.712886 -0.189291 -1.341648
v -0.681774 0.042665 -1.323006
v -2.316054 2.659101 -1.354907
v -1.700152 1.859265 -1.371125
v -1.425924 1.983621 -1.339811
v -0.896825 0.209102 -1.225061
v -0.478483 -0.586936 -1.207759
v -0.640313 -0.413363 -1.308988
v -1.113285 0.376672 -0.959177
v -0.640313 -0.413363 -0.987642
v -0.478483 -0.586936 -1.088871
v -1.800917 0.830958 -1.101918
v -1.809736 1.894790 -0.946779
v -1.701883 2.148572 -1.062014
v -1.121528 0.746327 -0.961109
v -0.681774 0.042665 -0.973625
v -0.712886 -0.189291 -0.954983
v -1.042894 1.013099 -1.000007
v -0.656933 0.412783 -1.004274
v -0.669471 0.245397 -0.990563
v -1.447152 2.699351 -1.001091
v -1.047234 2.156670 -0.998700
v -1.218691 2.075702 -0.981092
v -0.986589 1.061647 -1.111802
v -0.604995 0.465933 -1.112780
v -0.630009 0.477890 -1.043562
v -1.007336 1.063478 -1.255721
v -0.630009 0.477890 -1.253068
v -0.604995 0.465933 -1.183851
v -1.337127 2.739801 -1.255062
v -0.950065 2.213087 -1.256514
v -0.925978 2.235973 -1.185125
v -1.331419 2.783474 -1.184561
v -0.986589 1.061647 -1.184829
v -1.007336 1.063478 -1.040910
v -1.686514 2.698105 -0.985593
v -1.081256 0.895221 -0.983387
v -1.180369 0.559489 -0.933593
v -4.351543 2.074809 -1.262328
v -0.896825 0.209102 -1.071570
v -1.113285 0.376672 -1.337448
v -1.966952 2.689795 -1.331244
v -1.121528 0.746327 -1.335522
v -1.042894 1.013099 -1.296624
v -0.336849 -0.706366 -1.098109
v -0.399699 -0.122386 -1.108133
v -0.447991 -0.084527 -1.265366
v -1.508523 2.883759 -1.110261
v -2.081986 3.035402 -1.098556
v -2.083182 2.915128 -1.288537
v -1.513203 2.830162 -1.259882
v -0.446382 -0.587249 -1.289693
v -1.447152 2.699351 -1.295541
v -2.101857 1.212686 -1.274313
v -2.316054 2.659101 -0.941725
v -1.337127 2.739801 -1.041569
vn -0.9472 0.2070 -0.2449
vn -0.9477 0.2053 -0.2444
vn -0.9471 0.2075 -0.2447
vn 0.2456 0.2058 -0.9473
vn 0.2444 0.2053 -0.9477
vn 0.2449 0.2074 -0.9471
vn 0.9472 0.2070 0.2449
vn 0.9477 0.2053 0.2444
vn 0.9472 0.2074 0.2447
vn -0.2449 0.2070 0.9472
vn -0.2444 0.2053 0.9477
vn -0.2448 0.2074 0.9471
vn 0.2070 -0.9472 0.2449
vn 0.2053 -0.9477 0.2444
vn 0.2075 -0.9471 0.2448
vn -0.2070 0.9472 0.2449
vn -0.2053 0.9477 0.2444
vn -0.2074 0.9472 0.2447
vn 0.0507 0.9495 0.3095
vn 0.0708 0.9950 -0.0708
vn 0.0727 0.9950 -0.0689
vn -0.3095 0.9496 -0.0507
vn -0.0507 -0.9496 0.3095
vn -0.0708 -0.9950 -0.0708
vn -0.0727 -0.9950 -0.0689
vn 0.3095 -0.9496 -0.0507
vn -0.3095 -0.0507 0.9496
vn -0.0248 -0.9930 -0.1159
vn 0.0507 0.3095 0.9496
vn 0.9496 -0.0507 0.3095
vn 0.9950 -0.0708 -0.0708
vn 0.9950 -0.0727 -0.0689
vn 0.9496 0.3095 -0.0507
vn 0.3095 -0.0507 -0.9496
vn -0.0708 -0.0708 -0.9950
vn -0.0689 -0.0727 -0.9950
vn -0.0507 0.3095 -0.9496
vn -0.9496 -0.0507 -0.3095
vn -0.9950 -0.0708 0.0708
vn -0.9950 -0.0727 0.0689
vn -0.9496 0.3095 0.0507
vn -0.9781 0.1993 0.0604
vn -0.9794 0.1898 0.0693
vn -0.9793 0.1900 0.0698
vn -0.9510 0.1413 0.2750
vn -0.9512 0.1413 0.2742
vn -0.9493 0.1416 0.2806
vn -0.9471 0.2447 0.2075
vn -0.9471 0.2448 0.2075
vn -0.9472 0.2449 0.2070
vn -0.9576 -0.2835 0.0502
vn -0.9472 -0.2449 0.2070
vn -0.9468 -0.2459 0.2077
vn -0.9471 -0.2448 0.2075
vn -0.9605 -0.0615 0.2713
vn -0.9471 -0.2075 -0.2448
vn -0.9471 -0.2074 -0.2449
vn -0.9472 -0.2059 -0.2456
vn -0.9512 -0.2742 -0.1413
vn -0.9510 -0.2750 -0.1415
vn -0.9493 -0.2806 -0.1418
vn -0.9791 -0.0703 -0.1907
vn -0.9779 -0.0611 -0.1999
vn -0.9793 -0.0698 -0.1900
vn -0.0607 0.1995 -0.9780
vn -0.0651 0.1949 -0.9787
vn -0.0698 0.1900 -0.9793
vn -0.2750 0.1413 -0.9510
vn -0.2742 0.1413 -0.9512
vn -0.2806 0.1416 -0.9493
vn -0.2074 0.2448 -0.9471
vn -0.2074 0.2449 -0.9471
vn -0.2057 0.2456 -0.9473
vn -0.0502 -0.2836 -0.9576
vn -0.2059 -0.2456 -0.9472
vn -0.2077 -0.2459 -0.9468
vn -0.2075 -0.2449 -0.9471
vn -0.2713 -0.0615 -0.9605
vn 0.2449 -0.2075 -0.9471
vn 0.2449 -0.2074 -0.9471
vn 0.2456 -0.2059 -0.9473
vn 0.1413 -0.2742 -0.9512
vn 0.1415 -0.2750 -0.9510
vn 0.1418 -0.2806 -0.9493
vn 0.1908 -0.0704 -0.9791
vn 0.2000 -0.0612 -0.9779
vn 0.1900 -0.0699 -0.9793
vn 0.9781 0.1993 -0.0604
vn 0.9794 0.1898 -0.0693
vn 0.9793 0.1900 -0.0698
vn 0.9510 0.1415 -0.2750
vn 0.9512 0.1413 -0.2742
vn 0.9493 0.1418 -0.2806
vn 0.9471 0.2448 -0.2075
vn 0.9471 0.2449 -0.2075
vn 0.9472 0.2449 -0.2070
vn 0.9576 -0.2836 -0.0502
vn 0.9472 -0.2450 -0.2070
vn 0.9468 -0.2459 -0.2077
vn 0.9471 -0.2448 -0.2075
vn 0.9605 -0.0615 -0.2713
vn 0.9471 -0.2075 0.2448
vn 0.9472 -0.2074 0.2447
vn 0.9472 -0.2070 0.2449
vn 0.9512 -0.2742 0.1413
vn 0.9510 -0.2750 0.1415
vn 0.9493 -0.2806 0.1418
vn 0.9791 -0.0704 0.1908
vn 0.9779 -0.0612 0.2000
vn 0.9793 -0.0698 0.1900
vn 0.0602 0.1990 0.9782
vn 0.0651 0.1949 0.9787
vn 0.0698 0.1900 0.9793
vn 0.2750 0.1415 0.9510
vn 0.2742 0.1413 0.9512
vn 0.2806 0.1418 0.9493
vn 0.2074 0.2449 0.9471
vn 0.2058 0.2456 0.9473
vn -0.9935 0.1132 0.0132
vn 0.2058 -0.2456 0.9473
vn 0.2077 -0.2459 0.9468
vn 0.2075 -0.2449 0.9471
vn 0.2713 -0.0615 0.9605
vn -0.2448 -0.2075 0.9471
vn -0.2449 -0.2074 0.9471
vn -0.2456 -0.2059 0.9473
vn 0.0248 -0.9930 -0.1159
vn 0.9970 0.0775 0.0090
vn 0.1995 -0.9780 -0.0607
vn 0.1901 -0.9793 -0.0698
vn 0.1900 -0.9793 -0.0698
vn 0.1415 -0.9510 -0.2750
vn 0.1413 -0.9512 -0.2742
vn 0.1418 -0.9493 -0.2806
vn 0.2447 -0.9472 -0.2074
vn 0.2449 -0.9471 -0.2075
vn 0.2449 -0.9472 -0.2070
vn -0.2836 -0.9576 -0.0502
vn -0.2456 -0.9473 -0.2058
vn -0.2459 -0.9468 -0.2078
vn -0.2449 -0.9471 -0.2074
vn -0.0615 -0.9605 -0.2713
vn -0.2074 -0.9471 0.2449
vn -0.2058 -0.9473 0.2456
vn -0.2742 -0.9512 0.1413
vn -0.2750 -0.9510 0.1415
vn -0.2807 -0.9493 0.1418
vn -0.0693 -0.9794 0.1898
vn -0.0605 -0.9781 0.1993
vn -0.0698 -0.9793 0.1900
vn -0.1990 0.9781 -0.0603
vn -0.1894 0.9795 -0.0688
vn -0.1900 0.9793 -0.0699
vn -0.1415 0.9510 -0.2750
vn -0.1413 0.9512 -0.2743
vn -0.1418 0.9493 -0.2806
vn -0.2447 0.9472 -0.2074
vn -0.2449 0.9471 -0.2075
vn -0.2449 0.9472 -0.2070
vn 0.2836 0.9576 -0.0502
vn 0.2456 0.9473 -0.2058
vn 0.2459 0.9468 -0.2077
vn 0.2449 0.9471 -0.2075
vn 0.0615 0.9605 -0.2713
vn 0.2075 0.9471 0.2449
vn 0.2074 0.9471 0.2449
vn 0.2058 0.9473 0.2457
vn 0.2742 0.9512 0.1413
vn 0.2750 0.9510 0.1414
vn 0.2806 0.9493 0.1417
vn 0.0694 0.9794 0.1898
vn 0.0605 0.9781 0.1993
vn 0.0698 0.9793 0.1900
vn -0.1144 0.9430 0.3125
vn -0.1683 0.9668 0.1923
vn -0.2806 0.9493 0.1418
vn -0.2816 0.9490 0.1417
vn -0.2750 0.9510 0.1415
vn 0.1144 -0.9430 0.3125
vn 0.1683 -0.9668 0.1923
vn 0.2806 -0.9493 0.1418
vn 0.2816 -0.9490 0.1416
vn 0.2750 -0.9510 0.1415
vn -0.3125 0.1144 0.9430
vn -0.1923 0.1682 0.9668
vn -0.1418 0.2806 0.9493
vn -0.1417 0.2816 0.9490
vn -0.1415 0.2750 0.9510
vn 0.9430 0.1144 0.3125
vn 0.9668 0.1683 0.1923
vn 0.9493 0.2806 0.1418
vn 0.9490 0.2816 0.1417
vn 0.9510 0.2750 0.1415
vn 0.3125 0.1144 -0.9430
vn 0.1923 0.1683 -0.9668
vn 0.1418 0.2806 -0.9493
vn 0.1417 0.2816 -0.9490
vn 0.1415 0.2750 -0.9510
vn -0.9430 0.1144 -0.3125
vn -0.9668 0.1683 -0.1923
vn -0.9493 0.2806 -0.1418
vn -0.9490 0.2816 -0.1417
vn -0.9510 0.2750 -0.1415
vn -0.9548 0.2434 -0.1704
vn -0.9605 0.2713 -0.0615
vn -0.9496 0.3095 -0.0507
vn -0.9796 0.0683 -0.1891
vn -0.9782 0.0601 -0.1990
vn -0.9780 0.0604 -0.1997
vn -0.9950 0.0708 -0.0708
vn -0.9950 0.0689 -0.0727
vn -0.9794 0.1898 -0.0693
vn -0.9781 0.1993 -0.0605
vn -0.9793 0.1900 -0.0698
vn -0.9460 0.0402 -0.3216
vn -0.9576 0.0502 -0.2836
vn -0.9512 0.1413 -0.2742
vn -0.9510 0.1413 -0.2750
vn -0.9493 0.1416 -0.2806
vn 0.1704 0.2434 -0.9548
vn 0.0615 0.2713 -0.9605
vn 0.0507 0.3095 -0.9496
vn 0.1891 0.0683 -0.9796
vn 0.1990 0.0601 -0.9782
vn 0.1997 0.0604 -0.9780
vn 0.0708 0.0708 -0.9950
vn 0.0727 0.0689 -0.9950
vn 0.0651 0.1949 -0.9787
vn 0.0602 0.1990 -0.9782
vn 0.0698 0.1900 -0.9793
vn 0.3216 0.0402 -0.9460
vn 0.2835 0.0502 -0.9576
vn 0.2743 0.1412 -0.9512
vn 0.2750 0.1416 -0.9510
vn 0.2806 0.1418 -0.9493
vn 0.9548 0.2434 0.1704
vn 0.9605 0.2713 0.0615
vn 0.9496 0.3095 0.0507
vn 0.9796 0.0683 0.1891
vn 0.9782 0.0601 0.1990
vn 0.9780 0.0604 0.1997
vn 0.9950 0.0708 0.0708
vn 0.9950 0.0689 0.0727
vn 0.9794 0.1898 0.0693
vn 0.9781 0.1993 0.0605
vn 0.9793 0.1900 0.0698
vn 0.9460 0.0402 0.3216
vn 0.9576 0.0502 0.2836
vn 0.9512 0.1413 0.2742
vn 0.9510 0.1415 0.2750
vn 0.9493 0.1418 0.2806
vn -0.1704 0.2434 0.9548
vn -0.0615 0.2713 0.9605
vn -0.0507 0.3095 0.9496
vn 0.0693 -0.9909 -0.1157
vn 0.9996 0.0279 0.0033
vn -0.0651 0.1949 0.9787
vn -0.0607 0.1996 0.9780
vn -0.0698 0.1900 0.9793
vn -0.3216 0.0402 0.9460
vn -0.2835 0.0502 0.9576
vn -0.2742 0.1413 0.9512
vn -0.2750 0.1413 0.9510
vn -0.2806 0.1416 0.9493
vn 0.2434 -0.9548 0.1704
vn 0.2713 -0.9605 0.0615
vn 0.3095 -0.9496 0.0507
vn 0.0681 -0.9796 0.1890
vn 0.0601 -0.9782 0.1990
vn 0.0604 -0.9780 0.1997
vn 0.0708 -0.9950 0.0708
vn 0.0689 -0.9950 0.0727
vn 0.1901 -0.9793 0.0698
vn 0.1995 -0.9780 0.0607
vn 0.1900 -0.9793 0.0698
vn 0.0402 -0.9460 0.3216
vn 0.0502 -0.9576 0.2835
vn 0.1413 -0.9512 0.2742
vn 0.1415 -0.9510 0.2750
vn 0.1418 -0.9493 0.2806
vn -0.2434 0.9548 0.1704
vn -0.2713 0.9605 0.0615
vn -0.3095 0.9496 0.0507
vn -0.0704 0.9791 0.1908
vn -0.0612 0.9779 0.2000
vn -0.0604 0.9780 0.1997
vn -0.0708 0.9950 0.0708
vn -0.0689 0.9950 0.0727
vn -0.1894 0.9795 0.0688
vn -0.1991 0.9781 0.0602
vn -0.1900 0.9793 0.0699
vn -0.0402 0.9460 0.3216
vn -0.0502 0.9576 0.2836
vn -0.1413 0.9512 0.2743
vn -0.1415 0.9510 0.2750
vn -0.1418 0.9493 0.2806
vn 0.1923 0.9668 0.1683
vn 0.1899 0.9794 0.0694
vn 0.1993 0.9781 0.0604
vn 0.1997 0.9780 0.0604
vn 0.0708 0.9950 0.0708
vn 0.0727 0.9950 0.0689
vn 0.3125 0.9430 0.1144
vn 0.3216 0.9460 0.0402
vn 0.2836 0.9576 0.0502
vn 0.2457 0.9473 0.2058
vn 0.2444 0.9477 0.2053
vn 0.2449 0.9471 0.2074
vn 0.2841 0.9434 0.1710
vn 0.2459 0.9468 0.2077
vn 0.2450 0.9470 0.2075
vn 0.1704 0.9548 -0.2434
vn 0.1417 0.9490 -0.2816
vn 0.1417 0.9493 -0.2806
vn 0.1414 0.9510 -0.2750
vn 0.0507 0.9495 -0.3095
vn 0.2841 0.9434 -0.1710
vn 0.2444 0.9477 -0.2053
vn 0.2448 0.9471 -0.2073
vn 0.2074 0.9471 -0.2449
vn 0.2075 0.9471 -0.2449
vn 0.2058 0.9473 -0.2456
vn 0.3216 0.9460 -0.0402
vn 0.3125 0.9430 -0.1144
vn 0.2750 0.9510 -0.1414
vn 0.2742 0.9512 -0.1413
vn 0.2806 0.9493 -0.1417
vn -0.2070 0.9472 -0.2449
vn -0.2077 0.9468 -0.2459
vn -0.2075 0.9470 -0.2450
vn -0.1710 0.9434 -0.2841
vn -0.2053 0.9477 -0.2444
vn -0.2074 0.9472 -0.2447
vn -0.0502 0.9576 -0.2836
vn -0.0402 0.9460 -0.3216
vn -0.1144 0.9430 -0.3125
vn -0.0708 0.9950 -0.0708
vn -0.0689 0.9950 -0.0727
vn -0.0612 0.9779 -0.2000
vn -0.0704 0.9791 -0.1908
vn -0.0604 0.9780 -0.1997
vn -0.1683 0.9668 -0.1923
vn -0.1923 -0.9668 0.1682
vn -0.1886 -0.9798 0.0672
vn -0.1987 -0.9782 0.0599
vn -0.1997 -0.9780 0.0605
vn -0.0708 -0.9950 0.0708
vn -0.0727 -0.9950 0.0689
vn -0.3125 -0.9430 0.1144
vn -0.3216 -0.9460 0.0402
vn -0.2836 -0.9576 0.0502
vn -0.2456 -0.9473 0.2059
vn -0.2444 -0.9477 0.2053
vn -0.2449 -0.9471 0.2074
vn -0.2841 -0.9434 0.1710
vn -0.2459 -0.9468 0.2078
vn -0.1704 -0.9548 -0.2434
vn -0.1417 -0.9490 -0.2816
vn -0.1418 -0.9493 -0.2806
vn -0.1415 -0.9510 -0.2750
vn -0.0507 -0.9496 -0.3095
vn -0.2841 -0.9434 -0.1710
vn -0.2444 -0.9477 -0.2053
vn -0.2074 -0.9471 -0.2449
vn -0.2058 -0.9473 -0.2456
vn -0.3216 -0.9460 -0.0402
vn -0.3125 -0.9430 -0.1144
vn -0.2750 -0.9510 -0.1415
vn -0.2742 -0.9512 -0.1413
vn -0.2806 -0.9493 -0.1418
vn 0.2070 -0.9472 -0.2449
vn 0.2077 -0.9468 -0.2459
vn 0.2075 -0.9471 -0.2449
vn 0.1710 -0.9434 -0.2841
vn 0.2053 -0.9477 -0.2444
vn 0.2075 -0.9471 -0.2448
vn 0.0502 -0.9576 -0.2835
vn 0.0402 -0.9460 -0.3216
vn 0.1144 -0.9430 -0.3125
vn 0.0708 -0.9950 -0.0708
vn 0.0689 -0.9950 -0.0727
vn 0.0601 -0.9782 -0.1990
vn 0.0681 -0.9796 -0.1890
vn 0.0604 -0.9780 -0.1997
vn 0.1683 -0.9668 -0.1923
vn -0.0766 0.9903 0.1156
vn 0.9935 0.1132 0.0132
vn -0.9996 -0.0282 -0.0033
vn -0.1144 -0.3125 0.9430
vn -0.0402 -0.3216 0.9460
vn -0.0270 0.9929 0.1159
vn -0.2058 -0.2456 0.9473
vn -0.2053 -0.2444 0.9477
vn -0.2074 -0.2449 0.9471
vn -0.1710 -0.2841 0.9434
vn -0.2077 -0.2459 0.9468
vn -0.2076 -0.2450 0.9470
vn 0.2434 -0.1704 0.9548
vn 0.2816 -0.1417 0.9490
vn 0.2806 -0.1418 0.9493
vn 0.2750 -0.1415 0.9510
vn 0.3095 -0.0507 0.9496
vn 0.1710 -0.2841 0.9434
vn 0.2053 -0.2444 0.9477
vn 0.2074 -0.2449 0.9471
vn 0.2449 -0.2074 0.9471
vn 0.2449 -0.2075 0.9471
vn 0.2456 -0.2058 0.9473
vn 0.0402 -0.3216 0.9460
vn 0.1144 -0.3125 0.9430
vn 0.9996 -0.0282 -0.0033
vn 0.2456 0.2059 0.9473
vn 0.2459 0.2077 0.9468
vn 0.2449 0.2075 0.9471
vn 0.2841 0.1710 0.9434
vn 0.2444 0.2053 0.9477
vn 0.2449 0.2074 0.9471
vn 0.2836 0.0502 0.9576
vn 0.3216 0.0402 0.9460
vn 0.3125 0.1144 0.9430
vn 0.0270 0.9929 0.1159
vn 0.0766 0.9903 0.1156
vn 0.1923 0.1683 0.9668
vn 0.9668 -0.1923 0.1683
vn 0.9794 -0.1898 0.0692
vn 0.9781 -0.1992 0.0604
vn 0.9780 -0.1997 0.0604
vn 0.9950 -0.0708 0.0708
vn 0.9950 -0.0727 0.0689
vn 0.9430 -0.3125 0.1144
vn 0.9460 -0.3216 0.0402
vn 0.9576 -0.2836 0.0502
vn 0.9472 -0.2450 0.2070
vn 0.9477 -0.2444 0.2053
vn 0.9471 -0.2447 0.2075
vn 0.9434 -0.2841 0.1710
vn 0.9468 -0.2459 0.2077
vn 0.9471 -0.2448 0.2075
vn 0.9548 -0.1704 -0.2434
vn 0.9490 -0.1417 -0.2816
vn 0.9493 -0.1418 -0.2806
vn 0.9510 -0.1415 -0.2750
vn 0.9496 -0.0507 -0.3095
vn 0.9434 -0.2841 -0.1710
vn 0.9477 -0.2444 -0.2053
vn 0.9471 -0.2447 -0.2075
vn 0.9472 -0.2074 -0.2447
vn 0.9471 -0.2075 -0.2449
vn 0.9472 -0.2070 -0.2449
vn 0.9460 -0.3216 -0.0402
vn 0.9430 -0.3125 -0.1144
vn 0.9510 -0.2750 -0.1415
vn 0.9512 -0.2742 -0.1413
vn 0.9493 -0.2806 -0.1418
vn 0.9472 0.2070 -0.2449
vn 0.9468 0.2077 -0.2459
vn 0.9471 0.2075 -0.2449
vn 0.9434 0.1710 -0.2841
vn 0.9477 0.2053 -0.2444
vn 0.9471 0.2074 -0.2447
vn 0.9576 0.0502 -0.2836
vn 0.9460 0.0402 -0.3216
vn 0.9430 0.1144 -0.3125
vn 0.9950 0.0708 -0.0708
vn 0.9950 0.0689 -0.0727
vn 0.9782 0.0601 -0.1990
vn 0.9796 0.0683 -0.1891
vn 0.9780 0.0604 -0.1997
vn 0.9668 0.1683 -0.1923
vn 0.1682 -0.1923 -0.9668
vn 0.0672 -0.1886 -0.9798
vn 0.0599 -0.1987 -0.9782
vn 0.0605 -0.1997 -0.9780
vn 0.0708 -0.0708 -0.9950
vn 0.0689 -0.0727 -0.9950
vn 0.1144 -0.3125 -0.9430
vn 0.0402 -0.3216 -0.9460
vn 0.0502 -0.2836 -0.9576
vn 0.2058 -0.2456 -0.9473
vn 0.2053 -0.2444 -0.9477
vn 0.2074 -0.2449 -0.9471
vn 0.1710 -0.2841 -0.9434
vn 0.2077 -0.2459 -0.9468
vn 0.2075 -0.2448 -0.9471
vn -0.2434 -0.1704 -0.9548
vn -0.2816 -0.1417 -0.9490
vn -0.2807 -0.1417 -0.9493
vn -0.2750 -0.1414 -0.9510
vn -0.3095 -0.0507 -0.9496
vn -0.1710 -0.2841 -0.9434
vn -0.2053 -0.2444 -0.9477
vn -0.2074 -0.2449 -0.9471
vn -0.2449 -0.2074 -0.9471
vn -0.2448 -0.2075 -0.9471
vn -0.2457 -0.2059 -0.9472
vn -0.0402 -0.3216 -0.9460
vn -0.1144 -0.3125 -0.9430
vn -0.1415 -0.2750 -0.9510
vn -0.1413 -0.2742 -0.9512
vn -0.1418 -0.2807 -0.9493
vn -0.2449 0.2070 -0.9472
vn -0.2459 0.2077 -0.9468
vn -0.2448 0.2075 -0.9471
vn -0.2841 0.1710 -0.9434
vn -0.2444 0.2053 -0.9477
vn -0.2448 0.2074 -0.9471
vn -0.2835 0.0502 -0.9576
vn -0.3216 0.0402 -0.9460
vn -0.3125 0.1144 -0.9430
vn -0.0708 0.0708 -0.9950
vn -0.0727 0.0689 -0.9950
vn -0.1987 0.0599 -0.9782
vn -0.1887 0.0675 -0.9797
vn -0.1997 0.0604 -0.9780
vn -0.1923 0.1682 -0.9668
vn -0.9668 -0.1923 -0.1683
vn -0.9794 -0.1897 -0.0693
vn -0.9781 -0.1992 -0.0604
vn -0.9780 -0.1997 -0.0604
vn -0.9950 -0.0708 -0.0708
vn -0.9950 -0.0727 -0.0689
vn -0.9430 -0.3125 -0.1144
vn -0.9460 -0.3216 -0.0402
vn -0.9576 -0.2835 -0.0502
vn -0.9472 -0.2449 -0.2070
vn -0.9477 -0.2444 -0.2053
vn -0.9471 -0.2447 -0.2075
vn -0.9434 -0.2841 -0.1710
vn -0.9468 -0.2459 -0.2077
vn -0.9471 -0.2448 -0.2075
vn -0.9548 -0.1704 0.2434
vn -0.9490 -0.1417 0.2816
vn -0.9493 -0.1418 0.2806
vn -0.9510 -0.1415 0.2750
vn -0.9496 -0.0507 0.3095
vn -0.9434 -0.2841 0.1710
vn -0.9477 -0.2444 0.2053
vn -0.9472 -0.2447 0.2074
vn -0.9471 -0.2074 0.2449
vn -0.9471 -0.2075 0.2449
vn -0.9472 -0.2058 0.2457
vn -0.9460 -0.3216 0.0402
vn -0.9430 -0.3125 0.1144
vn -0.9510 -0.2750 0.1415
vn -0.9512 -0.2742 0.1413
vn -0.9493 -0.2807 0.1418
vn -0.9472 0.2070 0.2449
vn -0.9468 0.2077 0.2459
vn -0.9470 0.2076 0.2450
vn -0.9434 0.1710 0.2841
vn -0.9477 0.2053 0.2444
vn -0.9471 0.2075 0.2447
vn -0.9576 0.0502 0.2836
vn -0.9460 0.0402 0.3216
vn -0.9430 0.1144 0.3125
vn -0.9950 0.0708 0.0708
vn -0.9950 0.0689 0.0727
vn -0.9782 0.0601 0.1990
vn -0.9796 0.0683 0.1891
vn -0.9780 0.0604 0.1997
vn -0.9668 0.1683 0.1923
vn -0.9605 0.2713 0.0615
vn -0.9548 0.2434 0.1704
vn -0.9490 0.2816 0.1417
vn -0.9493 0.2806 0.1418
vn -0.9510 0.2750 0.1415
vn -0.9781 -0.1992 0.0604
vn -0.9794 -0.1897 0.0693
vn -0.9780 -0.1997 0.0604
vn -0.9668 -0.1923 0.1683
vn -0.9779 -0.0611 0.1999
vn -0.9791 -0.0703 0.1907
vn -0.9793 -0.0698 0.1900
vn -0.9493 -0.1418 -0.2806
vn -0.9490 -0.1417 -0.2816
vn -0.9510 -0.1415 -0.2750
vn -0.9548 -0.1704 -0.2434
vn -0.9605 -0.0615 -0.2713
vn -0.0615 0.2713 -0.9605
vn -0.1704 0.2434 -0.9548
vn -0.1417 0.2816 -0.9490
vn -0.1418 0.2807 -0.9493
vn -0.1415 0.2750 -0.9510
vn -0.0604 -0.1992 -0.9781
vn -0.0692 -0.1897 -0.9794
vn -0.0605 -0.1997 -0.9780
vn -0.1683 -0.1923 -0.9668
vn -0.1999 -0.0611 -0.9779
vn -0.1907 -0.0703 -0.9791
vn -0.1900 -0.0699 -0.9793
vn 0.2806 -0.1418 -0.9493
vn 0.2816 -0.1417 -0.9490
vn 0.2750 -0.1415 -0.9510
vn 0.2434 -0.1704 -0.9548
vn 0.2713 -0.0615 -0.9605
vn 0.9605 0.2713 -0.0615
vn 0.9548 0.2434 -0.1704
vn 0.9490 0.2816 -0.1417
vn 0.9493 0.2806 -0.1418
vn 0.9510 0.2750 -0.1415
vn 0.9781 -0.1992 -0.0604
vn 0.9794 -0.1898 -0.0692
vn 0.9780 -0.1997 -0.0604
vn 0.9668 -0.1923 -0.1683
vn 0.9779 -0.0611 -0.1999
vn 0.9791 -0.0703 -0.1907
vn 0.9793 -0.0698 -0.1900
vn 0.9493 -0.1418 0.2806
vn 0.9490 -0.1417 0.2816
vn 0.9510 -0.1415 0.2750
vn 0.9548 -0.1704 0.2434
vn 0.9605 -0.0615 0.2713
vn 0.0615 0.2713 0.9605
vn 0.1704 0.2434 0.9548
vn 0.1417 0.2816 0.9490
vn 0.1418 0.2806 0.9493
vn 0.1415 0.2750 0.9510
vn -0.0693 -0.9909 -0.1157
vn -0.9970 0.0775 0.0090
vn -0.9996 0.0278 0.0032
vn -0.9996 0.0279 0.0032
vn -0.2806 -0.1417 0.9493
vn -0.2816 -0.1417 0.9490
vn -0.2750 -0.1414 0.9510
vn -0.2434 -0.1704 0.9548
vn -0.2713 -0.0615 0.9605
vn 0.2713 -0.9605 -0.0615
vn 0.2434 -0.9548 -0.1704
vn 0.2816 -0.9490 -0.1416
vn 0.2806 -0.9493 -0.1418
vn 0.2750 -0.9510 -0.1415
vn -0.1987 -0.9782 -0.0599
vn -0.1886 -0.9797 -0.0672
vn -0.1997 -0.9780 -0.0605
vn -0.1923 -0.9668 -0.1682
vn -0.0605 -0.9781 -0.1993
vn -0.0693 -0.9794 -0.1898
vn -0.0698 -0.9793 -0.1900
vn -0.1418 -0.9493 0.2806
vn -0.1417 -0.9490 0.2816
vn -0.1415 -0.9510 0.2750
vn -0.1704 -0.9548 0.2434
vn -0.0615 -0.9605 0.2713
vn -0.2713 0.9605 -0.0615
vn -0.2434 0.9548 -0.1704
vn -0.2816 0.9490 -0.1417
vn -0.2806 0.9493 -0.1418
vn -0.2750 0.9510 -0.1415
vn 0.1993 0.9781 -0.0604
vn 0.1899 0.9794 -0.0694
vn 0.1997 0.9780 -0.0604
vn 0.1923 0.9668 -0.1683
vn 0.0599 0.9782 -0.1987
vn 0.0677 0.9797 -0.1888
vn 0.0698 0.9793 -0.1900
vn 0.1417 0.9493 0.2806
vn 0.1417 0.9490 0.2816
vn 0.1414 0.9510 0.2750
vn 0.1704 0.9548 0.2434
vn 0.0615 0.9605 0.2713
vn -0.1710 0.9434 0.2841
vn -0.2077 0.9468 0.2459
vn -0.2075 0.9470 0.2450
vn -0.2450 0.9470 0.2075
vn -0.2447 0.9472 0.2074
vn -0.2449 0.9472 0.2070
vn 0.1710 -0.9434 0.2841
vn 0.2077 -0.9468 0.2459
vn 0.2075 -0.9471 0.2449
vn 0.2449 -0.9471 0.2075
vn 0.2447 -0.9472 0.2074
vn 0.2449 -0.9472 0.2070
vn -0.2841 0.1710 0.9434
vn -0.2459 0.2077 0.9468
vn -0.2449 0.2075 0.9471
vn -0.2074 0.2449 0.9471
vn -0.2074 0.2448 0.9471
vn -0.2058 0.2456 0.9473
vn 0.9434 0.1710 0.2841
vn 0.9468 0.2077 0.2459
vn 0.9471 0.2075 0.2449
vn 0.9471 0.2449 0.2075
vn 0.9472 0.2447 0.2074
vn 0.9472 0.2449 0.2070
vn 0.2841 0.1710 -0.9434
vn 0.2459 0.2077 -0.9468
vn 0.2449 0.2075 -0.9471
vn 0.2075 0.2449 -0.9471
vn 0.2074 0.2449 -0.9471
vn 0.2058 0.2456 -0.9473
vn -0.9434 0.1710 -0.2841
vn -0.9468 0.2077 -0.2459
vn -0.9471 0.2075 -0.2448
vn -0.9471 0.2448 -0.2075
vn -0.9471 0.2447 -0.2075
vn -0.9472 0.2449 -0.2070
vn -0.9996 0.0279 0.0033
vn 0.0708 -0.0708 0.9950
vn 0.0689 -0.0727 0.9950
vn 0.0502 -0.2836 0.9576
vn -0.1413 -0.2743 0.9512
vn -0.1907 -0.0703 0.9791
vn -0.1999 -0.0611 0.9779
vn -0.1900 -0.0699 0.9793
vn -0.1888 0.0675 0.9797
vn -0.1987 0.0599 0.9782
vn -0.1997 0.0604 0.9780
vn -0.0708 0.0708 0.9950
vn -0.0727 0.0689 0.9950
vn -0.1682 -0.1923 0.9668
vn -0.0688 -0.1894 0.9795
vn -0.0602 -0.1990 0.9781
vn -0.0605 -0.1997 0.9780
vn -0.0708 -0.0708 0.9950
vn -0.0689 -0.0727 0.9950
vn -0.0502 -0.2836 0.9576
vn 0.1413 -0.2742 0.9512
vn 0.0708 0.0708 0.9950
vn 0.0727 0.0689 0.9950
vn 0.1990 0.0601 0.9781
vn 0.1949 0.0651 0.9787
vn 0.1997 0.0604 0.9780
vn 0.0599 -0.1987 0.9782
vn 0.0677 -0.1888 0.9797
vn 0.0604 -0.1997 0.9780
vn 0.1683 -0.1923 0.9668
vn 0.2000 -0.0612 0.9779
vn 0.1908 -0.0704 0.9791
vn 0.1900 -0.0698 0.9793
vn -0.9476 0.2624 -0.1823
vn -0.9471 0.2638 -0.1829
vn -0.9486 0.2586 -0.1825
vn 0.4471 0.3812 -0.8092
vn 0.9476 0.2624 0.1822
vn 0.9471 0.2638 0.1829
vn 0.9486 0.2586 0.1824
vn -0.4471 0.3813 0.8092
vn 0.2624 -0.9476 0.1822
vn 0.2638 -0.9471 0.1829
vn 0.2586 -0.9486 0.1824
vn -0.2624 0.9476 0.1822
vn -0.2638 0.9471 0.1829
vn -0.2586 0.9486 0.1824
vn 0.0627 0.9714 0.2290
vn 0.0821 0.9955 -0.0468
vn 0.0794 0.9957 -0.0485
vn 0.0827 0.9955 -0.0466
vn -0.3702 0.9283 -0.0354
vn -0.0627 -0.9714 0.2290
vn -0.0822 -0.9955 -0.0469
vn -0.0794 -0.9957 -0.0486
vn -0.0828 -0.9955 -0.0466
vn 0.3702 -0.9283 -0.0354
vn -0.5569 -0.0901 0.8256
vn 0.1347 -0.1348 0.9817
vn 0.1315 -0.1380 0.9817
vn 0.0901 0.5570 0.8256
vn 0.9714 -0.0627 0.2290
vn 0.9955 -0.0821 -0.0468
vn 0.9957 -0.0793 -0.0485
vn 0.9955 -0.0827 -0.0466
vn 0.9283 0.3702 -0.0354
vn 0.5569 -0.0901 -0.8257
vn -0.1348 -0.1348 -0.9817
vn -0.1315 -0.1380 -0.9817
vn -0.0901 0.5569 -0.8256
vn -0.9714 -0.0627 -0.2290
vn -0.9955 -0.0821 0.0469
vn -0.9957 -0.0793 0.0485
vn -0.9955 -0.0828 0.0466
vn -0.9283 0.3702 0.0354
vn -0.9728 0.2276 0.0423
vn -0.9743 0.2205 0.0464
vn -0.9746 0.2191 0.0472
vn -0.9650 0.1733 0.1967
vn -0.9651 0.1733 0.1962
vn -0.9623 0.1750 0.2081
vn -0.9391 0.3072 0.1543
vn -0.9405 0.3044 0.1510
vn -0.9420 0.2998 0.1510
vn -0.9432 -0.3305 0.0350
vn -0.9420 -0.2998 0.1510
vn -0.9429 -0.2971 0.1506
vn -0.9405 -0.3045 0.1510
vn -0.9783 -0.0735 0.1939
vn -0.9495 -0.2574 -0.1796
vn -0.9486 -0.2586 -0.1824
vn -0.9476 -0.2624 -0.1822
vn -0.9409 -0.3236 -0.0999
vn -0.9880 -0.0723 -0.1368
vn -0.9880 -0.0797 -0.1321
vn -0.9880 -0.0809 -0.1313
vn -0.1285 0.3526 -0.9269
vn -0.4864 0.2540 -0.8360
vn -0.3738 0.4472 -0.8126
vn -0.3738 0.4458 -0.8133
vn -0.3740 0.4375 -0.8178
vn -0.0909 -0.5078 -0.8567
vn -0.3741 -0.4363 -0.8183
vn -0.4904 -0.1099 -0.8645
vn 0.4472 -0.3738 -0.8126
vn 0.4472 -0.3744 -0.8123
vn 0.4472 -0.3805 -0.8095
vn 0.2540 -0.4864 -0.8360
vn 0.3526 -0.1285 -0.9269
vn 0.9728 0.2276 -0.0422
vn 0.9743 0.2206 -0.0463
vn 0.9746 0.2191 -0.0472
vn 0.9650 0.1733 -0.1967
vn 0.9651 0.1733 -0.1962
vn 0.9623 0.1750 -0.2081
vn 0.9391 0.3072 -0.1543
vn 0.9405 0.3044 -0.1510
vn 0.9420 0.2999 -0.1510
vn 0.9432 -0.3305 -0.0350
vn 0.9420 -0.2999 -0.1510
vn 0.9429 -0.2971 -0.1506
vn 0.9405 -0.3045 -0.1510
vn 0.9783 -0.0735 -0.1939
vn 0.9495 -0.2574 0.1797
vn 0.9486 -0.2586 0.1824
vn 0.9476 -0.2624 0.1822
vn 0.9409 -0.3236 0.0999
vn 0.9880 -0.0723 0.1368
vn 0.9880 -0.0798 0.1321
vn 0.9880 -0.0810 0.1313
vn 0.1284 0.3526 0.9269
vn 0.4864 0.2540 0.8360
vn 0.3738 0.4472 0.8126
vn 0.3738 0.4459 0.8133
vn 0.3741 0.4374 0.8177
vn 0.0909 -0.5078 0.8566
vn 0.3741 -0.4363 0.8183
vn 0.4904 -0.1099 0.8645
vn -0.4472 -0.3738 0.8126
vn -0.4472 -0.3745 0.8123
vn -0.4471 -0.3804 0.8095
vn -0.2540 -0.4864 0.8360
vn -0.3526 -0.1285 0.9269
vn 0.2276 -0.9728 -0.0423
vn 0.2205 -0.9743 -0.0464
vn 0.2191 -0.9746 -0.0472
vn 0.1733 -0.9650 -0.1967
vn 0.1733 -0.9651 -0.1962
vn 0.1750 -0.9623 -0.2081
vn 0.3073 -0.9391 -0.1542
vn 0.3044 -0.9405 -0.1510
vn 0.2999 -0.9420 -0.1510
vn -0.3305 -0.9431 -0.0350
vn -0.2999 -0.9419 -0.1510
vn -0.2972 -0.9429 -0.1506
vn -0.3044 -0.9405 -0.1510
vn -0.0735 -0.9783 -0.1939
vn -0.2574 -0.9495 0.1797
vn -0.2586 -0.9486 0.1824
vn -0.2624 -0.9476 0.1822
vn -0.3236 -0.9409 0.0999
vn -0.0724 -0.9879 0.1368
vn -0.0798 -0.9880 0.1321
vn -0.0810 -0.9880 0.1313
vn -0.2277 0.9728 -0.0423
vn -0.2206 0.9743 -0.0464
vn -0.2191 0.9745 -0.0472
vn -0.1733 0.9650 -0.1967
vn -0.1733 0.9651 -0.1962
vn -0.1750 0.9623 -0.2081
vn -0.3072 0.9391 -0.1542
vn -0.3044 0.9405 -0.1510
vn -0.2999 0.9420 -0.1510
vn 0.3305 0.9432 -0.0350
vn 0.2998 0.9420 -0.1510
vn 0.2971 0.9429 -0.1507
vn 0.3045 0.9405 -0.1509
vn 0.0735 0.9783 -0.1939
vn 0.2574 0.9495 0.1797
vn 0.2586 0.9486 0.1824
vn 0.2624 0.9476 0.1822
vn 0.3236 0.9409 0.0999
vn 0.0723 0.9880 0.1368
vn 0.0797 0.9880 0.1321
vn 0.0809 0.9880 0.1313
vn -0.1454 0.9619 0.2316
vn -0.1991 0.9709 0.1329
vn -0.3428 0.9340 0.1005
vn 0.1454 -0.9619 0.2316
vn 0.1991 -0.9709 0.1329
vn 0.3428 -0.9340 0.1005
vn -0.5552 0.2061 0.8058
vn -0.3472 0.3074 0.8860
vn -0.2532 0.5103 0.8219
vn 0.9619 0.1454 0.2316
vn 0.9709 0.1991 0.1330
vn 0.9340 0.3428 0.1005
vn 0.5552 0.2061 -0.8058
vn 0.3472 0.3074 -0.8860
vn 0.2531 0.5103 -0.8219
vn -0.9619 0.1454 -0.2316
vn -0.9709 0.1991 -0.1329
vn -0.9340 0.3428 -0.1005
vn -0.9492 0.2914 -0.1190
vn -0.9473 0.3177 -0.0421
vn -0.9283 0.3702 -0.0354
vn -0.9880 0.0723 -0.1368
vn -0.9880 0.0797 -0.1321
vn -0.9879 0.0711 -0.1376
vn -0.9957 0.0794 -0.0485
vn -0.9955 0.0821 -0.0469
vn -0.9957 0.0788 -0.0489
vn -0.9743 0.2206 -0.0464
vn -0.9728 0.2276 -0.0423
vn -0.9746 0.2191 -0.0472
vn -0.9699 0.0510 -0.2380
vn -0.9774 0.0613 -0.2025
vn -0.9651 0.1733 -0.1962
vn -0.9650 0.1733 -0.1967
vn -0.9623 0.1750 -0.2081
vn 0.3033 0.4393 -0.8456
vn 0.1099 0.4904 -0.8645
vn 0.0901 0.5569 -0.8257
vn 0.3679 0.1123 -0.9231
vn 0.1347 0.1348 -0.9817
vn 0.1380 0.1315 -0.9817
vn 0.1284 0.3526 -0.9269
vn 0.5732 0.0725 -0.8162
vn 0.5078 0.0909 -0.8567
vn 0.4864 0.2540 -0.8360
vn 0.9492 0.2914 0.1190
vn 0.9473 0.3177 0.0421
vn 0.9283 0.3702 0.0354
vn 0.9880 0.0723 0.1367
vn 0.9880 0.0797 0.1320
vn 0.9879 0.0711 0.1376
vn 0.9957 0.0793 0.0485
vn 0.9955 0.0821 0.0469
vn 0.9957 0.0788 0.0489
vn 0.9743 0.2206 0.0463
vn 0.9728 0.2276 0.0422
vn 0.9746 0.2191 0.0472
vn 0.9699 0.0510 0.2380
vn 0.9774 0.0613 0.2025
vn 0.9651 0.1733 0.1962
vn 0.9650 0.1733 0.1967
vn 0.9623 0.1750 0.2081
vn -0.3033 0.4392 0.8456
vn -0.1099 0.4904 0.8645
vn -0.0901 0.5569 0.8256
vn -0.3679 0.1123 0.9230
vn -0.1348 0.1348 0.9817
vn -0.1381 0.1315 0.9817
vn -0.1285 0.3526 0.9269
vn -0.5732 0.0725 0.8162
vn -0.5078 0.0909 0.8566
vn -0.4864 0.2540 0.8360
vn 0.2914 -0.9492 0.1190
vn 0.3176 -0.9473 0.0421
vn 0.3702 -0.9283 0.0354
vn 0.0723 -0.9880 0.1368
vn 0.0797 -0.9880 0.1321
vn 0.0711 -0.9879 0.1376
vn 0.0793 -0.9957 0.0485
vn 0.0821 -0.9955 0.0469
vn 0.0788 -0.9957 0.0489
vn 0.2205 -0.9743 0.0464
vn 0.2276 -0.9728 0.0423
vn 0.2191 -0.9746 0.0472
vn 0.0509 -0.9699 0.2380
vn 0.0613 -0.9774 0.2025
vn 0.1733 -0.9651 0.1962
vn 0.1733 -0.9650 0.1967
vn 0.1750 -0.9623 0.2081
vn -0.2915 0.9492 0.1190
vn -0.3176 0.9473 0.0421
vn -0.3702 0.9283 0.0354
vn -0.0723 0.9880 0.1368
vn -0.0798 0.9880 0.1321
vn -0.0711 0.9879 0.1376
vn -0.0794 0.9957 0.0486
vn -0.0823 0.9955 0.0469
vn -0.0789 0.9957 0.0489
vn -0.2206 0.9743 0.0464
vn -0.2277 0.9728 0.0423
vn -0.2191 0.9745 0.0472
vn -0.0510 0.9699 0.2380
vn -0.0613 0.9774 0.2025
vn -0.1733 0.9651 0.1962
vn -0.1732 0.9650 0.1967
vn -0.1750 0.9623 0.2081
vn 0.2241 0.9675 0.1173
vn 0.2206 0.9743 0.0464
vn 0.2276 0.9728 0.0423
vn 0.2291 0.9725 0.0414
vn 0.0794 0.9957 0.0485
vn 0.0821 0.9955 0.0469
vn 0.0827 0.9955 0.0466
vn 0.3759 0.9230 0.0825
vn 0.3832 0.9232 0.0287
vn 0.3305 0.9432 0.0350
vn 0.2998 0.9420 0.1510
vn 0.3067 0.9392 0.1546
vn 0.3074 0.9390 0.1540
vn 0.3483 0.9289 0.1258
vn 0.2971 0.9429 0.1507
vn 0.3045 0.9405 0.1509
vn 0.2042 0.9632 -0.1748
vn 0.1752 0.9621 -0.2088
vn 0.1750 0.9623 -0.2081
vn 0.1733 0.9650 -0.1967
vn 0.0627 0.9714 -0.2290
vn 0.3483 0.9289 -0.1258
vn 0.3067 0.9392 -0.1546
vn 0.3072 0.9391 -0.1541
vn 0.2586 0.9486 -0.1825
vn 0.2574 0.9495 -0.1797
vn 0.2624 0.9476 -0.1822
vn 0.3832 0.9232 -0.0287
vn 0.3759 0.9230 -0.0825
vn 0.3236 0.9409 -0.0999
vn -0.2624 0.9476 -0.1822
vn -0.2568 0.9501 -0.1770
vn -0.2574 0.9495 -0.1797
vn -0.2183 0.9528 -0.2112
vn -0.2638 0.9471 -0.1829
vn -0.2586 0.9486 -0.1824
vn -0.0613 0.9774 -0.2025
vn -0.0510 0.9699 -0.2380
vn -0.1454 0.9619 -0.2316
vn -0.0823 0.9955 -0.0469
vn -0.0794 0.9957 -0.0486
vn -0.0789 0.9957 -0.0489
vn -0.0798 0.9880 -0.1321
vn -0.0723 0.9880 -0.1368
vn -0.0711 0.9879 -0.1376
vn -0.1991 0.9709 -0.1329
vn -0.2241 -0.9675 0.1173
vn -0.2205 -0.9743 0.0464
vn -0.2277 -0.9728 0.0423
vn -0.2292 -0.9725 0.0414
vn -0.0794 -0.9957 0.0486
vn -0.0822 -0.9955 0.0469
vn -0.0828 -0.9955 0.0466
vn -0.3759 -0.9230 0.0825
vn -0.3832 -0.9232 0.0287
vn -0.3305 -0.9431 0.0350
vn -0.2999 -0.9419 0.1510
vn -0.3068 -0.9391 0.1546
vn -0.3071 -0.9391 0.1543
vn -0.3483 -0.9289 0.1258
vn -0.2972 -0.9429 0.1506
vn -0.3044 -0.9405 0.1510
vn -0.2042 -0.9632 -0.1748
vn -0.1752 -0.9621 -0.2088
vn -0.1750 -0.9623 -0.2081
vn -0.1732 -0.9650 -0.1967
vn -0.0627 -0.9714 -0.2290
vn -0.3483 -0.9289 -0.1258
vn -0.3068 -0.9391 -0.1546
vn -0.3070 -0.9391 -0.1543
vn -0.2586 -0.9486 -0.1824
vn -0.2574 -0.9495 -0.1797
vn -0.2624 -0.9476 -0.1822
vn -0.3832 -0.9232 -0.0287
vn -0.3759 -0.9230 -0.0825
vn -0.3236 -0.9409 -0.0999
vn 0.2624 -0.9476 -0.1822
vn 0.2568 -0.9501 -0.1770
vn 0.2574 -0.9495 -0.1796
vn 0.2183 -0.9528 -0.2112
vn 0.2638 -0.9471 -0.1829
vn 0.2586 -0.9486 -0.1824
vn 0.0613 -0.9774 -0.2025
vn 0.0509 -0.9699 -0.2380
vn 0.1454 -0.9619 -0.2316
vn 0.0821 -0.9955 -0.0469
vn 0.0793 -0.9957 -0.0485
vn 0.0788 -0.9957 -0.0489
vn 0.0797 -0.9880 -0.1321
vn 0.0723 -0.9880 -0.1368
vn 0.0711 -0.9879 -0.1376
vn 0.1991 -0.9709 -0.1329
vn -0.3074 -0.3472 0.8860
vn -0.1124 -0.3679 0.9231
vn -0.1348 -0.1348 0.9817
vn -0.1315 -0.1380 0.9817
vn -0.2061 -0.5551 0.8058
vn -0.0726 -0.5731 0.8162
vn -0.0909 -0.5078 0.8566
vn -0.3813 -0.4471 0.8092
vn -0.3111 -0.5090 0.8026
vn -0.3741 -0.4363 0.8183
vn -0.3741 -0.4374 0.8178
vn -0.3738 -0.4458 0.8133
vn 0.4392 -0.3033 0.8456
vn 0.5103 -0.2531 0.8219
vn 0.5569 -0.0901 0.8256
vn 0.3111 -0.5091 0.8026
vn 0.3812 -0.4471 0.8092
vn 0.3804 -0.4472 0.8095
vn 0.3745 -0.4472 0.8123
vn 0.4472 -0.3738 0.8126
vn 0.4459 -0.3737 0.8133
vn 0.4375 -0.3740 0.8178
vn 0.0725 -0.5731 0.8162
vn 0.2061 -0.5551 0.8058
vn 0.2540 -0.4864 0.8360
vn 0.4363 0.3741 0.8183
vn 0.5090 0.3111 0.8026
vn 0.4471 0.3812 0.8092
vn 0.4471 0.3805 0.8095
vn 0.4471 0.3744 0.8123
vn 0.5078 0.0909 0.8567
vn 0.5732 0.0726 0.8162
vn 0.5552 0.2061 0.8058
vn 0.1347 0.1348 0.9817
vn 0.1380 0.1315 0.9817
vn 0.3679 0.1123 0.9231
vn 0.3471 0.3074 0.8860
vn 0.9675 -0.2241 0.1173
vn 0.9743 -0.2205 0.0464
vn 0.9728 -0.2276 0.0422
vn 0.9725 -0.2291 0.0414
vn 0.9957 -0.0794 0.0485
vn 0.9955 -0.0821 0.0469
vn 0.9955 -0.0827 0.0466
vn 0.9230 -0.3759 0.0825
vn 0.9232 -0.3833 0.0287
vn 0.9431 -0.3305 0.0350
vn 0.9420 -0.2999 0.1510
vn 0.9391 -0.3068 0.1546
vn 0.9391 -0.3071 0.1542
vn 0.9289 -0.3483 0.1258
vn 0.9429 -0.2971 0.1506
vn 0.9405 -0.3045 0.1510
vn 0.9632 -0.2042 -0.1748
vn 0.9621 -0.1752 -0.2088
vn 0.9623 -0.1750 -0.2081
vn 0.9650 -0.1733 -0.1967
vn 0.9714 -0.0627 -0.2290
vn 0.9289 -0.3483 -0.1258
vn 0.9391 -0.3068 -0.1546
vn 0.9391 -0.3072 -0.1543
vn 0.9486 -0.2586 -0.1824
vn 0.9495 -0.2574 -0.1797
vn 0.9476 -0.2624 -0.1822
vn 0.9232 -0.3833 -0.0287
vn 0.9230 -0.3759 -0.0825
vn 0.9409 -0.3236 -0.0999
vn 0.9476 0.2624 -0.1822
vn 0.9501 0.2568 -0.1770
vn 0.9495 0.2574 -0.1797
vn 0.9528 0.2183 -0.2112
vn 0.9471 0.2638 -0.1829
vn 0.9486 0.2586 -0.1824
vn 0.9774 0.0613 -0.2025
vn 0.9699 0.0509 -0.2380
vn 0.9619 0.1454 -0.2316
vn 0.9955 0.0821 -0.0469
vn 0.9957 0.0793 -0.0485
vn 0.9957 0.0788 -0.0489
vn 0.9880 0.0797 -0.1320
vn 0.9880 0.0723 -0.1367
vn 0.9879 0.0711 -0.1376
vn 0.9709 0.1991 -0.1330
vn 0.3074 -0.3472 -0.8860
vn 0.1123 -0.3679 -0.9231
vn 0.1347 -0.1348 -0.9817
vn 0.1315 -0.1380 -0.9817
vn 0.2061 -0.5552 -0.8058
vn 0.0725 -0.5732 -0.8162
vn 0.0909 -0.5078 -0.8567
vn 0.3812 -0.4471 -0.8092
vn 0.3111 -0.5091 -0.8026
vn 0.3741 -0.4363 -0.8183
vn 0.3741 -0.4374 -0.8177
vn 0.3738 -0.4459 -0.8133
vn -0.4393 -0.3033 -0.8456
vn -0.5103 -0.2532 -0.8219
vn -0.5570 -0.0901 -0.8256
vn -0.3111 -0.5090 -0.8026
vn -0.3813 -0.4471 -0.8092
vn -0.3805 -0.4472 -0.8095
vn -0.3744 -0.4473 -0.8123
vn -0.4472 -0.3738 -0.8126
vn -0.4458 -0.3738 -0.8133
vn -0.4375 -0.3741 -0.8177
vn -0.0725 -0.5732 -0.8162
vn -0.2061 -0.5551 -0.8058
vn -0.2540 -0.4864 -0.8360
vn -0.4363 0.3741 -0.8183
vn -0.5090 0.3111 -0.8026
vn -0.4471 0.3813 -0.8092
vn -0.4472 0.3804 -0.8095
vn -0.4472 0.3745 -0.8123
vn -0.5078 0.0909 -0.8567
vn -0.5732 0.0726 -0.8162
vn -0.5552 0.2061 -0.8058
vn -0.1348 0.1348 -0.9817
vn -0.1381 0.1315 -0.9817
vn -0.3679 0.1123 -0.9230
vn -0.3472 0.3074 -0.8860
vn -0.9675 -0.2241 -0.1173
vn -0.9743 -0.2206 -0.0464
vn -0.9728 -0.2276 -0.0423
vn -0.9725 -0.2291 -0.0414
vn -0.9957 -0.0794 -0.0485
vn -0.9955 -0.0821 -0.0468
vn -0.9955 -0.0828 -0.0466
vn -0.9230 -0.3759 -0.0825
vn -0.9232 -0.3832 -0.0287
vn -0.9432 -0.3305 -0.0350
vn -0.9420 -0.2998 -0.1510
vn -0.9391 -0.3068 -0.1546
vn -0.9391 -0.3071 -0.1542
vn -0.9289 -0.3483 -0.1258
vn -0.9429 -0.2971 -0.1506
vn -0.9405 -0.3045 -0.1510
vn -0.9632 -0.2042 0.1748
vn -0.9621 -0.1752 0.2088
vn -0.9623 -0.1750 0.2081
vn -0.9650 -0.1733 0.1967
vn -0.9714 -0.0627 0.2290
vn -0.9289 -0.3483 0.1258
vn -0.9391 -0.3067 0.1546
vn -0.9391 -0.3072 0.1542
vn -0.9486 -0.2586 0.1824
vn -0.9495 -0.2574 0.1796
vn -0.9476 -0.2624 0.1822
vn -0.9232 -0.3832 0.0287
vn -0.9230 -0.3759 0.0825
vn -0.9409 -0.3236 0.0999
vn -0.9476 0.2624 0.1822
vn -0.9501 0.2568 0.1770
vn -0.9495 0.2573 0.1796
vn -0.9528 0.2183 0.2112
vn -0.9471 0.2638 0.1829
vn -0.9486 0.2585 0.1824
vn -0.9774 0.0613 0.2025
vn -0.9699 0.0510 0.2380
vn -0.9619 0.1454 0.2316
vn -0.9955 0.0821 0.0469
vn -0.9957 0.0794 0.0485
vn -0.9957 0.0788 0.0489
vn -0.9880 0.0797 0.1321
vn -0.9880 0.0723 0.1368
vn -0.9879 0.0711 0.1376
vn -0.9709 0.1991 0.1329
vn -0.9473 0.3177 0.0421
vn -0.9492 0.2914 0.1190
vn -0.9340 0.3428 0.1005
vn -0.9728 -0.2276 0.0423
vn -0.9743 -0.2206 0.0464
vn -0.9725 -0.2291 0.0414
vn -0.9675 -0.2241 0.1173
vn -0.9880 -0.0797 0.1321
vn -0.9880 -0.0723 0.1368
vn -0.9880 -0.0809 0.1313
vn -0.9623 -0.1750 -0.2081
vn -0.9621 -0.1752 -0.2088
vn -0.9650 -0.1733 -0.1967
vn -0.9632 -0.2042 -0.1748
vn -0.9783 -0.0735 -0.1939
vn -0.1099 0.4904 -0.8645
vn -0.3033 0.4392 -0.8456
vn -0.2532 0.5103 -0.8219
vn -0.1124 -0.3679 -0.9230
vn -0.3074 -0.3472 -0.8860
vn -0.3526 -0.1285 -0.9269
vn 0.5103 -0.2532 -0.8219
vn 0.4392 -0.3033 -0.8456
vn 0.4904 -0.1099 -0.8645
vn 0.9473 0.3177 -0.0421
vn 0.9492 0.2914 -0.1190
vn 0.9340 0.3428 -0.1005
vn 0.9728 -0.2276 -0.0422
vn 0.9743 -0.2205 -0.0463
vn 0.9725 -0.2291 -0.0414
vn 0.9675 -0.2241 -0.1173
vn 0.9880 -0.0798 -0.1321
vn 0.9880 -0.0723 -0.1368
vn 0.9880 -0.0810 -0.1313
vn 0.9623 -0.1750 0.2081
vn 0.9621 -0.1752 0.2088
vn 0.9650 -0.1733 0.1967
vn 0.9632 -0.2042 0.1748
vn 0.9783 -0.0735 0.1939
vn 0.1099 0.4904 0.8645
vn 0.3033 0.4393 0.8456
vn 0.2532 0.5103 0.8219
vn 0.1123 -0.3679 0.9231
vn 0.3074 -0.3472 0.8860
vn 0.3525 -0.1285 0.9269
vn -0.5103 -0.2532 0.8219
vn -0.4393 -0.3033 0.8456
vn -0.4904 -0.1099 0.8645
vn 0.3177 -0.9473 -0.0421
vn 0.2914 -0.9492 -0.1190
vn 0.3428 -0.9340 -0.1005
vn -0.2276 -0.9728 -0.0422
vn -0.2205 -0.9743 -0.0464
vn -0.2292 -0.9725 -0.0414
vn -0.2241 -0.9675 -0.1173
vn -0.0798 -0.9880 -0.1321
vn -0.0724 -0.9879 -0.1368
vn -0.0810 -0.9880 -0.1313
vn -0.1750 -0.9623 0.2081
vn -0.1752 -0.9621 0.2088
vn -0.1733 -0.9650 0.1967
vn -0.2042 -0.9632 0.1748
vn -0.0735 -0.9783 0.1939
vn -0.3177 0.9473 -0.0421
vn -0.2915 0.9492 -0.1190
vn -0.3428 0.9340 -0.1005
vn 0.2276 0.9728 -0.0423
vn 0.2205 0.9743 -0.0464
vn 0.2291 0.9725 -0.0414
vn 0.2241 0.9675 -0.1173
vn 0.0797 0.9880 -0.1321
vn 0.0723 0.9880 -0.1367
vn 0.0809 0.9880 -0.1313
vn 0.1750 0.9623 0.2081
vn 0.1752 0.9621 0.2088
vn 0.1733 0.9650 0.1967
vn 0.2042 0.9632 0.1748
vn 0.0735 0.9783 0.1939
vn -0.2183 0.9528 0.2112
vn -0.2568 0.9501 0.1770
vn -0.2574 0.9495 0.1797
vn -0.3044 0.9405 0.1510
vn -0.3072 0.9391 0.1543
vn -0.2999 0.9419 0.1510
vn 0.2183 -0.9528 0.2112
vn 0.2568 -0.9501 0.1770
vn 0.2574 -0.9495 0.1796
vn 0.3044 -0.9405 0.1510
vn 0.3073 -0.9391 0.1542
vn 0.2998 -0.9420 0.1510
vn -0.5091 0.3111 0.8026
vn -0.4363 0.3741 0.8183
vn -0.4374 0.3741 0.8178
vn -0.4459 0.3738 0.8133
vn -0.3738 0.4472 0.8126
vn -0.3744 0.4472 0.8123
vn -0.3805 0.4471 0.8095
vn 0.9528 0.2183 0.2112
vn 0.9501 0.2568 0.1770
vn 0.9495 0.2574 0.1797
vn 0.9405 0.3044 0.1510
vn 0.9391 0.3072 0.1542
vn 0.9420 0.2999 0.1510
vn 0.5091 0.3111 -0.8026
vn 0.4363 0.3742 -0.8183
vn 0.4375 0.3740 -0.8178
vn 0.4459 0.3737 -0.8133
vn 0.3738 0.4472 -0.8126
vn 0.3745 0.4473 -0.8122
vn 0.3804 0.4472 -0.8095
vn -0.9528 0.2183 -0.2112
vn -0.9501 0.2568 -0.1770
vn -0.9495 0.2574 -0.1796
vn -0.9405 0.3044 -0.1510
vn -0.9390 0.3073 -0.1541
vn -0.9420 0.2998 -0.1510
vn -0.7873 0.5602 -0.2575
vn 0.0110 0.0830 -0.9965
vn 0.8116 0.5214 0.2634
vn -0.0110 0.0893 0.9959
vn -0.1630 -0.9858 0.0413
vn -0.1640 -0.9854 0.0460
vn -0.1645 -0.9852 0.0486
vn -0.1454 0.9885 0.0413
vn -0.1442 0.9885 0.0460
vn -0.1437 0.9884 0.0487
vn -0.0000 0.9977 0.0677
vn 0.0023 0.9975 0.0701
vn 0.0042 0.9980 0.0631
vn 0.0037 0.9998 -0.0202
vn -0.0000 0.9999 -0.0165
vn 0.0092 0.9998 -0.0164
vn -0.1493 0.9887 -0.0147
vn -0.1493 0.9887 -0.0117
vn -0.1523 0.9879 -0.0292
vn -0.0000 -0.9977 0.0677
vn -0.0022 -0.9975 0.0702
vn -0.0041 -0.9980 0.0631
vn -0.0037 -0.9998 -0.0202
vn -0.0000 -0.9999 -0.0165
vn -0.0092 -0.9998 -0.0164
vn -0.1592 -0.9871 -0.0147
vn -0.1592 -0.9872 -0.0117
vn -0.1562 -0.9873 -0.0292
vn -0.0157 -0.0140 0.9998
vn -0.0154 -0.0156 0.9998
vn -0.0149 -0.0202 0.9997
vn 0.0046 -0.0289 0.9996
vn -0.0000 -0.0244 0.9997
vn -0.0000 -0.0292 0.9996
vn 0.0026 0.1000 0.9950
vn -0.0000 0.0970 0.9953
vn 0.0050 0.0901 0.9959
vn 0.9150 -0.0594 0.3991
vn 0.9826 -0.1426 -0.1193
vn 0.7061 0.7059 -0.0559
vn 0.0157 -0.0140 -0.9998
vn 0.0154 -0.0156 -0.9998
vn 0.0149 -0.0202 -0.9997
vn -0.0047 -0.0290 -0.9996
vn -0.0000 -0.0244 -0.9997
vn -0.0000 -0.0292 -0.9996
vn -0.0027 0.1000 -0.9950
vn -0.0000 0.0970 -0.9953
vn -0.0050 0.0901 -0.9959
vn -0.9150 -0.0594 -0.3991
vn -0.9826 -0.1426 0.1193
vn -0.6621 0.7475 0.0531
vn -0.9192 0.3772 0.1128
vn -0.8826 0.2839 0.3748
vn -0.7242 0.6544 0.2174
vn -0.8913 -0.4485 0.0669
vn -0.9154 -0.3088 0.2583
vn -0.9185 -0.0825 0.3866
vn -0.9276 -0.2372 -0.2885
vn -0.9039 -0.3862 -0.1839
vn -0.9465 -0.1125 -0.3024
vn -0.0045 0.0747 -0.9972
vn -0.0000 0.0707 -0.9975
vn -0.0095 0.0638 -0.9979
vn -0.0127 0.0628 -0.9979
vn -0.0136 0.0511 -0.9986
vn -0.0148 0.0383 -0.9992
vn -0.0148 0.0473 -0.9988
vn -0.0097 0.0465 -0.9989
vn -0.0099 0.0465 -0.9989
vn -0.0050 -0.0901 -0.9959
vn -0.0000 -0.0939 -0.9956
vn -0.0000 -0.0970 -0.9953
vn -0.0099 -0.0799 -0.9968
vn -0.0094 -0.0749 -0.9971
vn -0.0095 -0.0798 -0.9968
vn -0.0146 -0.0224 -0.9996
vn -0.0132 -0.0223 -0.9997
vn -0.0119 -0.0254 -0.9996
vn 0.0123 -0.0633 -0.9979
vn 0.0109 -0.0630 -0.9980
vn 0.0118 -0.0632 -0.9979
vn 0.0053 -0.0937 -0.9956
vn 0.0078 -0.0912 -0.9958
vn 0.0050 -0.0901 -0.9959
vn 0.0110 -0.0237 -0.9997
vn 0.0119 -0.0254 -0.9996
vn 0.0046 -0.0290 -0.9996
vn 0.9192 0.3772 -0.1128
vn 0.8826 0.2838 -0.3748
vn 0.7575 0.6128 -0.2251
vn 0.8913 -0.4485 -0.0669
vn 0.9153 -0.3089 -0.2584
vn 0.9186 -0.0825 -0.3866
vn 0.9277 -0.2372 0.2884
vn 0.9039 -0.3862 0.1839
vn 0.9465 -0.1126 0.3024
vn 0.0045 0.0747 0.9972
vn -0.0000 0.0707 0.9975
vn 0.0095 0.0638 0.9979
vn 0.0127 0.0628 0.9979
vn 0.0136 0.0512 0.9986
vn 0.0148 0.0383 0.9992
vn 0.0143 0.0489 0.9987
vn 0.0097 0.0485 0.9988
vn 0.0100 0.0481 0.9988
vn 0.0050 -0.0901 0.9959
vn -0.0000 -0.0939 0.9956
vn -0.0000 -0.0970 0.9953
vn 0.0099 -0.0799 0.9968
vn 0.0094 -0.0749 0.9971
vn 0.0095 -0.0798 0.9968
vn 0.0146 -0.0224 0.9996
vn 0.0132 -0.0223 0.9997
vn 0.0119 -0.0254 0.9996
vn -0.0123 -0.0633 0.9979
vn -0.0109 -0.0630 0.9980
vn -0.0118 -0.0632 0.9979
vn -0.0053 -0.0937 0.9956
vn -0.0078 -0.0911 0.9958
vn -0.0050 -0.0901 0.9959
vn -0.0110 -0.0236 0.9997
vn -0.0118 -0.0255 0.9996
vn -0.0046 -0.0290 0.9996
vn 0.0095 -0.9998 -0.0182
vn 0.0092 -0.9998 -0.0164
vn 0.0037 -0.9998 -0.0202
vn 0.0059 -0.9979 -0.0642
vn 0.0034 -0.9983 -0.0582
vn 0.0041 -0.9980 -0.0631
vn -0.1624 -0.9859 -0.0413
vn -0.1605 -0.9865 -0.0325
vn -0.1630 -0.9858 -0.0413
vn -0.0723 -0.9972 -0.0194
vn -0.0720 -0.9972 -0.0211
vn -0.0718 -0.9972 -0.0219
vn -0.0745 -0.9937 -0.0841
vn -0.0041 -0.9980 -0.0631
vn -0.0021 -0.9978 -0.0667
vn -0.0064 -0.9982 -0.0596
vn -0.0776 -0.9925 0.0942
vn -0.0730 -0.9957 0.0573
vn -0.0740 -0.9959 0.0524
vn -0.0725 -0.9956 0.0599
vn -0.0036 -0.9988 0.0498
vn -0.0071 -0.9985 0.0539
vn -0.0056 -0.9987 0.0500
vn -0.0095 0.9998 -0.0182
vn -0.0092 0.9998 -0.0164
vn -0.0037 0.9998 -0.0202
vn -0.0059 0.9979 -0.0642
vn -0.0034 0.9983 -0.0582
vn -0.0042 0.9980 -0.0631
vn -0.1459 0.9884 -0.0413
vn -0.1480 0.9885 -0.0325
vn -0.1454 0.9885 -0.0413
vn -0.0397 0.9992 -0.0101
vn -0.0385 0.9992 -0.0052
vn -0.0380 0.9993 -0.0025
vn -0.0456 0.9989 -0.0080
vn 0.0042 0.9980 -0.0631
vn 0.0021 0.9978 -0.0667
vn 0.0065 0.9982 -0.0596
vn -0.0527 0.9986 0.0073
vn -0.0401 0.9992 0.0083
vn -0.0401 0.9992 0.0066
vn -0.0397 0.9992 0.0101
vn 0.0036 0.9988 0.0498
vn 0.0071 0.9985 0.0539
vn 0.0056 0.9987 0.0500
vn -0.0042 0.9980 0.0631
vn -0.0048 0.9978 0.0659
vn -0.0023 0.9975 0.0701
vn -0.0080 0.9990 0.0446
vn -0.0081 0.9988 0.0479
vn -0.0036 0.9986 0.0524
vn -0.1489 0.9885 0.0256
vn -0.1474 0.9885 0.0331
vn -0.1480 0.9885 0.0324
vn 0.0041 -0.9980 0.0631
vn 0.0048 -0.9978 0.0659
vn 0.0022 -0.9975 0.0702
vn 0.0080 -0.9990 0.0446
vn 0.0081 -0.9988 0.0479
vn 0.0036 -0.9986 0.0524
vn -0.1596 -0.9869 0.0256
vn -0.1610 -0.9864 0.0331
vn -0.1605 -0.9865 0.0325
vn -0.0152 0.0336 0.9993
vn -0.0112 0.0593 0.9982
vn -0.0123 0.0618 0.9980
vn -0.0118 0.0594 0.9982
vn -0.0050 0.0901 0.9959
vn -0.0057 0.0939 0.9956
vn -0.0071 0.0916 0.9958
vn 0.8932 0.2196 0.3924
vn 0.8933 0.3448 0.2884
vn 0.7173 0.6794 0.1544
vn 0.0152 0.0336 -0.9993
vn 0.0112 0.0593 -0.9982
vn 0.0123 0.0618 -0.9980
vn 0.0118 0.0594 -0.9982
vn 0.0050 0.0901 -0.9959
vn 0.0048 0.0924 -0.9957
vn 0.0063 0.0903 -0.9959
vn -0.8932 0.2196 -0.3923
vn -0.8933 0.3448 -0.2884
vn -0.6766 0.7215 -0.1474
vn -0.8670 0.4403 -0.2332
vn -0.8782 0.4700 -0.0883
vn -0.6621 0.7475 -0.0531
vn -0.9369 0.1374 -0.3216
vn -0.9798 0.1536 -0.1285
vn -0.9192 0.3772 -0.1128
vn -0.9059 0.0817 -0.4156
vn -0.9073 0.1091 -0.4061
vn -0.8826 0.2839 -0.3748
vn 0.0064 0.0772 -0.9970
vn 0.0095 0.0798 -0.9968
vn 0.0094 0.0749 -0.9971
vn -0.0000 0.0939 -0.9956
vn 0.0053 0.0937 -0.9956
vn 0.0027 0.1000 -0.9950
vn 0.0110 0.0236 -0.9997
vn 0.0119 0.0254 -0.9996
vn 0.0147 0.0188 -0.9997
vn -0.0000 0.0244 -0.9997
vn 0.0047 0.0290 -0.9996
vn 0.0068 0.0713 -0.9974
vn 0.0157 0.0140 -0.9998
vn 0.0154 0.0156 -0.9998
vn 0.0159 0.0121 -0.9998
vn 0.0149 0.0201 -0.9997
vn 0.0147 0.0457 -0.9988
vn 0.0135 0.0472 -0.9988
vn 0.0139 0.0455 -0.9989
vn 0.8671 0.4402 0.2332
vn 0.8782 0.4700 0.0884
vn 0.7061 0.7059 0.0559
vn 0.9369 0.1374 0.3215
vn 0.9797 0.1536 0.1285
vn 0.9192 0.3772 0.1128
vn 0.9058 0.0817 0.4157
vn 0.9073 0.1091 0.4061
vn 0.8826 0.2838 0.3748
vn -0.0064 0.0772 0.9970
vn -0.0095 0.0798 0.9968
vn -0.0094 0.0749 0.9971
vn -0.0000 0.0939 0.9956
vn -0.0053 0.0937 0.9956
vn -0.0027 0.1000 0.9950
vn -0.0110 0.0236 0.9997
vn -0.0119 0.0254 0.9996
vn -0.0147 0.0189 0.9997
vn -0.0000 0.0244 0.9997
vn -0.0047 0.0290 0.9996
vn -0.0068 0.0713 0.9974
vn -0.0157 0.0140 0.9998
vn -0.0154 0.0156 0.9998
vn -0.0159 0.0121 0.9998
vn -0.0149 0.0202 0.9997
vn -0.0147 0.0457 0.9988
vn -0.0135 0.0472 0.9988
vn -0.0139 0.0455 0.9989
vn 0.0898 -0.9946 0.0517
vn 0.0863 -0.9960 0.0230
vn 0.0868 -0.9960 0.0205
vn 0.0870 -0.9960 0.0192
vn -0.1587 -0.9873 0.0093
vn -0.1590 -0.9872 0.0108
vn -0.1592 -0.9872 0.0117
vn 0.0028 -0.9987 0.0506
vn -0.0018 -0.9981 0.0611
vn -0.0000 -0.9999 0.0165
vn 0.0037 -0.9998 0.0202
vn -0.0000 -0.9998 0.0204
vn 0.0092 -0.9998 0.0164
vn 0.0095 -0.9998 0.0182
vn -0.0000 -0.9975 0.0713
vn 0.0021 -0.9978 0.0667
vn 0.0064 -0.9982 0.0596
vn 0.0062 -0.9980 0.0628
vn 0.0530 0.9980 0.0334
vn 0.0453 0.9990 0.0017
vn 0.0468 0.9989 0.0087
vn 0.0472 0.9989 0.0055
vn -0.1498 0.9887 0.0093
vn -0.1495 0.9887 0.0109
vn -0.1493 0.9887 0.0117
vn -0.0027 0.9987 0.0506
vn 0.0018 0.9981 0.0611
vn -0.0000 0.9999 0.0165
vn -0.0037 0.9998 0.0202
vn -0.0000 0.9998 0.0204
vn -0.0092 0.9998 0.0164
vn -0.0095 0.9998 0.0182
vn -0.0000 0.9975 0.0714
vn -0.0021 0.9978 0.0667
vn -0.0065 0.9982 0.0596
vn -0.0062 0.9980 0.0628
vn 0.0093 0.9991 0.0415
vn 0.0092 0.9998 0.0164
vn 0.0095 0.9998 0.0182
vn 0.0100 0.9998 0.0155
vn 0.0037 0.9998 0.0202
vn 0.1328 0.9909 0.0205
vn 0.1328 0.9909 0.0236
vn 0.1328 0.9910 0.0147
vn 0.1334 0.9910 0.0085
vn -0.0385 0.9992 0.0052
vn -0.0380 0.9993 0.0025
vn 0.1288 0.9908 0.0413
vn 0.1277 0.9907 0.0460
vn 0.1294 0.9907 0.0413
vn 0.1313 0.9908 0.0324
vn 0.1311 0.9908 0.0323
vn -0.0456 0.9989 0.0080
vn 0.0062 0.9980 -0.0628
vn 0.0078 0.9984 -0.0559
vn 0.0048 0.9978 -0.0659
vn 0.0023 0.9975 -0.0701
vn -0.0000 0.9977 -0.0678
vn 0.1294 0.9907 -0.0413
vn 0.1313 0.9908 -0.0324
vn 0.1308 0.9909 -0.0331
vn 0.1277 0.9907 -0.0460
vn 0.1288 0.9908 -0.0413
vn -0.0527 0.9986 -0.0073
vn 0.1330 0.9911 -0.0109
vn 0.1333 0.9910 -0.0093
vn 0.1334 0.9910 -0.0085
vn 0.1323 0.9909 -0.0256
vn 0.1328 0.9909 -0.0236
vn -0.0401 0.9992 -0.0066
vn -0.0401 0.9992 -0.0083
vn 0.0607 0.9972 -0.0438
vn 0.0689 0.9966 -0.0453
vn -0.1442 0.9885 -0.0460
vn -0.1437 0.9884 -0.0487
vn -0.0023 0.9975 -0.0701
vn -0.0000 0.9975 -0.0714
vn -0.0048 0.9978 -0.0659
vn -0.0000 0.9998 -0.0204
vn 0.0027 0.9987 -0.0506
vn -0.0018 0.9981 -0.0611
vn -0.0078 0.9986 -0.0515
vn -0.0056 0.9987 -0.0500
vn -0.0071 0.9985 -0.0539
vn -0.0093 -0.9991 0.0415
vn -0.0092 -0.9998 0.0164
vn -0.0095 -0.9998 0.0182
vn -0.0100 -0.9998 0.0155
vn -0.0037 -0.9998 0.0202
vn 0.1254 -0.9919 0.0205
vn 0.1254 -0.9918 0.0236
vn 0.1257 -0.9920 0.0092
vn 0.1251 -0.9921 0.0093
vn 0.1249 -0.9921 0.0085
vn -0.0720 -0.9972 0.0211
vn -0.0723 -0.9972 0.0194
vn -0.0718 -0.9972 0.0219
vn 0.1292 -0.9908 0.0413
vn 0.1303 -0.9904 0.0460
vn 0.1286 -0.9908 0.0413
vn 0.1267 -0.9914 0.0325
vn 0.1270 -0.9914 0.0322
vn -0.0745 -0.9937 0.0841
vn -0.0062 -0.9980 -0.0628
vn -0.0078 -0.9984 -0.0559
vn -0.0048 -0.9978 -0.0658
vn -0.0022 -0.9975 -0.0702
vn -0.0000 -0.9977 -0.0678
vn 0.1286 -0.9908 -0.0413
vn 0.1267 -0.9914 -0.0325
vn 0.1272 -0.9913 -0.0331
vn 0.1303 -0.9904 -0.0460
vn 0.1292 -0.9908 -0.0413
vn -0.0776 -0.9925 -0.0942
vn 0.1254 -0.9920 -0.0109
vn 0.1250 -0.9921 -0.0093
vn 0.1249 -0.9921 -0.0085
vn 0.1258 -0.9917 -0.0256
vn 0.1254 -0.9918 -0.0236
vn -0.0740 -0.9959 -0.0524
vn -0.0730 -0.9957 -0.0573
vn -0.0725 -0.9956 -0.0599
vn 0.0941 -0.9930 -0.0708
vn 0.0993 -0.9921 -0.0766
vn -0.1640 -0.9854 -0.0460
vn -0.1645 -0.9852 -0.0486
vn 0.0022 -0.9975 -0.0702
vn -0.0000 -0.9975 -0.0713
vn 0.0048 -0.9978 -0.0659
vn -0.0000 -0.9998 -0.0204
vn -0.0028 -0.9987 -0.0506
vn 0.0018 -0.9981 -0.0611
vn 0.0078 -0.9986 -0.0516
vn 0.0056 -0.9987 -0.0500
vn 0.0071 -0.9985 -0.0539
vn -0.0095 -0.0638 0.9979
vn -0.0103 -0.0667 0.9977
vn -0.0045 -0.0747 0.9972
vn -0.0000 -0.0707 0.9975
vn -0.0000 -0.0762 0.9971
vn -0.0076 -0.0933 0.9956
vn -0.0026 -0.1000 0.9950
vn -0.0000 -0.1018 0.9948
vn 0.0090 -0.1293 0.9916
vn -0.0140 -0.0864 0.9962
vn -0.0096 -0.0798 0.9968
vn -0.0099 -0.0799 0.9968
vn -0.0095 -0.0798 0.9968
vn 0.0123 -0.0609 0.9981
vn 0.0118 -0.0594 0.9982
vn 0.0123 -0.0618 0.9980
vn 0.0133 -0.0461 0.9988
vn 0.0139 -0.0455 0.9989
vn 0.0135 -0.0472 0.9988
vn 0.0154 -0.0156 0.9998
vn 0.0157 -0.0140 0.9998
vn 0.0153 -0.0168 0.9997
vn 0.0156 -0.0867 0.9961
vn -0.0195 -0.1647 0.9861
vn 0.0109 -0.0630 0.9980
vn 0.0118 -0.0632 0.9979
vn 0.0026 -0.1000 0.9950
vn 0.0057 -0.0939 0.9956
vn 0.0071 -0.0916 0.9958
vn 0.0053 -0.0937 0.9956
vn 0.0118 0.0632 0.9979
vn 0.0111 0.0663 0.9977
vn 0.0133 0.0482 0.9987
vn 0.0110 0.0830 0.9965
vn 0.0149 0.0202 0.9997
vn 0.0147 0.0188 0.9997
vn 0.0157 0.0140 0.9998
vn 0.0154 0.0156 0.9998
vn 0.0159 0.0121 0.9998
vn 0.0138 0.0423 0.9990
vn 0.0152 0.0336 0.9993
vn 0.0046 0.0289 0.9996
vn 0.0109 0.0236 0.9997
vn 0.0119 0.0254 0.9996
vn 0.9242 -0.2929 0.2450
vn 0.9302 -0.3553 0.0925
vn 0.9826 -0.1426 0.1193
vn 0.9432 -0.3013 0.1400
vn -0.2529 -0.9675 -0.0000
vn -0.2589 -0.9659 -0.0022
vn -0.2546 -0.9671 -0.0000
vn 0.8913 -0.4485 0.0669
vn 0.4964 0.8598 0.1195
vn 0.9328 -0.2996 0.2003
vn 0.9153 -0.3089 0.2584
vn 0.9179 -0.2233 -0.3280
vn 0.9219 -0.1649 -0.3506
vn 0.9150 -0.0594 -0.3991
vn 0.9328 -0.2996 -0.2003
vn -0.0181 -0.0314 0.9993
vn 0.9277 -0.2372 -0.2884
vn -0.0059 -0.0198 -0.9998
vn -0.0070 -0.0130 -0.9999
vn -0.0057 -0.0212 -0.9998
vn 0.9432 -0.3013 -0.1400
vn 0.9039 -0.3862 -0.1839
vn 0.8706 0.3774 -0.3156
vn 0.8890 0.3042 -0.3423
vn 0.8116 0.5214 -0.2634
vn 0.9073 0.1091 -0.4061
vn 0.9058 0.0817 -0.4157
vn 0.8932 0.2196 -0.3924
vn 0.9797 0.1536 -0.1285
vn 0.9369 0.1374 -0.3215
vn 0.8933 0.3448 -0.2884
vn 0.0095 -0.0638 -0.9979
vn 0.0103 -0.0668 -0.9977
vn 0.0045 -0.0747 -0.9972
vn -0.0000 -0.0707 -0.9975
vn -0.0000 -0.0762 -0.9971
vn 0.0052 -0.0972 -0.9953
vn 0.0027 -0.1000 -0.9950
vn -0.0000 -0.1018 -0.9948
vn -0.0195 -0.1647 -0.9861
vn 0.0156 -0.0867 -0.9961
vn 0.0150 -0.0865 -0.9961
vn 0.0096 -0.0798 -0.9968
vn 0.0099 -0.0799 -0.9968
vn 0.0095 -0.0798 -0.9968
vn -0.0123 -0.0609 -0.9981
vn -0.0118 -0.0594 -0.9982
vn -0.0123 -0.0618 -0.9980
vn -0.0133 -0.0461 -0.9988
vn -0.0139 -0.0455 -0.9989
vn -0.0135 -0.0472 -0.9988
vn -0.0154 -0.0156 -0.9998
vn -0.0157 -0.0140 -0.9998
vn -0.0153 -0.0168 -0.9997
vn -0.0140 -0.0864 -0.9962
vn -0.0078 -0.0911 -0.9958
vn -0.0076 -0.0933 -0.9956
vn 0.0090 -0.1290 -0.9916
vn -0.0109 -0.0630 -0.9980
vn -0.0118 -0.0632 -0.9979
vn -0.0027 -0.1000 -0.9950
vn -0.0053 -0.0937 -0.9956
vn -0.0118 0.0632 -0.9979
vn -0.0111 0.0663 -0.9977
vn -0.0133 0.0482 -0.9987
vn -0.0110 0.0893 -0.9959
vn -0.0149 0.0202 -0.9997
vn -0.0147 0.0189 -0.9997
vn -0.0157 0.0140 -0.9998
vn -0.0154 0.0156 -0.9998
vn -0.0159 0.0121 -0.9998
vn -0.0138 0.0423 -0.9990
vn -0.0152 0.0336 -0.9993
vn -0.0046 0.0290 -0.9996
vn -0.0110 0.0236 -0.9997
vn -0.0118 0.0255 -0.9996
vn -0.9242 -0.2930 -0.2450
vn -0.9302 -0.3553 -0.0925
vn -0.9826 -0.1426 -0.1193
vn -0.9397 -0.3122 -0.1400
vn -0.0189 0.0436 -0.9989
vn -0.8913 -0.4485 -0.0669
vn -0.0060 0.0338 0.9994
vn -0.9292 -0.3105 -0.2002
vn -0.9154 -0.3088 -0.2583
vn -0.9179 -0.2233 0.3280
vn -0.9219 -0.1649 0.3506
vn -0.9150 -0.0594 0.3991
vn -0.9292 -0.3105 0.2003
vn -0.3972 0.9135 0.0877
vn -0.9276 -0.2372 0.2885
vn 0.0099 -0.0492 0.9987
vn -0.9397 -0.3122 0.1400
vn -0.9039 -0.3862 0.1839
vn -0.8706 0.3774 0.3156
vn -0.8890 0.3041 0.3423
vn -0.7873 0.5603 0.2575
vn -0.9073 0.1091 0.4061
vn -0.9059 0.0817 0.4156
vn -0.8932 0.2196 0.3923
vn -0.9798 0.1536 0.1285
vn -0.9369 0.1374 0.3216
vn -0.8933 0.3448 0.2884
vn -0.8782 0.4700 0.0883
vn -0.8670 0.4403 0.2332
vn -0.6766 0.7215 0.1474
vn -0.9302 -0.3553 0.0925
vn -0.9242 -0.2930 0.2450
vn -0.9465 -0.1125 0.3024
vn -0.9219 -0.1649 -0.3506
vn -0.9179 -0.2233 -0.3280
vn -0.9185 -0.0825 -0.3866
vn -0.0053 0.0937 -0.9956
vn -0.0095 0.0798 -0.9968
vn -0.0093 0.0798 -0.9968
vn -0.0096 0.0798 -0.9968
vn -0.0014 0.0835 -0.9965
vn -0.0063 0.0904 -0.9959
vn -0.0064 -0.0772 -0.9970
vn -0.0068 -0.0713 -0.9974
vn -0.0110 -0.0236 -0.9997
vn 0.0148 -0.0383 -0.9992
vn 0.0138 -0.0423 -0.9990
vn 0.0131 -0.0539 -0.9985
vn 0.0136 -0.0511 -0.9986
vn 0.0147 -0.0188 -0.9997
vn 0.8782 0.4700 -0.0884
vn 0.8671 0.4402 -0.2332
vn 0.7173 0.6794 -0.1544
vn 0.9302 -0.3553 -0.0925
vn 0.9242 -0.2929 -0.2450
vn 0.9465 -0.1126 -0.3024
vn 0.9219 -0.1649 0.3506
vn 0.9179 -0.2233 0.3280
vn 0.9186 -0.0825 0.3866
vn 0.0053 0.0937 0.9956
vn 0.0095 0.0798 0.9968
vn 0.0093 0.0798 0.9968
vn 0.0096 0.0798 0.9968
vn 0.0048 0.0924 0.9957
vn 0.0063 0.0903 0.9959
vn 0.0064 -0.0772 0.9970
vn 0.0068 -0.0713 0.9974
vn 0.0109 -0.0236 0.9997
vn -0.0148 -0.0383 0.9992
vn -0.0138 -0.0423 0.9990
vn -0.0131 -0.0539 0.9985
vn -0.0136 -0.0512 0.9986
vn -0.0147 -0.0189 0.9997
vn 0.0868 -0.9960 -0.0205
vn 0.0863 -0.9960 -0.0230
vn 0.0870 -0.9960 -0.0192
vn 0.0898 -0.9946 -0.0517
vn -0.1610 -0.9864 -0.0331
vn -0.0095 -0.9998 -0.0182
vn -0.0100 -0.9998 -0.0155
vn -0.0081 -0.9988 -0.0479
vn -0.0080 -0.9990 -0.0446
vn -0.0093 -0.9991 -0.0415
vn -0.0036 -0.9986 -0.0524
vn -0.0048 -0.9978 0.0659
vn -0.0059 -0.9979 0.0642
vn -0.0078 -0.9984 0.0559
vn -0.0078 -0.9986 0.0516
vn -0.0034 -0.9983 0.0582
vn 0.0472 0.9988 -0.0104
vn 0.0472 0.9988 -0.0128
vn 0.0472 0.9989 -0.0055
vn 0.0530 0.9980 -0.0334
vn -0.1474 0.9885 -0.0331
vn 0.0095 0.9998 -0.0182
vn 0.0100 0.9998 -0.0155
vn 0.0081 0.9988 -0.0479
vn 0.0080 0.9990 -0.0446
vn 0.0093 0.9991 -0.0415
vn 0.0036 0.9986 -0.0524
vn 0.0048 0.9978 0.0659
vn 0.0059 0.9979 0.0642
vn 0.0078 0.9984 0.0559
vn 0.0078 0.9986 0.0516
vn 0.0034 0.9983 0.0582
vn 0.0689 0.9966 0.0453
vn 0.0607 0.9972 0.0438
vn -0.1459 0.9884 0.0413
vn 0.0993 -0.9921 0.0766
vn 0.0941 -0.9930 0.0708
vn -0.1624 -0.9859 0.0413
vn -0.0133 0.0482 0.9987
vn -0.0133 0.0462 0.9988
vn -0.0118 0.0632 0.9979
vn -0.0123 0.0609 0.9981
vn -0.0097 0.0465 0.9989
vn -0.0148 0.0473 0.9988
vn -0.0099 0.0465 0.9989
vn 0.8890 0.3042 0.3423
vn 0.8706 0.3774 0.3156
vn 0.7575 0.6128 0.2251
vn 0.0133 0.0482 -0.9987
vn 0.0133 0.0462 -0.9988
vn 0.0118 0.0632 -0.9979
vn 0.0123 0.0609 -0.9981
vn 0.0097 0.0485 -0.9988
vn 0.0143 0.0489 -0.9987
vn 0.0100 0.0481 -0.9988
vn -0.8890 0.3041 -0.3423
vn -0.8706 0.3774 -0.3156
vn -0.7242 0.6544 -0.2174
vn 0.8856 -0.4619 0.0481
vn 0.9127 -0.3409 0.2255
vn 0.9127 -0.3409 -0.2255
vn 0.8856 -0.4619 -0.0481
vn 0.4964 0.8598 -0.1195
vn 0.0139 0.0453 -0.9989
vn -0.2589 -0.9659 0.0022
vn -0.2596 -0.9657 0.0032
vn 0.0166 0.0287 0.9995
vn -0.0158 -0.0475 -0.9987
vn 0.4998 0.8657 0.0283
vn 0.4998 0.8657 -0.0283
vn -0.2929 -0.9556 0.0336
vn -0.3149 -0.9491 0.0016
vn -0.0059 -0.0198 0.9998
vn -0.0070 -0.0130 0.9999
vn -0.0072 -0.0125 0.9999
vn -0.8856 -0.4619 -0.0481
vn -0.9127 -0.3409 -0.2255
vn -0.9127 -0.3409 0.2255
vn -0.8856 -0.4619 0.0481
vn 0.0149 -0.0344 -0.9993
vn 0.1364 -0.9907 0.0004
vn 0.1369 -0.9906 0.0009
vn 0.1369 -0.9906 -0.0000
vn 0.1413 -0.9899 -0.0071
vn 0.1419 -0.9899 -0.0076
vn -0.3986 0.9169 -0.0207
vn -0.3987 0.9169 -0.0207
vn -0.3986 0.9169 0.0207
vn 0.0078 -0.0193 -0.9998
vn 0.0025 -0.0159 -0.9999
vn 0.0086 -0.0198 -0.9998
vn 0.0078 -0.0193 0.9998
vn 0.0025 -0.0159 0.9999
vn 0.0022 -0.0155 0.9999
vn 0.1758 -0.9844 -0.0052
vn -0.3972 0.9135 -0.0877
vn 0.1981 -0.9799 -0.0221
vn -0.8355 0.4215 -0.3525
vn 0.0144 0.0738 -0.9972
vn 0.8356 0.4214 0.3525
vn -0.0144 0.0738 0.9972
vn -0.1086 -0.9925 0.0552
vn -0.1101 -0.9920 0.0614
vn -0.1107 -0.9917 0.0648
vn -0.0108 0.9975 0.0702
vn -0.0096 0.9978 0.0648
vn -0.0090 0.9973 0.0735
vn -0.0000 0.9961 0.0887
vn 0.0029 0.9957 0.0926
vn 0.0056 0.9965 0.0830
vn 0.0048 0.9997 -0.0259
vn -0.0000 0.9998 -0.0210
vn 0.0120 0.9997 -0.0212
vn -0.0170 0.9998 -0.0144
vn -0.0173 0.9998 -0.0129
vn -0.0168 0.9997 -0.0154
vn -0.0000 -0.9961 0.0887
vn -0.0029 -0.9957 0.0926
vn -0.0056 -0.9965 0.0830
vn -0.0048 -0.9997 -0.0259
vn -0.0000 -0.9998 -0.0210
vn -0.0119 -0.9997 -0.0212
vn -0.1036 -0.9945 -0.0143
vn -0.1032 -0.9946 -0.0123
vn -0.1039 -0.9945 -0.0154
vn -0.0207 -0.0185 0.9996
vn -0.0202 -0.0205 0.9996
vn -0.0195 -0.0262 0.9995
vn 0.0058 -0.0369 0.9993
vn -0.0000 -0.0311 0.9995
vn -0.0000 -0.0373 0.9993
vn 0.0035 0.1317 0.9913
vn -0.0000 0.1269 0.9919
vn 0.0035 0.1286 0.9917
vn 0.8640 -0.0745 0.4980
vn 0.9719 -0.1805 -0.1509
vn 0.8072 0.5849 -0.0801
vn 0.0207 -0.0184 -0.9996
vn 0.0202 -0.0205 -0.9996
vn 0.0195 -0.0262 -0.9995
vn -0.0058 -0.0369 -0.9993
vn -0.0000 -0.0311 -0.9995
vn -0.0000 -0.0372 -0.9993
vn -0.0035 0.1317 -0.9913
vn -0.0000 0.1269 -0.9919
vn -0.0035 0.1287 -0.9917
vn -0.8640 -0.0745 -0.4980
vn -0.9719 -0.1805 0.1510
vn -0.8072 0.5849 0.0801
vn -0.8759 0.4624 0.1378
vn -0.8205 0.3447 0.4561
vn -0.8110 0.4971 0.3085
vn -0.8330 -0.5472 0.0820
vn -0.8643 -0.3859 0.3228
vn -0.8718 -0.1027 0.4790
vn -0.8812 -0.3004 -0.3650
vn -0.8494 -0.4764 -0.2273
vn -0.9154 -0.1408 -0.3772
vn -0.0047 0.0962 -0.9954
vn -0.0000 0.0908 -0.9959
vn -0.0054 0.0915 -0.9958
vn -0.0185 0.0600 -0.9980
vn -0.0192 0.0601 -0.9980
vn -0.0183 0.0599 -0.9980
vn -0.0115 0.0926 -0.9956
vn -0.0129 0.0977 -0.9951
vn -0.0129 0.1001 -0.9949
vn -0.0065 -0.1184 -0.9929
vn -0.0000 -0.1221 -0.9925
vn -0.0000 -0.1269 -0.9919
vn -0.0131 -0.1050 -0.9944
vn -0.0122 -0.0973 -0.9952
vn -0.0125 -0.1048 -0.9944
vn -0.0195 -0.0262 -0.9995
vn -0.0192 -0.0245 -0.9995
vn -0.0153 -0.0328 -0.9993
vn 0.0162 -0.0841 -0.9963
vn 0.0145 -0.0834 -0.9964
vn 0.0147 -0.0836 -0.9964
vn 0.0047 -0.1219 -0.9925
vn 0.0099 -0.1194 -0.9928
vn 0.0065 -0.1184 -0.9929
vn 0.0140 -0.0303 -0.9994
vn 0.0153 -0.0328 -0.9993
vn 0.0058 -0.0369 -0.9993
vn 0.8759 0.4624 -0.1378
vn 0.8205 0.3447 -0.4561
vn 0.8110 0.4971 -0.3085
vn 0.8329 -0.5472 -0.0821
vn 0.8643 -0.3859 -0.3227
vn 0.8640 -0.3864 -0.3227
vn 0.8628 -0.3894 -0.3224
vn 0.8718 -0.1027 -0.4790
vn 0.8812 -0.3005 0.3650
vn 0.8494 -0.4764 0.2273
vn 0.9154 -0.1408 0.3772
vn 0.0047 0.0962 0.9953
vn -0.0000 0.0908 0.9959
vn 0.0054 0.0916 0.9958
vn 0.0185 0.0600 0.9980
vn 0.0192 0.0602 0.9980
vn 0.0183 0.0600 0.9980
vn 0.0117 0.0926 0.9956
vn 0.0129 0.0977 0.9951
vn 0.0129 0.1000 0.9949
vn 0.0065 -0.1184 0.9929
vn -0.0000 -0.1221 0.9925
vn -0.0000 -0.1269 0.9919
vn 0.0131 -0.1049 0.9944
vn 0.0122 -0.0973 0.9952
vn 0.0125 -0.1048 0.9944
vn 0.0195 -0.0262 0.9995
vn 0.0192 -0.0245 0.9995
vn 0.0153 -0.0328 0.9993
vn -0.0162 -0.0838 0.9964
vn -0.0145 -0.0834 0.9964
vn -0.0148 -0.0833 0.9964
vn -0.0048 -0.1229 0.9924
vn -0.0098 -0.1196 0.9928
vn -0.0065 -0.1184 0.9929
vn -0.0140 -0.0303 0.9994
vn -0.0153 -0.0328 0.9993
vn -0.0058 -0.0369 0.9993
vn 0.0122 -0.9997 -0.0234
vn 0.0119 -0.9997 -0.0212
vn 0.0048 -0.9997 -0.0259
vn 0.0078 -0.9964 -0.0842
vn 0.0059 -0.9963 -0.0857
vn 0.0056 -0.9965 -0.0829
vn -0.1083 -0.9925 -0.0568
vn -0.1082 -0.9924 -0.0585
vn -0.1086 -0.9926 -0.0552
vn -0.0863 -0.9959 -0.0262
vn -0.0857 -0.9959 -0.0295
vn -0.0853 -0.9959 -0.0311
vn -0.0902 -0.9885 -0.1212
vn -0.0056 -0.9965 -0.0829
vn -0.0000 -0.9964 -0.0853
vn -0.0084 -0.9969 -0.0780
vn -0.0957 -0.9859 0.1373
vn -0.0866 -0.9926 0.0855
vn -0.0000 -0.9980 0.0632
vn -0.0070 -0.9975 0.0706
vn -0.0073 -0.9979 0.0645
vn -0.0128 0.9997 -0.0230
vn -0.0119 0.9997 -0.0212
vn -0.0048 0.9997 -0.0259
vn -0.0109 0.9974 -0.0713
vn -0.0059 0.9963 -0.0857
vn -0.0056 0.9965 -0.0830
vn -0.0122 0.9983 -0.0568
vn -0.0135 0.9983 -0.0559
vn -0.0120 0.9984 -0.0552
vn 0.0163 0.9997 -0.0184
vn 0.0161 0.9997 -0.0171
vn 0.0173 0.9998 -0.0129
vn 0.0123 0.9984 -0.0544
vn 0.0137 0.9982 -0.0589
vn 0.0141 0.9986 -0.0504
vn 0.0056 0.9965 -0.0830
vn -0.0000 0.9964 -0.0853
vn 0.0059 0.9963 -0.0857
vn 0.0109 0.9974 0.0713
vn 0.0091 0.9971 0.0754
vn 0.0109 0.9978 0.0652
vn 0.0161 0.9990 0.0421
vn 0.0149 0.9989 0.0439
vn 0.0154 0.9990 0.0420
vn -0.0000 0.9980 0.0631
vn 0.0070 0.9975 0.0706
vn 0.0073 0.9979 0.0645
vn -0.0056 0.9965 0.0830
vn -0.0067 0.9963 0.0856
vn -0.0029 0.9957 0.0926
vn -0.0104 0.9983 0.0578
vn -0.0113 0.9981 0.0606
vn -0.0047 0.9977 0.0676
vn -0.0163 0.9992 0.0356
vn -0.0152 0.9991 0.0392
vn -0.0143 0.9987 0.0495
vn 0.0056 -0.9965 0.0830
vn 0.0063 -0.9962 0.0871
vn 0.0029 -0.9957 0.0926
vn 0.0104 -0.9983 0.0578
vn 0.0106 -0.9980 0.0620
vn 0.0047 -0.9977 0.0676
vn -0.1042 -0.9940 0.0341
vn -0.1052 -0.9937 0.0392
vn -0.1058 -0.9935 0.0418
vn -0.0201 0.0448 0.9988
vn -0.0144 0.0771 0.9969
vn -0.0161 0.0813 0.9966
vn -0.0155 0.0773 0.9969
vn -0.0093 0.1123 0.9936
vn -0.0096 0.1124 0.9936
vn -0.0097 0.1124 0.9936
vn 0.8322 0.2702 0.4841
vn 0.8381 0.4185 0.3500
vn 0.8013 0.5573 0.2176
vn 0.0201 0.0449 -0.9988
vn 0.0144 0.0771 -0.9969
vn 0.0161 0.0813 -0.9966
vn 0.0155 0.0773 -0.9969
vn 0.0093 0.1124 -0.9936
vn 0.0096 0.1124 -0.9936
vn 0.0097 0.1125 -0.9936
vn -0.8322 0.2702 -0.4841
vn -0.8381 0.4184 -0.3499
vn -0.8013 0.5574 -0.2176
vn -0.7993 0.5312 -0.2809
vn -0.8154 0.5690 -0.1065
vn -0.8072 0.5849 -0.0801
vn -0.9015 0.1697 -0.3981
vn -0.9677 0.1935 -0.1618
vn -0.8759 0.4624 -0.1378
vn -0.8509 0.1009 -0.5156
vn -0.8559 0.1337 -0.4995
vn -0.8205 0.3447 -0.4561
vn 0.0084 0.1002 -0.9949
vn 0.0129 0.0977 -0.9951
vn 0.0122 0.0973 -0.9952
vn 0.0031 0.1240 -0.9923
vn 0.0038 0.1283 -0.9917
vn 0.0047 0.1219 -0.9925
vn 0.0035 0.1317 -0.9913
vn 0.0140 0.0303 -0.9994
vn 0.0153 0.0328 -0.9993
vn 0.0192 0.0245 -0.9995
vn -0.0000 0.0311 -0.9995
vn 0.0058 0.0368 -0.9993
vn 0.0055 0.0917 -0.9958
vn 0.0207 0.0185 -0.9996
vn 0.0202 0.0205 -0.9996
vn 0.0210 0.0162 -0.9996
vn 0.0195 0.0262 -0.9995
vn 0.0192 0.0601 -0.9980
vn 0.0178 0.0627 -0.9979
vn 0.0183 0.0599 -0.9980
vn 0.7993 0.5312 0.2808
vn 0.8154 0.5690 0.1065
vn 0.8072 0.5849 0.0801
vn 0.9015 0.1696 0.3981
vn 0.9676 0.1935 0.1619
vn 0.8759 0.4624 0.1378
vn 0.8509 0.1009 0.5156
vn 0.8559 0.1337 0.4995
vn 0.8205 0.3447 0.4561
vn -0.0084 0.1002 0.9949
vn -0.0129 0.0977 0.9951
vn -0.0122 0.0973 0.9952
vn -0.0031 0.1240 0.9923
vn -0.0038 0.1283 0.9917
vn -0.0048 0.1228 0.9924
vn -0.0035 0.1317 0.9913
vn -0.0140 0.0303 0.9994
vn -0.0153 0.0328 0.9993
vn -0.0192 0.0245 0.9995
vn -0.0000 0.0311 0.9995
vn -0.0058 0.0369 0.9993
vn -0.0060 0.0902 0.9959
vn -0.0207 0.0185 0.9996
vn -0.0202 0.0205 0.9996
vn -0.0210 0.0162 0.9996
vn -0.0195 0.0262 0.9995
vn -0.0192 0.0602 0.9980
vn -0.0178 0.0627 0.9979
vn -0.0183 0.0600 0.9980
vn 0.0670 -0.9952 0.0709
vn 0.0680 -0.9955 0.0658
vn 0.0685 -0.9956 0.0633
vn 0.0659 -0.9975 0.0259
vn 0.0662 -0.9975 0.0242
vn 0.0664 -0.9975 0.0234
vn -0.1032 -0.9946 0.0123
vn -0.1037 -0.9945 0.0144
vn -0.1039 -0.9945 0.0154
vn -0.0000 -0.9976 0.0687
vn -0.0000 -0.9998 0.0210
vn 0.0048 -0.9997 0.0259
vn -0.0000 -0.9997 0.0261
vn 0.0119 -0.9997 0.0212
vn 0.0122 -0.9997 0.0234
vn -0.0000 -0.9956 0.0940
vn -0.0000 -0.9964 0.0853
vn 0.0084 -0.9969 0.0780
vn 0.0081 -0.9966 0.0824
vn -0.0148 0.9988 0.0468
vn -0.0161 0.9997 0.0171
vn -0.0163 0.9997 0.0183
vn -0.0128 0.9997 0.0230
vn -0.0173 0.9998 0.0129
vn -0.0170 0.9998 0.0144
vn -0.0000 0.9976 0.0687
vn -0.0000 0.9998 0.0210
vn -0.0048 0.9997 0.0259
vn -0.0000 0.9997 0.0260
vn -0.0120 0.9997 0.0212
vn -0.0000 0.9956 0.0940
vn -0.0000 0.9964 0.0853
vn -0.0084 0.9969 0.0781
vn -0.0103 0.9975 0.0697
vn 0.0121 0.9985 0.0540
vn 0.0134 0.9983 0.0571
vn 0.0129 0.9984 0.0541
vn 0.0120 0.9997 0.0212
vn 0.0128 0.9997 0.0230
vn 0.0161 0.9997 0.0171
vn 0.0048 0.9997 0.0259
vn 0.0168 0.9994 0.0314
vn 0.0173 0.9998 0.0129
vn 0.0170 0.9998 0.0143
vn 0.0176 0.9998 0.0113
vn 0.0163 0.9997 0.0183
vn 0.0120 0.9984 0.0552
vn 0.0103 0.9981 0.0614
vn 0.0122 0.9983 0.0568
vn 0.0148 0.9989 0.0451
vn 0.0147 0.9990 0.0427
vn 0.0135 0.9983 0.0560
vn 0.0108 0.9976 -0.0685
vn 0.0101 0.9972 -0.0734
vn 0.0106 0.9972 -0.0735
vn 0.0067 0.9963 -0.0856
vn 0.0079 0.9965 -0.0832
vn 0.0029 0.9957 -0.0926
vn -0.0000 0.9961 -0.0887
vn 0.0125 0.9984 -0.0549
vn 0.0148 0.9989 -0.0451
vn 0.0121 0.9986 -0.0517
vn 0.0103 0.9978 -0.0651
vn 0.0108 0.9975 -0.0702
vn 0.0170 0.9998 -0.0144
vn 0.0176 0.9998 -0.0113
vn 0.0152 0.9991 -0.0392
vn 0.0163 0.9992 -0.0356
vn 0.0168 0.9994 -0.0314
vn 0.0143 0.9987 -0.0495
vn 0.0148 0.9988 -0.0468
vn -0.0110 0.9972 -0.0736
vn -0.0103 0.9976 -0.0682
vn -0.0105 0.9972 -0.0735
vn -0.0091 0.9971 -0.0754
vn -0.0067 0.9963 -0.0857
vn -0.0103 0.9981 -0.0614
vn -0.0096 0.9978 -0.0648
vn -0.0029 0.9957 -0.0926
vn -0.0000 0.9956 -0.0940
vn -0.0000 0.9997 -0.0260
vn -0.0070 0.9975 -0.0706
vn -0.0000 0.9980 -0.0631
vn -0.0000 0.9976 -0.0687
vn -0.0073 0.9979 -0.0645
vn -0.0121 -0.9985 0.0540
vn -0.0119 -0.9997 0.0212
vn -0.0122 -0.9997 0.0233
vn -0.0128 -0.9997 0.0201
vn -0.0048 -0.9997 0.0259
vn 0.1531 -0.9876 0.0341
vn 0.1550 -0.9869 0.0438
vn 0.1526 -0.9878 0.0314
vn 0.1521 -0.9883 0.0123
vn 0.1525 -0.9882 0.0144
vn 0.1519 -0.9883 0.0113
vn -0.0857 -0.9959 0.0295
vn -0.0863 -0.9959 0.0262
vn -0.0853 -0.9959 0.0311
vn 0.1574 -0.9860 0.0552
vn 0.1588 -0.9854 0.0614
vn 0.1570 -0.9860 0.0568
vn 0.1545 -0.9870 0.0443
vn 0.1545 -0.9870 0.0451
vn -0.0902 -0.9885 0.1212
vn -0.0081 -0.9966 -0.0824
vn -0.0101 -0.9973 -0.0734
vn -0.0063 -0.9962 -0.0871
vn -0.0030 -0.9957 -0.0925
vn -0.0000 -0.9961 -0.0887
vn 0.1591 -0.9857 -0.0558
vn 0.1552 -0.9867 -0.0485
vn 0.1545 -0.9870 -0.0451
vn 0.1660 -0.9849 -0.0488
vn 0.1571 -0.9861 -0.0534
vn -0.0957 -0.9859 -0.1373
vn 0.1525 -0.9882 -0.0144
vn 0.1521 -0.9883 -0.0123
vn 0.1519 -0.9883 -0.0113
vn 0.1541 -0.9873 -0.0392
vn 0.1531 -0.9876 -0.0341
vn 0.1526 -0.9878 -0.0314
vn -0.0866 -0.9926 -0.0855
vn 0.0718 -0.9936 -0.0873
vn 0.0760 -0.9925 -0.0953
vn -0.1101 -0.9920 -0.0614
vn -0.1107 -0.9917 -0.0648
vn 0.0030 -0.9957 -0.0926
vn -0.0000 -0.9956 -0.0940
vn 0.0063 -0.9962 -0.0871
vn -0.0000 -0.9997 -0.0261
vn 0.0070 -0.9975 -0.0706
vn -0.0000 -0.9980 -0.0632
vn -0.0000 -0.9976 -0.0687
vn 0.0101 -0.9977 -0.0669
vn 0.0073 -0.9979 -0.0645
vn -0.0120 -0.0924 0.9957
vn -0.0000 -0.0908 0.9959
vn -0.0047 -0.0962 0.9953
vn -0.0000 -0.0979 0.9952
vn -0.0069 -0.1282 0.9917
vn -0.0035 -0.1317 0.9913
vn -0.0000 -0.1338 0.9910
vn 0.0247 -0.2173 0.9758
vn -0.0209 -0.1157 0.9931
vn -0.0200 -0.1152 0.9931
vn -0.0126 -0.1048 0.9944
vn -0.0131 -0.1049 0.9944
vn -0.0125 -0.1048 0.9944
vn 0.0162 -0.0800 0.9967
vn 0.0155 -0.0773 0.9969
vn 0.0161 -0.0813 0.9966
vn 0.0176 -0.0610 0.9980
vn 0.0183 -0.0599 0.9980
vn 0.0179 -0.0626 0.9979
vn 0.0202 -0.0205 0.9996
vn 0.0207 -0.0185 0.9996
vn 0.0178 -0.1148 0.9932
vn 0.0099 -0.1194 0.9928
vn 0.0171 -0.1144 0.9933
vn -0.0069 -0.1560 0.9877
vn 0.0145 -0.0834 0.9964
vn 0.0148 -0.0833 0.9964
vn 0.0035 -0.1317 0.9913
vn 0.0069 -0.1282 0.9917
vn 0.0048 -0.1229 0.9924
vn 0.0147 0.0777 0.9969
vn 0.0164 0.0840 0.9963
vn 0.0162 0.0841 0.9963
vn 0.0176 0.0644 0.9978
vn 0.0144 0.0738 0.9972
vn 0.0145 0.0810 0.9966
vn 0.0195 0.0262 0.9995
vn 0.0192 0.0245 0.9995
vn 0.0207 0.0185 0.9996
vn 0.0202 0.0205 0.9996
vn 0.0210 0.0162 0.9996
vn 0.0201 0.0448 0.9988
vn 0.0058 0.0369 0.9993
vn 0.0140 0.0303 0.9994
vn 0.0153 0.0328 0.9993
vn 0.0153 0.0772 0.9969
vn 0.0144 0.0771 0.9969
vn 0.0155 0.0773 0.9969
vn 0.8809 -0.3631 0.3037
vn 0.8911 -0.4390 0.1147
vn 0.9719 -0.1805 0.1510
vn 0.8988 -0.4001 0.1792
vn -0.3669 -0.9277 0.0685
vn 0.8330 -0.5472 0.0821
vn 0.4997 0.8655 -0.0364
vn 0.4997 0.8655 -0.0365
vn 0.9053 -0.3375 0.2580
vn 0.8641 -0.3865 0.3225
vn 0.8642 -0.3859 0.3228
vn 0.8629 -0.3895 0.3222
vn 0.8696 -0.2782 -0.4079
vn 0.8734 -0.2078 -0.4404
vn 0.8640 -0.0745 -0.4980
vn 0.9053 -0.3375 -0.2580
vn 0.4997 0.8655 0.0365
vn 0.4996 0.8655 0.0365
vn 0.8812 -0.3005 -0.3651
vn -0.0248 -0.0594 -0.9979
vn 0.8988 -0.4001 -0.1792
vn 0.8493 -0.4764 -0.2273
vn 0.8019 0.4583 -0.3833
vn 0.8249 0.3751 -0.4228
vn 0.8355 0.4215 -0.3525
vn 0.8560 0.1336 -0.4995
vn 0.8509 0.1009 -0.5156
vn 0.8322 0.2702 -0.4841
vn 0.9677 0.1935 -0.1618
vn 0.9015 0.1697 -0.3981
vn 0.8381 0.4185 -0.3499
vn 0.0120 -0.0924 -0.9957
vn -0.0000 -0.0908 -0.9959
vn 0.0047 -0.0962 -0.9953
vn -0.0000 -0.0979 -0.9952
vn 0.0069 -0.1281 -0.9917
vn 0.0036 -0.1316 -0.9913
vn -0.0000 -0.1337 -0.9910
vn -0.0069 -0.1561 -0.9877
vn 0.0178 -0.1148 -0.9932
vn 0.0171 -0.1144 -0.9933
vn 0.0126 -0.1049 -0.9944
vn 0.0131 -0.1050 -0.9944
vn 0.0125 -0.1048 -0.9944
vn -0.0162 -0.0799 -0.9967
vn -0.0155 -0.0773 -0.9969
vn -0.0161 -0.0813 -0.9966
vn -0.0176 -0.0609 -0.9980
vn -0.0183 -0.0599 -0.9980
vn -0.0178 -0.0627 -0.9979
vn -0.0202 -0.0205 -0.9996
vn -0.0207 -0.0185 -0.9996
vn -0.0209 -0.1157 -0.9931
vn -0.0098 -0.1196 -0.9928
vn -0.0200 -0.1152 -0.9931
vn 0.0248 -0.2175 -0.9758
vn -0.0145 -0.0834 -0.9964
vn -0.0147 -0.0836 -0.9964
vn -0.0035 -0.1317 -0.9913
vn -0.0069 -0.1281 -0.9917
vn -0.0046 -0.1219 -0.9925
vn -0.0147 0.0778 -0.9969
vn -0.0164 0.0840 -0.9963
vn -0.0162 0.0837 -0.9964
vn -0.0176 0.0644 -0.9978
vn -0.0144 0.0738 -0.9972
vn -0.0145 0.0810 -0.9966
vn -0.0195 0.0262 -0.9995
vn -0.0192 0.0245 -0.9995
vn -0.0207 0.0185 -0.9996
vn -0.0202 0.0205 -0.9996
vn -0.0210 0.0162 -0.9996
vn -0.0201 0.0449 -0.9988
vn -0.0058 0.0368 -0.9993
vn -0.0140 0.0303 -0.9994
vn -0.0153 0.0328 -0.9993
vn -0.0153 0.0772 -0.9969
vn -0.0144 0.0771 -0.9969
vn -0.0155 0.0773 -0.9969
vn -0.8808 -0.3632 -0.3037
vn -0.8911 -0.4390 -0.1146
vn -0.9719 -0.1805 -0.1510
vn -0.9090 -0.3757 -0.1806
vn -0.3961 0.9109 -0.1154
vn -0.8330 -0.5472 -0.0820
vn 0.1313 -0.9913 0.0071
vn -0.9122 -0.3177 -0.2588
vn -0.8642 -0.3859 -0.3227
vn -0.8696 -0.2782 0.4079
vn -0.8734 -0.2077 0.4404
vn -0.8640 -0.0745 0.4980
vn -0.9122 -0.3177 0.2588
vn 0.0098 -0.0241 0.9997
vn 0.0018 -0.0194 0.9998
vn 0.0015 -0.0192 0.9998
vn -0.8812 -0.3005 0.3651
vn 0.0099 -0.0240 -0.9997
vn 0.0021 -0.0191 -0.9998
vn 0.0107 -0.0247 -0.9996
vn -0.9090 -0.3757 0.1806
vn -0.8494 -0.4763 0.2273
vn -0.8019 0.4583 0.3833
vn -0.8249 0.3752 0.4228
vn -0.8356 0.4214 0.3525
vn -0.8560 0.1337 0.4995
vn -0.8508 0.1009 0.5156
vn -0.8322 0.2702 0.4841
vn -0.9677 0.1935 0.1618
vn -0.9015 0.1697 0.3981
vn -0.8381 0.4184 0.3499
vn -0.8154 0.5690 0.1065
vn -0.7993 0.5312 0.2809
vn -0.8013 0.5573 0.2176
vn -0.8911 -0.4390 0.1146
vn -0.8809 -0.3631 0.3037
vn -0.9154 -0.1408 0.3772
vn -0.8734 -0.2078 -0.4404
vn -0.8696 -0.2782 -0.4079
vn -0.8718 -0.1026 -0.4790
vn -0.0086 0.1159 -0.9932
vn -0.0045 0.1217 -0.9926
vn -0.0047 0.1219 -0.9925
vn -0.0120 0.1015 -0.9948
vn -0.0122 0.0973 -0.9952
vn -0.0096 0.1124 -0.9936
vn -0.0094 0.1185 -0.9929
vn -0.0084 -0.1002 -0.9949
vn -0.0060 -0.0902 -0.9959
vn -0.0140 -0.0303 -0.9994
vn 0.0183 -0.0599 -0.9980
vn 0.0176 -0.0610 -0.9980
vn 0.0178 -0.0627 -0.9979
vn 0.0155 -0.0773 -0.9969
vn 0.0164 -0.0774 -0.9969
vn 0.0153 -0.0772 -0.9969
vn 0.0192 -0.0245 -0.9995
vn 0.8154 0.5690 -0.1065
vn 0.7993 0.5312 -0.2808
vn 0.8013 0.5574 -0.2175
vn 0.8911 -0.4390 -0.1146
vn 0.8809 -0.3631 -0.3037
vn 0.9154 -0.1408 -0.3772
vn 0.8734 -0.2077 0.4404
vn 0.8696 -0.2782 0.4079
vn 0.8718 -0.1026 0.4790
vn 0.0086 0.1159 0.9932
vn 0.0045 0.1216 0.9926
vn 0.0047 0.1229 0.9924
vn 0.0120 0.1015 0.9948
vn 0.0122 0.0973 0.9952
vn 0.0096 0.1124 0.9936
vn 0.0094 0.1185 0.9929
vn 0.0084 -0.1002 0.9949
vn 0.0060 -0.0902 0.9959
vn 0.0140 -0.0303 0.9994
vn -0.0183 -0.0599 0.9980
vn -0.0176 -0.0610 0.9980
vn -0.0179 -0.0626 0.9979
vn -0.0155 -0.0773 0.9969
vn -0.0163 -0.0774 0.9969
vn -0.0153 -0.0772 0.9969
vn -0.0192 -0.0245 0.9995
vn 0.0662 -0.9975 -0.0242
vn 0.0659 -0.9975 -0.0259
vn 0.0664 -0.9975 -0.0234
vn 0.0680 -0.9955 -0.0659
vn 0.0670 -0.9952 -0.0709
vn 0.0685 -0.9956 -0.0633
vn -0.1061 -0.9934 -0.0439
vn -0.1042 -0.9940 -0.0341
vn -0.1058 -0.9934 -0.0442
vn -0.0122 -0.9997 -0.0233
vn -0.0128 -0.9997 -0.0201
vn -0.0106 -0.9980 -0.0620
vn -0.0104 -0.9983 -0.0578
vn -0.0121 -0.9985 -0.0540
vn -0.0047 -0.9977 -0.0676
vn -0.0063 -0.9962 0.0871
vn -0.0078 -0.9964 0.0842
vn -0.0101 -0.9973 0.0734
vn -0.0101 -0.9977 0.0669
vn -0.0059 -0.9963 0.0857
vn -0.0160 0.9997 -0.0203
vn -0.0144 0.9997 -0.0202
vn -0.0129 0.9984 -0.0541
vn -0.0134 0.9983 -0.0570
vn -0.0142 0.9989 -0.0439
vn -0.0163 0.9992 -0.0356
vn -0.0149 0.9989 -0.0439
vn 0.0128 0.9997 -0.0230
vn 0.0113 0.9981 -0.0605
vn 0.0104 0.9983 -0.0578
vn 0.0047 0.9977 -0.0676
vn 0.0067 0.9963 0.0856
vn 0.0105 0.9972 0.0735
vn 0.0103 0.9976 0.0682
vn 0.0059 0.9963 0.0857
vn -0.0106 0.9972 0.0735
vn -0.0141 0.9986 0.0504
vn -0.0125 0.9984 0.0549
vn -0.0124 0.9984 0.0544
vn 0.0760 -0.9925 0.0953
vn 0.0718 -0.9936 0.0873
vn -0.1064 -0.9931 0.0486
vn -0.1080 -0.9926 0.0549
vn -0.0176 0.0644 0.9978
vn -0.0176 0.0610 0.9980
vn -0.0146 0.0836 0.9964
vn -0.0162 0.0799 0.9967
vn -0.0116 0.0926 0.9956
vn -0.0129 0.1001 0.9949
vn 0.8249 0.3752 0.4228
vn 0.8019 0.4583 0.3833
vn 0.8110 0.4971 0.3085
vn 0.0176 0.0644 -0.9978
vn 0.0176 0.0610 -0.9980
vn 0.0148 0.0833 -0.9964
vn 0.0162 0.0799 -0.9967
vn 0.0117 0.0926 -0.9956
vn 0.0129 0.1001 -0.9949
vn -0.8249 0.3751 -0.4228
vn -0.8019 0.4583 -0.3833
vn -0.8110 0.4971 -0.3085
vn 0.8220 -0.5664 0.0593
vn 0.8910 -0.3483 0.2913
vn 0.8910 -0.3483 -0.2913
vn 0.8219 -0.5665 -0.0593
vn -0.3861 -0.9217 -0.0377
vn -0.0123 -0.0223 0.9997
vn -0.0075 -0.0194 0.9998
vn -0.0132 -0.0229 0.9997
vn -0.0123 -0.0223 -0.9997
vn -0.0076 -0.0194 -0.9998
vn -0.0068 -0.0189 -0.9998
vn -0.0258 -0.0447 0.9987
vn 0.4938 0.8553 0.1569
vn -0.3353 -0.9420 0.0112
vn -0.3385 -0.9409 0.0056
vn -0.3347 -0.9422 0.0122
vn 0.4938 0.8553 -0.1569
vn 0.0221 0.0559 -0.9982
vn -0.3353 -0.9420 -0.0112
vn -0.3385 -0.9409 -0.0056
vn -0.3391 -0.9407 -0.0047
vn 0.0233 0.0404 0.9989
vn -0.8219 -0.5665 -0.0593
vn -0.8910 -0.3483 -0.2913
vn -0.8910 -0.3483 0.2913
vn -0.8220 -0.5664 0.0593
vn 0.1667 -0.9848 -0.0487
vn 0.0077 -0.0452 0.9989
vn -0.3961 0.9109 0.1154
vn -0.0056 0.0421 0.9991
vn -0.0239 0.0550 -0.9982
vn 0.0257 -0.0590 -0.9979
vn 0.0705 -0.9975 0.0066
vn 0.0770 -0.9969 0.0151
vn 0.0697 -0.9976 0.0056
vn -0.3986 0.9167 -0.0266
vn -0.3986 0.9167 -0.0267
vn -0.3986 0.9168 -0.0267
vn 0.0705 -0.9975 -0.0066
vn 0.0770 -0.9969 -0.0151
vn 0.0777 -0.9968 -0.0161
vn -0.3986 0.9167 0.0267
vn -0.3986 0.9167 0.0266
vn -0.6329 0.5234 -0.5705
vn 0.5705 0.5235 -0.6329
vn 0.6328 0.5236 0.5705
vn -0.5706 0.5233 0.6329
vn 0.5235 -0.6329 0.5705
vn -0.5236 0.6329 0.5704
vn 0.0984 0.7609 0.6414
vn 0.1196 0.9856 -0.1196
vn 0.1214 0.9856 -0.1178
vn -0.6414 0.7609 -0.0985
vn -0.0984 -0.7608 0.6415
vn -0.1196 -0.9856 -0.1196
vn -0.1214 -0.9856 -0.1178
vn 0.6414 -0.7609 -0.0984
vn -0.6414 -0.0984 0.7609
vn 0.1196 -0.1196 0.9856
vn 0.1179 -0.1212 0.9856
vn 0.0985 0.6414 0.7609
vn 0.7609 -0.0984 0.6414
vn 0.9856 -0.1196 -0.1196
vn 0.9856 -0.1213 -0.1179
vn 0.7609 0.6414 -0.0984
vn 0.6414 -0.0984 -0.7609
vn -0.1196 -0.1196 -0.9856
vn -0.1178 -0.1214 -0.9856
vn -0.0985 0.6414 -0.7609
vn -0.7609 -0.0984 -0.6414
vn -0.9856 -0.1196 0.1196
vn -0.9856 -0.1213 0.1178
vn -0.7609 0.6414 0.0984
vn -0.9322 0.3450 0.1097
vn -0.9341 0.3367 0.1186
vn -0.9345 0.3359 0.1181
vn -0.8101 0.2842 0.5128
vn -0.6914 0.5700 0.4439
vn -0.8466 -0.5232 0.0981
vn -0.7547 -0.4835 0.4433
vn -0.8521 -0.1094 0.5118
vn -0.6914 -0.4440 -0.5699
vn -0.8102 -0.5127 -0.2842
vn -0.9351 -0.1161 -0.3349
vn -0.9326 -0.1088 -0.3441
vn -0.9345 -0.1181 -0.3359
vn -0.1094 0.3446 -0.9323
vn -0.1135 0.3405 -0.9334
vn -0.1181 0.3359 -0.9345
vn -0.5128 0.2841 -0.8101
vn -0.4439 0.5699 -0.6915
vn -0.0982 -0.5231 -0.8466
vn -0.4433 -0.4836 -0.7547
vn -0.5118 -0.1095 -0.8521
vn 0.5698 -0.4440 -0.6915
vn 0.2842 -0.5128 -0.8101
vn 0.3405 -0.1135 -0.9334
vn 0.3449 -0.1097 -0.9322
vn 0.3359 -0.1180 -0.9345
vn 0.9324 0.3446 -0.1094
vn 0.9334 0.3404 -0.1136
vn 0.9345 0.3358 -0.1182
vn 0.8102 0.2841 -0.5128
vn 0.6914 0.5699 -0.4440
vn 0.8465 -0.5233 -0.0981
vn 0.7547 -0.4836 -0.4435
vn 0.8521 -0.1094 -0.5118
vn 0.6915 -0.4439 0.5700
vn 0.8101 -0.5128 0.2841
vn 0.9334 -0.1135 0.3405
vn 0.9322 -0.1097 0.3449
vn 0.9345 -0.1180 0.3359
vn 0.1088 0.3441 0.9326
vn 0.1155 0.3347 0.9352
vn 0.1182 0.3359 0.9345
vn 0.5128 0.2842 0.8101
vn 0.4440 0.5698 0.6915
vn 0.0982 -0.5232 0.8465
vn 0.4434 -0.4835 0.7547
vn 0.5118 -0.1095 0.8521
vn -0.5699 -0.4439 0.6915
vn -0.2841 -0.5128 0.8101
vn -0.3349 -0.1163 0.9350
vn -0.3442 -0.1089 0.9326
vn -0.3359 -0.1181 0.9345
vn 0.3449 -0.9322 -0.1097
vn 0.3405 -0.9334 -0.1135
vn 0.3359 -0.9345 -0.1180
vn 0.2841 -0.8101 -0.5129
vn 0.5699 -0.6915 -0.4439
vn -0.5232 -0.8465 -0.0981
vn -0.4837 -0.7547 -0.4434
vn -0.1094 -0.8521 -0.5119
vn -0.4439 -0.6915 0.5699
vn -0.5128 -0.8101 0.2841
vn -0.1189 -0.9340 0.3370
vn -0.1097 -0.9322 0.3449
vn -0.1180 -0.9345 0.3359
vn -0.3450 0.9322 -0.1098
vn -0.3371 0.9339 -0.1190
vn -0.3359 0.9345 -0.1180
vn -0.2841 0.8101 -0.5129
vn -0.5700 0.6914 -0.4439
vn 0.5234 0.8464 -0.0981
vn 0.4837 0.7547 -0.4434
vn 0.1094 0.8521 -0.5119
vn 0.4440 0.6915 0.5698
vn 0.5127 0.8102 0.2841
vn 0.1191 0.9338 0.3373
vn 0.1098 0.9322 0.3450
vn 0.1180 0.9344 0.3361
vn -0.2542 0.7231 0.6423
vn -0.3134 0.8879 0.3366
vn -0.6117 0.7381 0.2846
vn 0.2542 -0.7230 0.6424
vn 0.3133 -0.8879 0.3367
vn 0.6116 -0.7382 0.2846
vn -0.6423 0.2542 0.7231
vn -0.3367 0.3133 0.8880
vn -0.2847 0.6116 0.7382
vn 0.7231 0.2542 0.6423
vn 0.8880 0.3133 0.3367
vn 0.7382 0.6117 0.2846
vn 0.6423 0.2541 -0.7231
vn 0.3367 0.3134 -0.8879
vn 0.2847 0.6115 -0.7382
vn -0.7231 0.2542 -0.6423
vn -0.8879 0.3133 -0.3367
vn -0.7382 0.6116 -0.2846
vn -0.8176 0.4826 -0.3141
vn -0.8521 0.5117 -0.1095
vn -0.7609 0.6414 -0.0984
vn -0.9352 0.1157 -0.3347
vn -0.9326 0.1088 -0.3440
vn -0.9323 0.1091 -0.3449
vn -0.9856 0.1196 -0.1196
vn -0.9856 0.1179 -0.1214
vn -0.9354 0.3345 -0.1145
vn -0.9327 0.3439 -0.1086
vn -0.9345 0.3359 -0.1182
vn -0.7526 0.0872 -0.6527
vn -0.8465 0.0982 -0.5232
vn -0.8101 0.2841 -0.5129
vn 0.3141 0.4827 -0.8175
vn 0.1095 0.5118 -0.8521
vn 0.0985 0.6414 -0.7609
vn 0.3405 0.1135 -0.9334
vn 0.3449 0.1096 -0.9322
vn 0.3448 0.1091 -0.9323
vn 0.1196 0.1196 -0.9856
vn 0.1214 0.1178 -0.9856
vn 0.1135 0.3405 -0.9334
vn 0.1094 0.3446 -0.9324
vn 0.1181 0.3359 -0.9345
vn 0.6527 0.0872 -0.7526
vn 0.5232 0.0982 -0.8465
vn 0.5129 0.2841 -0.8101
vn 0.8175 0.4827 0.3141
vn 0.8521 0.5119 0.1094
vn 0.7609 0.6414 0.0984
vn 0.9334 0.1135 0.3405
vn 0.9322 0.1097 0.3449
vn 0.9323 0.1091 0.3448
vn 0.9856 0.1196 0.1196
vn 0.9856 0.1178 0.1214
vn 0.9334 0.3404 0.1135
vn 0.9322 0.3449 0.1097
vn 0.9345 0.3359 0.1181
vn 0.7527 0.0873 0.6526
vn 0.8466 0.0982 0.5231
vn 0.8101 0.2842 0.5128
vn -0.3141 0.4828 0.8175
vn -0.1094 0.5118 0.8521
vn -0.0985 0.6414 0.7609
vn -0.3349 0.1161 0.9351
vn -0.3441 0.1089 0.9326
vn -0.3449 0.1091 0.9323
vn -0.1196 0.1196 0.9856
vn -0.1213 0.1179 0.9856
vn -0.1157 0.3347 0.9352
vn -0.1089 0.3441 0.9326
vn -0.1182 0.3359 0.9345
vn -0.6528 0.0871 0.7525
vn -0.5231 0.0982 0.8466
vn -0.5128 0.2842 0.8101
vn 0.4827 -0.8175 0.3141
vn 0.5118 -0.8521 0.1094
vn 0.6414 -0.7609 0.0984
vn 0.1189 -0.9340 0.3370
vn 0.1097 -0.9322 0.3449
vn 0.1091 -0.9323 0.3448
vn 0.1196 -0.9856 0.1196
vn 0.1178 -0.9856 0.1214
vn 0.3371 -0.9339 0.1189
vn 0.3449 -0.9322 0.1097
vn 0.3359 -0.9345 0.1180
vn 0.0872 -0.7526 0.6527
vn 0.0981 -0.8466 0.5231
vn 0.2842 -0.8101 0.5127
vn -0.4826 0.8176 0.3141
vn -0.5117 0.8521 0.1094
vn -0.6415 0.7608 0.0984
vn -0.1191 0.9338 0.3373
vn -0.1098 0.9322 0.3450
vn -0.1090 0.9323 0.3449
vn -0.1196 0.9856 0.1195
vn -0.1179 0.9856 0.1213
vn -0.3371 0.9339 0.1190
vn -0.3450 0.9322 0.1098
vn -0.3359 0.9345 0.1180
vn -0.0871 0.7526 0.6527
vn -0.0981 0.8466 0.5231
vn -0.2842 0.8101 0.5128
vn 0.3367 0.8879 0.3133
vn 0.3371 0.9339 0.1190
vn 0.3450 0.9322 0.1098
vn 0.3448 0.9323 0.1091
vn 0.1196 0.9856 0.1195
vn 0.1214 0.9856 0.1178
vn 0.6424 0.7230 0.2542
vn 0.6528 0.7525 0.0871
vn 0.5231 0.8466 0.0981
vn 0.5705 0.6329 0.5235
vn 0.6125 0.6809 0.4015
vn 0.4835 0.7547 0.4435
vn 0.3141 0.8175 -0.4828
vn 0.2846 0.7382 -0.6116
vn 0.0984 0.7609 -0.6414
vn 0.6124 0.6810 -0.4016
vn 0.5705 0.6329 -0.5235
vn 0.4439 0.6915 -0.5699
vn 0.6528 0.7525 -0.0871
vn 0.6423 0.7231 -0.2542
vn 0.5128 0.8101 -0.2842
vn -0.4434 0.7547 -0.4837
vn -0.4015 0.6809 -0.6125
vn -0.5235 0.6329 -0.5705
vn -0.0981 0.8465 -0.5233
vn -0.0871 0.7526 -0.6527
vn -0.2542 0.7231 -0.6423
vn -0.1196 0.9856 -0.1196
vn -0.1178 0.9856 -0.1214
vn -0.1097 0.9322 -0.3450
vn -0.1190 0.9339 -0.3372
vn -0.1091 0.9323 -0.3448
vn -0.3133 0.8879 -0.3367
vn -0.3367 -0.8879 0.3133
vn -0.3371 -0.9339 0.1190
vn -0.3449 -0.9322 0.1097
vn -0.3448 -0.9323 0.1091
vn -0.1196 -0.9856 0.1196
vn -0.1214 -0.9856 0.1178
vn -0.6423 -0.7231 0.2542
vn -0.6527 -0.7526 0.0871
vn -0.5232 -0.8465 0.0981
vn -0.5705 -0.6329 0.5235
vn -0.6124 -0.6810 0.4015
vn -0.4836 -0.7547 0.4434
vn -0.3141 -0.8175 -0.4828
vn -0.2846 -0.7382 -0.6116
vn -0.0984 -0.7609 -0.6414
vn -0.6124 -0.6809 -0.4017
vn -0.5706 -0.6329 -0.5234
vn -0.4439 -0.6915 -0.5699
vn -0.6527 -0.7526 -0.0871
vn -0.6423 -0.7231 -0.2542
vn -0.5128 -0.8101 -0.2842
vn 0.4434 -0.7547 -0.4837
vn 0.4015 -0.6809 -0.6125
vn 0.5235 -0.6329 -0.5705
vn 0.0981 -0.8465 -0.5233
vn 0.0871 -0.7526 -0.6527
vn 0.2542 -0.7231 -0.6423
vn 0.1196 -0.9856 -0.1196
vn 0.1178 -0.9856 -0.1214
vn 0.1097 -0.9322 -0.3449
vn 0.1189 -0.9339 -0.3371
vn 0.1091 -0.9323 -0.3448
vn 0.3133 -0.8879 -0.3367
vn -0.3133 -0.3367 0.8879
vn -0.1145 -0.3345 0.9354
vn -0.1087 -0.3438 0.9327
vn -0.1092 -0.3449 0.9323
vn -0.1196 -0.1196 0.9856
vn -0.1179 -0.1212 0.9856
vn -0.2542 -0.6423 0.7231
vn -0.0872 -0.6527 0.7526
vn -0.0982 -0.5232 0.8465
vn -0.5235 -0.5705 0.6329
vn -0.4015 -0.6125 0.6809
vn -0.4434 -0.4836 0.7547
vn 0.4827 -0.3141 0.8175
vn 0.6116 -0.2847 0.7382
vn 0.6414 -0.0984 0.7609
vn 0.4015 -0.6125 0.6809
vn 0.5235 -0.5705 0.6329
vn 0.5699 -0.4439 0.6915
vn 0.0872 -0.6527 0.7526
vn 0.2542 -0.6423 0.7231
vn 0.2841 -0.5128 0.8101
vn 0.4837 0.4434 0.7547
vn 0.6124 0.4015 0.6810
vn 0.5704 0.5236 0.6329
vn 0.5232 0.0982 0.8465
vn 0.6528 0.0871 0.7525
vn 0.6423 0.2542 0.7231
vn 0.1196 0.1196 0.9856
vn 0.1213 0.1179 0.9856
vn 0.3442 0.1089 0.9326
vn 0.3405 0.1136 0.9334
vn 0.3449 0.1092 0.9323
vn 0.3367 0.3134 0.8880
vn 0.8879 -0.3367 0.3134
vn 0.9334 -0.3405 0.1135
vn 0.9323 -0.3446 0.1094
vn 0.9323 -0.3448 0.1092
vn 0.9856 -0.1196 0.1196
vn 0.9856 -0.1213 0.1178
vn 0.7231 -0.6423 0.2542
vn 0.7526 -0.6527 0.0871
vn 0.8465 -0.5233 0.0981
vn 0.6331 -0.5702 0.5235
vn 0.6809 -0.6125 0.4015
vn 0.7547 -0.4835 0.4433
vn 0.8176 -0.3141 -0.4826
vn 0.7381 -0.2846 -0.6117
vn 0.7608 -0.0983 -0.6415
vn 0.6810 -0.6124 -0.4016
vn 0.6329 -0.5704 -0.5235
vn 0.6914 -0.4441 -0.5698
vn 0.7526 -0.6527 -0.0871
vn 0.7231 -0.6423 -0.2542
vn 0.8101 -0.5128 -0.2842
vn 0.7547 0.4435 -0.4835
vn 0.6809 0.4015 -0.6125
vn 0.6329 0.5235 -0.5705
vn 0.8466 0.0981 -0.5232
vn 0.7526 0.0872 -0.6527
vn 0.7230 0.2541 -0.6424
vn 0.9856 0.1196 -0.1196
vn 0.9856 0.1179 -0.1214
vn 0.9326 0.1088 -0.3441
vn 0.9352 0.1157 -0.3347
vn 0.9323 0.1091 -0.3449
vn 0.8879 0.3133 -0.3367
vn 0.3134 -0.3367 -0.8879
vn 0.1189 -0.3370 -0.9339
vn 0.1097 -0.3449 -0.9322
vn 0.1091 -0.3448 -0.9323
vn 0.1196 -0.1196 -0.9856
vn 0.1178 -0.1214 -0.9856
vn 0.2542 -0.6423 -0.7231
vn 0.0871 -0.6528 -0.7525
vn 0.0982 -0.5231 -0.8466
vn 0.5235 -0.5704 -0.6329
vn 0.4015 -0.6124 -0.6810
vn 0.4434 -0.4837 -0.7547
vn -0.4827 -0.3141 -0.8175
vn -0.6117 -0.2846 -0.7381
vn -0.6414 -0.0984 -0.7609
vn -0.4015 -0.6124 -0.6810
vn -0.5235 -0.5704 -0.6329
vn -0.5699 -0.4440 -0.6914
vn -0.0871 -0.6528 -0.7525
vn -0.2542 -0.6423 -0.7231
vn -0.2842 -0.5128 -0.8101
vn -0.4835 0.4434 -0.7547
vn -0.6125 0.4015 -0.6809
vn -0.5705 0.5234 -0.6329
vn -0.5232 0.0982 -0.8465
vn -0.6527 0.0872 -0.7526
vn -0.6423 0.2542 -0.7231
vn -0.1196 0.1196 -0.9856
vn -0.1214 0.1178 -0.9856
vn -0.3445 0.1093 -0.9324
vn -0.3405 0.1135 -0.9334
vn -0.3448 0.1092 -0.9323
vn -0.3367 0.3134 -0.8879
vn -0.8879 -0.3367 -0.3134
vn -0.9354 -0.3345 -0.1146
vn -0.9327 -0.3438 -0.1087
vn -0.9323 -0.3449 -0.1092
vn -0.9856 -0.1196 -0.1196
vn -0.9856 -0.1213 -0.1179
vn -0.7231 -0.6423 -0.2542
vn -0.7526 -0.6527 -0.0871
vn -0.8466 -0.5232 -0.0981
vn -0.6329 -0.5705 -0.5234
vn -0.6809 -0.6124 -0.4017
vn -0.7547 -0.4836 -0.4435
vn -0.8175 -0.3141 0.4827
vn -0.7382 -0.2847 0.6116
vn -0.7609 -0.0983 0.6414
vn -0.6809 -0.6125 0.4015
vn -0.6330 -0.5703 0.5235
vn -0.6915 -0.4439 0.5700
vn -0.7526 -0.6527 0.0871
vn -0.7231 -0.6423 0.2542
vn -0.8101 -0.5128 0.2841
vn -0.7547 0.4433 0.4837
vn -0.6810 0.4015 0.6124
vn -0.6328 0.5236 0.5705
vn -0.8465 0.0981 0.5232
vn -0.7526 0.0871 0.6527
vn -0.7231 0.2542 0.6423
vn -0.9856 0.1196 0.1196
vn -0.9856 0.1178 0.1214
vn -0.9322 0.1097 0.3450
vn -0.9334 0.1135 0.3405
vn -0.9323 0.1091 0.3448
vn -0.8880 0.3134 0.3367
vn -0.8521 0.5119 0.1093
vn -0.8175 0.4827 0.3141
vn -0.7382 0.6117 0.2846
vn -0.9323 -0.3447 0.1094
vn -0.9344 -0.3360 0.1180
vn -0.9323 -0.3449 0.1091
vn -0.8879 -0.3367 0.3133
vn -0.9322 -0.1097 0.3450
vn -0.9334 -0.1135 0.3405
vn -0.9345 -0.1180 0.3359
vn -0.7382 -0.2846 -0.6117
vn -0.8175 -0.3141 -0.4827
vn -0.8521 -0.1094 -0.5119
vn -0.1095 0.5118 -0.8521
vn -0.3142 0.4827 -0.8175
vn -0.2847 0.6115 -0.7382
vn -0.1097 -0.3449 -0.9322
vn -0.1135 -0.3405 -0.9334
vn -0.1091 -0.3448 -0.9323
vn -0.3134 -0.3367 -0.8879
vn -0.3446 -0.1094 -0.9323
vn -0.3405 -0.1135 -0.9334
vn -0.3359 -0.1181 -0.9345
vn 0.6116 -0.2846 -0.7382
vn 0.4827 -0.3141 -0.8175
vn 0.5119 -0.1094 -0.8521
vn 0.8521 0.5118 -0.1095
vn 0.8175 0.4826 -0.3142
vn 0.7382 0.6116 -0.2846
vn 0.9323 -0.3446 -0.1094
vn 0.9334 -0.3404 -0.1136
vn 0.9323 -0.3448 -0.1092
vn 0.8879 -0.3366 -0.3134
vn 0.9326 -0.1088 -0.3441
vn 0.9351 -0.1161 -0.3349
vn 0.9345 -0.1181 -0.3359
vn 0.7382 -0.2847 0.6116
vn 0.8175 -0.3141 0.4827
vn 0.8521 -0.1094 0.5118
vn 0.1094 0.5118 0.8521
vn 0.3141 0.4827 0.8175
vn 0.2846 0.6116 0.7382
vn 0.1087 -0.3438 0.9327
vn 0.1146 -0.3345 0.9354
vn 0.1092 -0.3449 0.9323
vn 0.3133 -0.3367 0.8879
vn 0.3442 -0.1089 0.9326
vn 0.3405 -0.1136 0.9334
vn 0.3359 -0.1181 0.9345
vn -0.6116 -0.2847 0.7382
vn -0.4827 -0.3141 0.8175
vn -0.5118 -0.1094 0.8521
vn 0.5118 -0.8521 -0.1094
vn 0.4828 -0.8175 -0.3141
vn 0.6116 -0.7382 -0.2847
vn -0.3449 -0.9322 -0.1097
vn -0.3405 -0.9334 -0.1135
vn -0.3448 -0.9323 -0.1091
vn -0.3367 -0.8879 -0.3134
vn -0.1097 -0.9322 -0.3449
vn -0.1189 -0.9340 -0.3370
vn -0.1180 -0.9345 -0.3359
vn -0.2848 -0.7382 0.6116
vn -0.3141 -0.8175 0.4828
vn -0.1094 -0.8521 0.5117
vn -0.5118 0.8521 -0.1094
vn -0.4828 0.8175 -0.3141
vn -0.6116 0.7382 -0.2847
vn 0.3450 0.9322 -0.1098
vn 0.3372 0.9339 -0.1190
vn 0.3448 0.9323 -0.1091
vn 0.3367 0.8879 -0.3134
vn 0.1097 0.9322 -0.3450
vn 0.1190 0.9339 -0.3372
vn 0.1180 0.9345 -0.3359
vn 0.2846 0.7382 0.6116
vn 0.3142 0.8175 0.4826
vn 0.1093 0.8521 0.5118
vn -0.4015 0.6810 0.6124
vn -0.4434 0.7547 0.4836
vn -0.5699 0.6914 0.4440
vn 0.4015 -0.6810 0.6124
vn 0.4433 -0.7547 0.4836
vn 0.5699 -0.6915 0.4439
vn -0.6124 0.4015 0.6810
vn -0.4837 0.4434 0.7547
vn -0.4440 0.5698 0.6915
vn 0.6810 0.4015 0.6124
vn 0.7547 0.4433 0.4837
vn 0.6914 0.5700 0.4440
vn 0.6124 0.4015 -0.6810
vn 0.4836 0.4434 -0.7547
vn 0.4439 0.5699 -0.6915
vn -0.6809 0.4015 -0.6125
vn -0.7547 0.4434 -0.4836
vn -0.6914 0.5700 -0.4440
vn -0.6328 0.5236 -0.5704
vn 0.5705 0.5235 -0.6328
vn 0.6329 0.5235 0.5705
vn -0.5704 0.5235 0.6330
vn 0.5238 -0.6328 0.5702
vn -0.5235 0.6330 0.5704
vn 0.0984 0.7609 0.6413
vn -0.0984 -0.7608 0.6414
vn 0.1179 -0.1213 0.9856
vn 0.0984 0.6414 0.7609
vn 0.6414 -0.0983 -0.7609
vn -0.0984 0.6414 -0.7609
vn -0.7608 -0.0983 -0.6415
vn -0.9322 0.3449 0.1097
vn -0.9334 0.3404 0.1135
vn -0.8101 0.2841 0.5128
vn -0.6914 0.5700 0.4440
vn -0.8465 -0.5233 0.0981
vn -0.8521 -0.1095 0.5118
vn -0.6915 -0.4441 -0.5698
vn -0.8101 -0.5128 -0.2842
vn -0.9352 -0.1158 -0.3347
vn -0.9326 -0.1089 -0.3441
vn -0.9345 -0.1182 -0.3359
vn -0.1094 0.3447 -0.9323
vn -0.0981 -0.5232 -0.8465
vn -0.4434 -0.4837 -0.7547
vn -0.5119 -0.1094 -0.8521
vn 0.5699 -0.4440 -0.6914
vn 0.3447 -0.1094 -0.9323
vn 0.3359 -0.1181 -0.9345
vn 0.9327 0.3439 -0.1086
vn 0.9355 0.3345 -0.1143
vn 0.9345 0.3359 -0.1182
vn 0.8101 0.2841 -0.5128
vn 0.6914 0.5700 -0.4440
vn 0.8466 -0.5232 -0.0981
vn 0.7547 -0.4835 -0.4435
vn 0.8521 -0.1094 -0.5119
vn 0.6914 -0.4439 0.5700
vn 0.9334 -0.1135 0.3404
vn 0.1156 0.3347 0.9352
vn 0.4434 -0.4836 0.7547
vn 0.5118 -0.1094 0.8521
vn -0.3347 -0.1158 0.9352
vn -0.3441 -0.1089 0.9326
vn 0.3450 -0.9322 -0.1097
vn 0.3359 -0.9345 -0.1181
vn 0.5700 -0.6914 -0.4439
vn -0.4836 -0.7547 -0.4434
vn -0.4440 -0.6914 0.5699
vn -0.1135 -0.9334 0.3404
vn -0.3450 0.9322 -0.1097
vn -0.3405 0.9334 -0.1135
vn -0.3359 0.9345 -0.1181
vn -0.5699 0.6915 -0.4439
vn 0.5231 0.8466 -0.0982
vn 0.4836 0.7547 -0.4434
vn 0.1135 0.9334 0.3404
vn 0.1097 0.9322 0.3450
vn 0.1180 0.9344 0.3362
vn -0.3135 0.8879 0.3366
vn -0.2846 0.6116 0.7382
vn 0.6423 0.2542 -0.7231
vn -0.7230 0.2541 -0.6424
vn -0.8879 0.3134 -0.3367
vn -0.8175 0.4826 -0.3142
vn -0.8521 0.5118 -0.1095
vn -0.9353 0.1151 -0.3346
vn -0.9326 0.1088 -0.3441
vn -0.9856 0.1179 -0.1213
vn -0.9334 0.3404 -0.1136
vn -0.9324 0.3446 -0.1094
vn -0.9345 0.3358 -0.1182
vn -0.8466 0.0981 -0.5232
vn -0.8102 0.2841 -0.5128
vn 0.0984 0.6414 -0.7609
vn 0.3446 0.1093 -0.9324
vn 0.3448 0.1092 -0.9323
vn 0.1094 0.3446 -0.9323
vn 0.6526 0.0872 -0.7526
vn 0.5233 0.0981 -0.8465
vn 0.5128 0.2841 -0.8101
vn 0.8521 0.5119 0.1093
vn 0.9334 0.1135 0.3404
vn 0.9323 0.1092 0.3448
vn 0.9341 0.3367 0.1186
vn 0.9322 0.3450 0.1097
vn 0.7526 0.0871 0.6527
vn 0.8465 0.0981 0.5233
vn 0.8101 0.2841 0.5128
vn -0.3141 0.4827 0.8175
vn -0.0984 0.6414 0.7609
vn -0.3405 0.1136 0.9334
vn -0.3442 0.1089 0.9326
vn -0.3449 0.1092 0.9323
vn -0.1214 0.1179 0.9856
vn -0.1158 0.3347 0.9352
vn -0.1089 0.3442 0.9326
vn -0.5232 0.0982 0.8465
vn 0.1135 -0.9334 0.3404
vn 0.1092 -0.9323 0.3448
vn 0.3370 -0.9340 0.1189
vn 0.0981 -0.8466 0.5232
vn 0.2842 -0.8102 0.5127
vn -0.5117 0.8522 0.1094
vn -0.1135 0.9334 0.3404
vn -0.1098 0.9322 0.3449
vn -0.1091 0.9323 0.3449
vn -0.3371 0.9339 0.1189
vn -0.3449 0.9322 0.1097
vn -0.0981 0.8466 0.5232
vn -0.2841 0.8101 0.5128
vn 0.3371 0.9339 0.1189
vn 0.3450 0.9322 0.1097
vn 0.5705 0.6329 0.5234
vn 0.3142 0.8175 -0.4827
vn 0.6124 0.6809 -0.4017
vn 0.5705 0.6328 -0.5235
vn 0.6526 0.7527 -0.0873
vn -0.4434 0.7547 -0.4836
vn -0.5236 0.6328 -0.5705
vn -0.1178 0.9856 -0.1213
vn -0.1135 0.9334 -0.3404
vn -0.3134 0.8879 -0.3367
vn -0.3367 -0.8879 0.3134
vn -0.3370 -0.9339 0.1189
vn -0.5705 -0.6329 0.5234
vn -0.3142 -0.8175 -0.4827
vn -0.6124 -0.6810 -0.4016
vn -0.5705 -0.6328 -0.5236
vn 0.4434 -0.7547 -0.4836
vn 0.5236 -0.6328 -0.5705
vn 0.1178 -0.9856 -0.1213
vn 0.1135 -0.9334 -0.3404
vn 0.3134 -0.8879 -0.3367
vn -0.1147 -0.3345 0.9354
vn -0.1179 -0.1213 0.9856
vn -0.5234 -0.5705 0.6329
vn -0.4434 -0.4835 0.7547
vn 0.5234 -0.5705 0.6329
vn 0.5704 0.5235 0.6330
vn 0.5231 0.0982 0.8466
vn 0.1214 0.1179 0.9856
vn 0.3441 0.1089 0.9326
vn 0.3348 0.1161 0.9351
vn 0.3449 0.1091 0.9323
vn 0.3367 0.3133 0.8880
vn 0.8879 -0.3367 0.3133
vn 0.9344 -0.3361 0.1180
vn 0.9323 -0.3447 0.1094
vn 0.9323 -0.3449 0.1091
vn 0.8466 -0.5232 0.0981
vn 0.6329 -0.5706 0.5234
vn 0.7547 -0.4835 0.4434
vn 0.8175 -0.3142 -0.4827
vn 0.7609 -0.0984 -0.6414
vn 0.6809 -0.6124 -0.4017
vn 0.6329 -0.5705 -0.5235
vn 0.6914 -0.4440 -0.5699
vn 0.8102 -0.5127 -0.2842
vn 0.7547 0.4434 -0.4835
vn 0.6328 0.5235 -0.5705
vn 0.8465 0.0982 -0.5232
vn 0.7231 0.2542 -0.6423
vn 0.9353 0.1151 -0.3346
vn 0.8879 0.3134 -0.3367
vn 0.1135 -0.3405 -0.9334
vn 0.1098 -0.3449 -0.9322
vn 0.0871 -0.6527 -0.7526
vn 0.0981 -0.5232 -0.8465
vn 0.5236 -0.5704 -0.6329
vn 0.4433 -0.4836 -0.7547
vn -0.6116 -0.2846 -0.7382
vn -0.5236 -0.5704 -0.6329
vn -0.5698 -0.4440 -0.6915
vn -0.0871 -0.6527 -0.7526
vn -0.4836 0.4434 -0.7547
vn -0.6124 0.4015 -0.6810
vn -0.5705 0.5236 -0.6328
vn -0.5233 0.0981 -0.8465
vn -0.6526 0.0872 -0.7526
vn -0.6423 0.2541 -0.7231
vn -0.3448 0.1096 -0.9322
vn -0.3448 0.1091 -0.9323
vn -0.8879 -0.3368 -0.3133
vn -0.9334 -0.3404 -0.1136
vn -0.9323 -0.3446 -0.1094
vn -0.9323 -0.3448 -0.1092
vn -0.8465 -0.5233 -0.0981
vn -0.6329 -0.5704 -0.5236
vn -0.6810 -0.6124 -0.4016
vn -0.7547 -0.4835 -0.4435
vn -0.7382 -0.2846 0.6117
vn -0.7609 -0.0984 0.6414
vn -0.6330 -0.5703 0.5236
vn -0.6914 -0.4439 0.5700
vn -0.7547 0.4434 0.4836
vn -0.6809 0.4015 0.6125
vn -0.6329 0.5235 0.5705
vn -0.8465 0.0982 0.5232
vn -0.7528 0.0873 0.6525
vn -0.9322 0.1097 0.3449
vn -0.9334 0.1135 0.3404
vn -0.9323 0.1092 0.3448
vn -0.8880 0.3133 0.3367
vn -0.8521 0.5119 0.1094
vn -0.9334 -0.3405 0.1135
vn -0.9323 -0.3448 0.1092
vn -0.9322 -0.1097 0.3449
vn -0.9334 -0.1135 0.3404
vn -0.7381 -0.2846 -0.6117
vn -0.8176 -0.3142 -0.4826
vn -0.8521 -0.1094 -0.5118
vn -0.3141 0.4828 -0.8175
vn -0.1097 -0.3450 -0.9322
vn -0.1189 -0.3371 -0.9339
vn -0.3449 -0.1097 -0.9322
vn -0.3359 -0.1180 -0.9345
vn 0.6117 -0.2846 -0.7381
vn 0.5118 -0.1095 -0.8521
vn 0.8521 0.5117 -0.1095
vn 0.8176 0.4826 -0.3142
vn 0.9327 -0.3439 -0.1086
vn 0.9354 -0.3345 -0.1144
vn 0.9323 -0.3449 -0.1092
vn 0.8879 -0.3367 -0.3134
vn 0.9326 -0.1089 -0.3441
vn 0.9352 -0.1158 -0.3347
vn 0.9345 -0.1182 -0.3359
vn 0.7381 -0.2846 0.6117
vn 0.8521 -0.1095 0.5118
vn 0.3141 0.4828 0.8175
vn 0.2847 0.6116 0.7382
vn 0.1087 -0.3439 0.9327
vn 0.1148 -0.3345 0.9354
vn 0.3134 -0.3367 0.8879
vn 0.3442 -0.1088 0.9326
vn 0.3349 -0.1163 0.9350
vn -0.5118 -0.1095 0.8521
vn 0.4827 -0.8175 -0.3141
vn 0.6115 -0.7382 -0.2847
vn -0.3450 -0.9322 -0.1097
vn -0.1135 -0.9334 -0.3404
vn -0.1181 -0.9345 -0.3359
vn -0.2847 -0.7381 0.6117
vn -0.3141 -0.8175 0.4827
vn -0.1095 -0.8521 0.5117
vn -0.4827 0.8175 -0.3141
vn -0.6115 0.7382 -0.2847
vn 0.3449 0.9322 -0.1098
vn 0.3405 0.9334 -0.1135
vn 0.1097 0.9322 -0.3449
vn 0.1135 0.9334 -0.3404
vn 0.1181 0.9345 -0.3359
vn 0.3140 0.8175 0.4828
vn 0.1094 0.8521 0.5118
vn -0.4015 0.6809 0.6125
vn -0.4435 0.7547 0.4835
vn 0.4015 -0.6809 0.6125
vn 0.6809 0.4015 0.6125
vn 0.7547 0.4434 0.4836
vn 0.6125 0.4015 -0.6809
vn 0.4835 0.4434 -0.7547
vn -0.7547 0.4435 -0.4834
vn -0.6914 0.5699 -0.4440
vn -1.0000 -0.0000 -0.0000
vn -0.0000 0.5299 -0.8481
vn -0.0000 0.5299 -0.8480
vn 1.0000 -0.0000 -0.0000
vn -0.0000 -0.5299 0.8480
vn -0.0000 -0.8480 -0.5299
vn -0.0000 -0.8481 -0.5299
vn -0.0000 0.8481 0.5299
vn -0.0000 0.8480 0.5299
vn -0.0000 -0.5299 0.8481
vn -0.0000 -0.0000 -1.0000
vn 0.8481 0.5299 -0.0000
vn 0.8480 0.5299 -0.0000
vn -0.0000 -0.0000 1.0000
vn -0.8480 -0.5299 -0.0000
vn 0.5299 -0.8480 -0.0000
vn 0.5299 -0.8481 -0.0000
vn -0.5299 0.8481 -0.0000
vn -0.5299 0.8480 -0.0000
vn -0.8481 -0.5299 -0.0000
vn -0.8480 0.5299 -0.0000
vn 0.8481 -0.5299 -0.0000
vn 0.8480 -0.5299 -0.0000
vn -0.5299 -0.8481 -0.0000
vn -0.5299 -0.8480 -0.0000
vn 0.5299 0.8480 -0.0000
vn 0.5299 0.8481 -0.0000
vn -0.8481 0.5299 -0.0000
vn -0.0000 -1.0000 -0.0000
vn -0.0000 1.0000 -0.0000
vn -0.6511 0.5008 -0.5703
vn -0.6514 0.4982 -0.5723
vn -0.6500 0.4947 -0.5769
vn -0.0497 0.0739 -0.9960
vn -0.0443 0.0729 -0.9964
vn -0.0561 0.0738 -0.9957
vn 0.5755 0.8003 0.1683
vn -0.0592 0.0525 0.9969
vn -0.0582 0.0508 0.9970
vn -0.0595 0.0511 0.9969
vn -0.4229 -0.0551 0.9045
vn -0.0658 0.6263 0.7768
vn -0.0688 0.6261 0.7767
vn -0.0687 0.6261 0.7767
vn -0.0474 0.4347 0.8993
vn -0.2769 0.8519 -0.4444
vn -0.0261 0.9772 -0.2107
vn -0.7176 0.0214 0.6962
vn -0.9700 0.1212 -0.2106
vn -0.8995 0.0012 -0.4370
vn -0.1331 0.0862 0.9873
vn -0.1343 0.0850 0.9873
vn -0.1272 0.0784 0.9888
vn -0.1776 0.1045 0.9785
vn -0.1789 0.1041 0.9783
vn -0.1778 0.1044 0.9785
vn -0.0687 0.0749 0.9948
vn -0.0666 0.0670 0.9955
vn -0.0755 0.0696 0.9947
vn 0.5198 -0.3048 -0.7981
vn 0.5224 -0.3100 -0.7943
vn 0.5206 -0.3064 -0.7969
vn 0.8056 -0.4391 0.3977
vn 0.5145 0.8568 0.0336
vn 0.5145 0.8567 0.0358
vn 0.5146 0.8567 0.0353
vn -0.1492 0.0717 -0.9862
vn -0.1459 0.0725 -0.9866
vn -0.1463 0.0724 -0.9866
vn -0.1647 0.1003 -0.9812
vn -0.1621 0.1005 -0.9816
vn -0.1604 0.0963 -0.9823
vn -0.0662 0.0640 -0.9958
vn -0.0755 0.0697 -0.9947
vn -0.0700 0.0649 -0.9954
vn -0.7824 0.5188 -0.3446
vn -0.7825 0.5162 -0.3482
vn -0.7878 0.5158 -0.3367
vn -0.8318 0.5478 0.0895
vn -0.8317 0.5482 0.0877
vn -0.8350 0.5436 0.0853
vn -0.7788 0.6047 0.1666
vn -0.7790 0.6049 0.1655
vn -0.7806 0.6019 0.1686
vn -0.8014 0.5726 0.1727
vn -0.8015 0.5726 0.1722
vn -0.8048 0.5675 0.1737
vn -0.6902 0.4921 0.5306
vn -0.6909 0.4926 0.5291
vn -0.6918 0.4877 0.5325
vn -0.6789 0.5235 0.5148
vn -0.6793 0.5251 0.5126
vn -0.6784 0.5199 0.5192
vn -0.8436 0.5301 0.0851
vn -0.8435 0.5306 0.0830
vn -0.8458 0.5276 0.0788
vn -0.8132 0.5097 0.2808
vn -0.8123 0.5118 0.2798
vn -0.8124 0.5115 0.2799
vn -0.7957 0.5239 0.3039
vn -0.7955 0.5264 0.3002
vn -0.7965 0.5248 0.3001
vn -0.8006 0.5061 -0.3207
vn -0.8014 0.5045 -0.3212
vn -0.8009 0.5059 -0.3205
vn -0.8378 0.5278 -0.1399
vn -0.8377 0.5271 -0.1430
vn -0.8406 0.5253 -0.1323
vn -0.8252 0.5447 -0.1494
vn -0.8254 0.5436 -0.1522
vn -0.8286 0.5406 -0.1453
vn -0.0790 0.0632 -0.9949
vn -0.0801 0.0620 -0.9949
vn -0.0818 0.0615 -0.9947
vn -0.0660 0.0511 -0.9965
vn -0.0678 0.0510 -0.9964
vn -0.0679 0.0500 -0.9964
vn -0.0579 0.0516 -0.9970
vn -0.0589 0.0538 -0.9968
vn -0.0592 0.0525 -0.9969
vn -0.1427 0.0725 -0.9871
vn -0.1442 0.0725 -0.9869
vn -0.1437 0.0724 -0.9870
vn -0.1151 0.0629 -0.9914
vn -0.1232 0.0669 -0.9901
vn -0.1166 0.0615 -0.9913
vn -0.1288 0.0787 -0.9885
vn -0.1345 0.0835 -0.9874
vn -0.1308 0.0794 -0.9882
vn -0.1261 0.0392 -0.9912
vn -0.1329 0.0404 -0.9903
vn -0.1322 0.0406 -0.9904
vn -0.1504 0.0670 -0.9864
vn -0.1559 0.0679 -0.9854
vn -0.1560 0.0685 -0.9854
vn -0.1679 0.0926 -0.9814
vn -0.1697 0.1029 -0.9801
vn -0.1753 0.1001 -0.9794
vn 0.5511 -0.4759 0.6854
vn 0.2545 -0.2060 0.9449
vn 0.2571 -0.2043 0.9445
vn 0.2513 -0.1956 0.9479
vn -0.4316 -0.8095 -0.3981
vn 0.8605 -0.4117 0.3000
vn 0.6581 -0.3299 0.6768
vn 0.5317 -0.2996 0.7921
vn 0.5312 -0.2987 0.7928
vn 0.5315 -0.2990 0.7925
vn 0.6498 -0.3491 -0.6752
vn 0.8108 -0.3984 -0.4288
vn 0.7038 -0.3884 -0.5948
vn 0.7039 -0.3889 -0.5943
vn 0.7038 -0.3885 -0.5947
vn -0.0887 0.0689 0.9937
vn -0.0907 0.0711 0.9933
vn -0.0930 0.0694 0.9932
vn -0.0749 0.0627 0.9952
vn -0.0753 0.0692 0.9948
vn -0.0836 0.0669 0.9942
vn -0.0561 0.0736 0.9957
vn -0.0603 0.0748 0.9954
vn -0.0578 0.0741 0.9956
vn -0.1559 0.0739 0.9850
vn -0.1524 0.0741 0.9855
vn -0.1549 0.0739 0.9852
vn -0.1443 0.0544 0.9880
vn -0.1369 0.0531 0.9892
vn -0.1445 0.0544 0.9880
vn -0.1635 0.0878 0.9826
vn -0.1617 0.0847 0.9832
vn -0.1638 0.0876 0.9826
vn -0.1218 0.0707 0.9900
vn -0.1246 0.0719 0.9896
vn -0.1130 0.0616 0.9917
vn -0.1419 0.0748 0.9871
vn -0.1399 0.0749 0.9873
vn -0.1414 0.0748 0.9871
vn -0.1618 0.1032 0.9814
vn -0.1646 0.1021 0.9811
vn -0.1647 0.1003 0.9812
vn -0.9496 0.1138 -0.2921
vn -0.6614 0.0424 -0.7488
vn -0.4951 -0.0309 -0.8683
vn -0.9844 0.0742 -0.1596
vn -0.9845 0.0744 -0.1587
vn -0.9843 0.0773 -0.1584
vn -0.8579 0.0285 -0.5130
vn -0.7790 0.0595 -0.6242
vn -0.8117 -0.0047 0.5841
vn -0.9602 0.0565 0.2737
vn -0.9602 0.0564 0.2736
vn -0.9601 0.0685 0.2712
vn -0.9290 0.0978 0.3570
vn -0.3174 0.8967 -0.3086
vn -0.3180 0.8962 -0.3095
vn -0.3058 0.9006 -0.3089
vn -0.1732 0.6287 -0.7581
vn -0.1710 0.6292 -0.7582
vn -0.0227 0.6728 -0.7394
vn -0.0225 0.6730 -0.7393
vn -0.0339 0.6726 -0.7393
vn -0.2845 0.7461 -0.6020
vn -0.1199 0.3464 -0.9304
vn -0.1398 0.4797 -0.8662
vn -0.0820 0.3090 0.9475
vn -0.2023 0.5678 0.7979
vn -0.2176 0.7164 0.6629
vn -0.1278 0.5796 0.8048
vn -0.2802 0.8200 0.4991
vn -0.0056 0.9349 0.3548
vn -0.5872 0.0051 0.8094
vn -0.8749 0.0845 0.4769
vn -0.7634 -0.0191 0.6456
vn -0.0679 0.0500 0.9964
vn -0.0667 0.0497 0.9965
vn -0.0679 0.0490 0.9965
vn -0.0818 0.0615 0.9947
vn -0.0815 0.0618 0.9948
vn -0.0830 0.0610 0.9947
vn -0.0700 0.0649 0.9954
vn -0.0603 0.0560 0.9966
vn -0.0662 0.0602 0.9960
vn 0.2521 -0.1947 -0.9479
vn 0.2530 -0.1955 -0.9475
vn 0.2490 -0.1887 -0.9499
vn 0.3999 -0.3216 -0.8583
vn 0.3940 -0.3246 -0.8599
vn 0.3947 -0.3244 -0.8596
vn 0.5824 0.8073 0.0952
vn -0.0704 0.0631 -0.9955
vn -0.0685 0.0603 -0.9958
vn -0.0749 0.0627 -0.9952
vn -0.0812 0.0706 -0.9942
vn -0.0836 0.0669 -0.9942
vn -0.0887 0.0689 -0.9937
vn -0.0665 0.0738 -0.9951
vn -0.0579 0.0737 -0.9956
vn -0.0687 0.0749 -0.9948
vn -0.6593 0.4689 -0.5878
vn -0.6577 0.4684 -0.5900
vn -0.6595 0.4643 -0.5912
vn -0.7797 0.5564 -0.2872
vn -0.7793 0.5563 -0.2886
vn -0.7822 0.5514 -0.2901
vn -0.7601 0.5890 -0.2744
vn -0.7598 0.5886 -0.2763
vn -0.7608 0.5856 -0.2796
vn -0.7687 0.5746 -0.2810
vn -0.7674 0.5749 -0.2841
vn -0.7701 0.5699 -0.2868
vn -0.0769 0.0748 -0.9942
vn -0.0733 0.0729 -0.9946
vn -0.0792 0.0735 -0.9941
vn 0.4076 -0.3994 -0.8212
vn -0.0752 0.0643 0.9951
vn -0.0746 0.0634 0.9952
vn -0.0779 0.0638 0.9949
vn -0.0636 0.0703 0.9955
vn -0.0675 0.0742 0.9950
vn -0.0733 0.0729 0.9946
vn 0.2630 -0.2498 0.9319
vn 0.2538 -0.2505 0.9343
vn 0.2611 -0.2501 0.9324
vn -0.0629 0.0522 -0.9967
vn -0.0625 0.0528 -0.9966
vn -0.0636 0.0518 -0.9966
vn -0.6817 0.5103 0.5243
vn -0.6840 0.5104 0.5212
vn -0.6829 0.5047 0.5281
vn -0.7885 0.5909 0.1703
vn -0.7889 0.5909 0.1687
vn -0.7916 0.5863 0.1722
vn -0.0735 0.0653 -0.9952
vn -0.0723 0.0650 -0.9953
vn -0.0752 0.0643 -0.9951
vn 0.5192 -0.5482 0.6557
vn 0.5214 -0.5474 0.6546
vn 0.5195 -0.5482 0.6554
vn -0.0792 0.0735 0.9941
vn -0.0822 0.0733 0.9939
vn -0.0854 0.0742 0.9936
vn -0.0636 0.0518 0.9966
vn -0.0624 0.0508 0.9968
vn -0.0643 0.0510 0.9966
vn 0.2703 -0.2353 -0.9336
vn -0.0626 0.0698 -0.9956
vn -0.0542 0.0682 -0.9962
vn -0.0637 0.0703 -0.9955
vn -0.6541 0.4862 -0.5794
vn -0.6517 0.4862 -0.5822
vn -0.6522 0.4803 -0.5865
vn -0.7570 -0.6503 -0.0634
vn -0.7571 -0.6503 -0.0625
vn -0.7571 -0.6503 -0.0616
vn -0.7499 -0.6434 -0.1536
vn -0.7505 -0.6437 -0.1500
vn -0.7508 -0.6438 -0.1476
vn -0.4258 -0.1620 -0.8902
vn -0.2358 -0.0020 -0.9718
vn 0.5841 0.8116 -0.0019
vn -0.4950 -0.8685 0.0256
vn -0.5751 -0.3917 0.7182
vn -0.5602 -0.4521 0.6941
vn -0.3335 -0.0696 0.9402
vn -0.5170 -0.2576 0.8163
vn -0.4539 -0.8910 -0.0099
vn -0.4539 -0.8910 -0.0093
vn -0.4539 -0.8910 -0.0098
vn 0.0265 -0.0194 0.9995
vn 0.0261 -0.0200 0.9995
vn 0.0265 -0.0195 0.9995
vn -0.5315 -0.3995 -0.7470
vn -0.5223 -0.3147 -0.7926
vn -0.7524 -0.6459 0.1291
vn -0.7519 -0.6457 0.1328
vn -0.7528 -0.6460 0.1266
vn -0.7579 -0.6513 0.0365
vn -0.7579 -0.6513 0.0379
vn -0.7580 -0.6513 0.0356
vn -0.6117 -0.7911 0.0042
vn -0.6081 -0.7938 0.0112
vn -0.6084 -0.7936 0.0059
vn 0.0084 -0.0053 -1.0000
vn 0.0078 -0.0051 -1.0000
vn -0.6106 -0.7916 0.0248
vn -0.6075 -0.7940 0.0221
vn -0.6078 -0.7938 0.0204
vn 0.6277 0.7785 -0.0015
vn 0.6269 0.7790 -0.0085
vn 0.6314 0.7754 -0.0061
vn 0.8216 -0.5649 0.0766
vn 0.8214 -0.5651 0.0767
vn 0.8210 -0.5657 0.0766
vn 0.8073 -0.5551 0.2002
vn 0.8072 -0.5552 0.2003
vn 0.8067 -0.5561 0.2001
vn 0.8107 -0.5578 -0.1780
vn 0.8108 -0.5575 -0.1780
vn 0.8105 -0.5581 -0.1779
vn 0.8227 -0.5661 -0.0529
vn 0.8228 -0.5658 -0.0529
vn 0.8222 -0.5667 -0.0529
vn 0.5145 0.8568 -0.0336
vn 0.5145 0.8569 -0.0317
vn 0.5146 0.8567 -0.0352
vn 0.0312 -0.0156 -0.9994
vn 0.0340 -0.0121 -0.9993
vn 0.0322 -0.0163 -0.9993
vn -0.4748 -0.8801 0.0088
vn 0.0331 -0.0149 0.9993
vn 0.0356 -0.0114 0.9993
vn 0.0305 -0.0198 0.9993
vn -0.5068 -0.8620 -0.0052
vn 0.0268 -0.0191 -0.9995
vn 0.0265 -0.0195 -0.9995
vn 0.0265 -0.0194 -0.9995
vn -0.3989 -0.6627 0.6339
vn -0.3721 -0.6867 -0.6245
vn 0.5648 0.8251 0.0144
vn 0.5648 0.8250 0.0170
vn 0.5646 0.8252 0.0168
vn 0.5648 0.8251 -0.0144
vn 0.5648 0.8251 -0.0119
vn 0.5647 0.8251 -0.0168
vn 0.5800 0.8146 -0.0053
vn -0.4539 -0.8910 0.0099
vn -0.4539 -0.8910 0.0104
vn -0.4539 -0.8910 0.0098
vn 0.8267 -0.5586 0.0668
vn 0.8261 -0.5585 0.0754
vn 0.8259 -0.5587 0.0757
vn 0.8283 -0.5600 -0.0192
vn 0.8282 -0.5601 -0.0192
vn 0.8280 -0.5601 -0.0284
vn 0.8266 -0.5589 -0.0664
vn 0.8265 -0.5590 -0.0668
vn 0.8265 -0.5590 -0.0667
vn 0.8277 -0.5604 0.0283
vn 0.8281 -0.5598 0.0285
vn 0.8280 -0.5600 0.0284
vn 0.6261 0.7795 0.0195
vn 0.6312 0.7756 0.0061
vn 0.6264 0.7793 0.0164
vn 0.6269 0.7791 0.0092
vn 0.0080 -0.0052 1.0000
vn 0.0078 -0.0051 1.0000
vn 0.0084 -0.0053 1.0000
vn -0.6116 -0.7911 -0.0094
vn -0.6079 -0.7938 -0.0188
vn -0.6106 -0.7916 -0.0248
vn -0.6057 -0.7957 -0.0000
vn -0.6084 -0.7936 -0.0060
vn -0.6120 -0.7909 -0.0042
vn 0.6259 0.7792 -0.0334
vn 0.6260 0.7793 -0.0293
vn 0.6260 0.7794 -0.0234
vn 0.6253 0.7795 -0.0368
vn 0.6325 0.7723 -0.0583
vn 0.6334 0.7721 -0.0520
vn 0.6335 0.7722 -0.0481
vn 0.6336 0.7725 -0.0421
vn -0.6081 -0.7938 -0.0112
vn -0.6142 -0.7891 -0.0104
vn -0.6139 -0.7892 -0.0153
vn -0.6143 -0.7890 -0.0081
vn -0.6075 -0.7940 -0.0221
vn -0.6081 -0.7935 -0.0240
vn -0.6127 -0.7893 -0.0407
vn -0.6138 -0.7890 -0.0274
vn -0.6134 -0.7892 -0.0292
vn 0.0090 -0.0053 0.9999
vn 0.0090 -0.0055 0.9999
vn 0.0090 -0.0054 0.9999
vn 0.6271 0.7789 0.0049
vn 0.6271 0.7790 -0.0000
vn 0.6350 0.7724 0.0118
vn 0.6310 0.7757 0.0102
vn 0.6349 0.7725 0.0150
vn 0.6305 0.7759 0.0208
vn 0.6266 0.7791 0.0174
vn 0.6344 0.7722 0.0344
vn 0.6264 0.7788 0.0318
vn 0.6342 0.7725 0.0326
vn 0.6337 0.7726 0.0380
vn 0.6255 0.7793 0.0381
vn 0.6332 0.7730 0.0392
vn 0.8279 -0.5602 0.0284
vn 0.8278 -0.5603 0.0286
vn 0.8280 -0.5603 0.0192
vn 0.8282 -0.5601 0.0192
vn 0.8283 -0.5600 0.0192
vn 0.8263 -0.5592 -0.0667
vn 0.8258 -0.5589 -0.0757
vn 0.8259 -0.5587 -0.0757
vn 0.8261 -0.5585 -0.0754
vn 0.8280 -0.5603 -0.0192
vn 0.8279 -0.5601 -0.0284
vn 0.8280 -0.5600 -0.0284
vn 0.8278 -0.5603 -0.0286
vn 0.8281 -0.5598 -0.0285
vn 0.8258 -0.5589 0.0757
vn 0.8263 -0.5592 0.0667
vn 0.8265 -0.5590 0.0668
vn 0.8266 -0.5588 0.0665
vn -0.2722 -0.4449 0.8532
vn -0.1534 -0.2297 0.9611
vn -0.1349 -0.2106 0.9682
vn 0.5776 0.8163 -0.0056
vn 0.6294 0.7671 -0.1242
vn 0.6336 0.7647 -0.1169
vn 0.4377 0.6453 -0.6261
vn 0.4184 0.6572 -0.6269
vn 0.4581 0.6719 -0.5820
vn 0.4730 0.6632 0.5800
vn 0.4034 0.5799 0.7078
vn 0.2765 0.3942 0.8765
vn -0.3690 -0.6963 -0.6156
vn 0.0824 -0.8167 -0.5712
vn 0.0636 -0.7807 -0.6216
vn -0.4215 -0.6809 0.5989
vn -0.4206 -0.6814 0.5990
vn -0.4217 -0.6808 0.5989
vn -0.3734 -0.5877 0.7178
vn -0.2430 -0.3758 0.8943
vn 0.0261 -0.0200 -0.9995
vn 0.0256 -0.0206 -0.9995
vn 0.1932 -0.1340 -0.9720
vn 0.1916 -0.1360 -0.9720
vn 0.1912 -0.1360 -0.9721
vn 0.1935 -0.1332 -0.9720
vn -0.4866 -0.8736 -0.0061
vn -0.3817 -0.6718 -0.6348
vn -0.4226 -0.6804 -0.5987
vn -0.4217 -0.6808 -0.5989
vn -0.4215 -0.6809 -0.5989
vn 0.0319 -0.0138 0.9994
vn 0.0347 -0.0104 0.9993
vn 0.0291 -0.0188 0.9994
vn 0.0372 -0.0029 0.9993
vn 0.0398 0.0007 0.9992
vn 0.0381 -0.0046 0.9993
vn 0.0402 -0.0014 0.9992
vn -0.4836 -0.8752 0.0118
vn 0.0334 -0.9789 0.2016
vn 0.0717 -0.9954 0.0637
vn 0.0395 -0.0005 -0.9992
vn 0.0375 -0.0083 -0.9993
vn 0.0402 -0.0014 -0.9992
vn 0.0388 -0.0028 -0.9992
vn 0.0423 0.0030 -0.9991
vn 0.0372 -0.0029 -0.9993
vn 0.2633 0.4188 -0.8691
vn 0.2370 0.4332 -0.8696
vn 0.2627 0.4315 -0.8630
vn 0.8222 -0.5668 -0.0528
vn 0.8209 -0.5659 -0.0766
vn 0.8210 -0.5658 -0.0766
vn 0.8216 -0.5650 -0.0766
vn 0.8215 -0.5649 -0.0769
vn 0.8102 -0.5585 -0.1779
vn 0.8066 -0.5561 -0.2004
vn 0.8068 -0.5559 -0.2002
vn 0.8067 -0.5561 -0.2000
vn 0.8072 -0.5553 -0.2003
vn 0.8073 -0.5551 -0.2002
vn 0.8067 -0.5561 0.2000
vn 0.8103 -0.5583 0.1779
vn 0.8102 -0.5585 0.1779
vn 0.8108 -0.5575 0.1780
vn 0.8105 -0.5580 0.1779
vn 0.8209 -0.5659 0.0766
vn 0.8209 -0.5660 0.0766
vn 0.8221 -0.5668 0.0530
vn 0.8222 -0.5668 0.0528
vn 0.8228 -0.5658 0.0529
vn 0.8227 -0.5660 0.0529
vn 0.6265 0.7793 -0.0164
vn 0.6305 0.7759 -0.0208
vn 0.6349 0.7725 -0.0150
vn 0.6346 0.7726 -0.0221
vn 0.6350 0.7724 -0.0118
vn -0.6086 -0.7934 0.0118
vn -0.6082 -0.7937 0.0117
vn -0.6139 -0.7891 0.0214
vn -0.6131 -0.7898 0.0180
vn -0.6134 -0.7892 0.0292
vn -0.6081 -0.7935 0.0240
vn 0.0080 -0.0052 -1.0000
vn 0.0090 -0.0055 -0.9999
vn 0.0090 -0.0053 -0.9999
vn -0.6085 -0.7935 -0.0000
vn -0.6143 -0.7891 0.0081
vn -0.6142 -0.7891 0.0101
vn -0.8244 0.5588 0.0898
vn -0.8245 0.5588 0.0897
vn -0.8179 0.5546 0.1531
vn -0.8180 0.5545 0.1531
vn -0.8252 0.5447 0.1493
vn -0.7571 -0.6503 0.0625
vn -0.7570 -0.6503 0.0634
vn -0.7571 -0.6503 0.0616
vn -0.7878 0.5344 0.3063
vn -0.7883 0.5343 0.3053
vn -0.7747 0.5258 0.3513
vn -0.7753 0.5258 0.3500
vn -0.7824 0.5188 0.3446
vn -0.7505 -0.6437 0.1500
vn -0.7499 -0.6434 0.1536
vn -0.7508 -0.6438 0.1476
vn -0.1618 0.1032 -0.9814
vn -0.1644 0.1087 -0.9804
vn -0.1662 0.1100 -0.9799
vn -0.1641 0.1091 -0.9804
vn -0.5751 -0.3917 -0.7182
vn -0.1332 0.0862 -0.9873
vn -0.1374 0.0916 -0.9863
vn -0.1374 0.0911 -0.9863
vn -0.1348 0.0903 -0.9867
vn -0.1340 0.0896 -0.9869
vn -0.5602 -0.4521 -0.6941
vn 0.0268 -0.0191 0.9995
vn 0.0272 -0.0187 0.9995
vn 0.1866 -0.0018 0.9824
vn 0.1932 -0.1340 0.9720
vn 0.1916 -0.1360 0.9720
vn -0.2439 -0.4502 -0.8590
vn -0.2208 -0.4605 -0.8598
vn -0.2464 -0.4562 -0.8551
vn -0.1859 0.1210 0.9751
vn -0.1877 0.1228 0.9745
vn -0.1804 0.1176 0.9765
vn -0.1754 0.1139 0.9779
vn -0.1829 0.1089 0.9771
vn -0.1762 0.1132 0.9778
vn -0.4258 -0.1620 0.8902
vn -0.1684 0.1081 0.9798
vn -0.1725 0.1109 0.9787
vn -0.1691 0.1072 0.9798
vn -0.1476 0.0929 0.9847
vn -0.1505 0.0961 0.9839
vn -0.1482 0.0918 0.9847
vn -0.2358 -0.0020 0.9718
vn -0.1340 0.0896 0.9869
vn -0.1347 0.0903 0.9868
vn -0.1374 0.0915 0.9863
vn -0.1358 0.0862 0.9870
vn -0.5312 -0.3993 0.7472
vn -0.1641 0.1091 0.9804
vn -0.1662 0.1101 0.9799
vn -0.1643 0.1086 0.9804
vn -0.1621 0.1005 0.9816
vn -0.5224 -0.3151 0.7923
vn -0.5068 -0.8617 0.0259
vn -0.0452 -0.9269 0.3726
vn -0.0006 -0.9503 0.3114
vn 0.5822 0.8130 -0.0024
vn 0.6365 0.7677 -0.0735
vn 0.6417 0.7656 -0.0451
vn 0.6415 0.7660 -0.0407
vn 0.6419 0.7653 -0.0479
vn -0.1485 0.0941 -0.9844
vn -0.1476 0.0929 -0.9847
vn -0.1473 0.0924 -0.9848
vn -0.1684 0.1081 -0.9798
vn -0.1691 0.1072 -0.9798
vn -0.3335 -0.0696 -0.9402
vn -0.1771 0.1098 -0.9780
vn -0.1776 0.1146 -0.9774
vn -0.1877 0.1228 -0.9745
vn -0.1859 0.1210 -0.9751
vn -0.5170 -0.2576 -0.8163
vn -0.7752 0.5258 -0.3501
vn -0.7747 0.5258 -0.3513
vn -0.7882 0.5343 -0.3053
vn -0.7878 0.5344 -0.3062
vn -0.7955 0.5264 -0.3002
vn -0.7519 -0.6457 -0.1328
vn -0.7524 -0.6459 -0.1291
vn -0.7528 -0.6460 -0.1266
vn -0.8181 0.5545 -0.1528
vn -0.8179 0.5546 -0.1531
vn -0.8245 0.5588 -0.0897
vn -0.8244 0.5588 -0.0898
vn -0.8317 0.5482 -0.0877
vn -0.7579 -0.6513 -0.0379
vn -0.7579 -0.6513 -0.0364
vn -0.7580 -0.6513 -0.0356
vn -0.6543 0.4808 -0.5838
vn -0.6906 0.4984 -0.5240
vn -0.6827 0.5031 -0.5299
vn -0.6899 0.4920 -0.5311
vn -0.6840 0.5104 -0.5212
vn -0.6817 0.5103 -0.5243
vn -0.6834 0.5074 -0.5249
vn -0.0590 0.0679 -0.9960
vn -0.0687 0.0714 -0.9951
vn -0.0753 0.0690 -0.9948
vn -0.0675 0.0741 -0.9950
vn 0.2576 -0.2074 -0.9437
vn 0.2484 -0.2132 -0.9449
vn 0.2504 -0.2128 -0.9445
vn 0.2446 -0.2268 -0.9427
vn 0.2538 -0.2505 -0.9343
vn 0.2630 -0.2498 -0.9319
vn 0.2611 -0.2500 -0.9324
vn -0.0660 0.0511 0.9965
vn -0.0647 0.0527 0.9965
vn -0.0625 0.0528 0.9966
vn -0.0629 0.0522 0.9967
vn -0.0812 0.0706 0.9942
vn -0.0768 0.0746 0.9942
vn 0.5139 -0.5199 0.6823
vn 0.3823 -0.3633 0.8496
vn 0.4076 -0.3994 0.8212
vn -0.0756 0.0648 -0.9950
vn -0.0778 0.0638 -0.9949
vn -0.0815 0.0618 -0.9948
vn -0.0746 0.0634 -0.9952
vn -0.7918 0.5864 0.1709
vn -0.7918 0.5859 0.1726
vn -0.7701 0.5699 0.2867
vn -0.7706 0.5701 0.2850
vn -0.7703 0.5691 0.2878
vn -0.7673 0.5749 0.2841
vn -0.7687 0.5745 0.2810
vn -0.6840 0.5055 0.5260
vn -0.6827 0.5032 0.5298
vn -0.6522 0.4803 0.5865
vn -0.6543 0.4807 0.5838
vn -0.6577 0.4684 0.5900
vn -0.6517 0.4862 0.5821
vn -0.6541 0.4862 0.5795
vn -0.0647 0.0527 -0.9965
vn -0.0643 0.0510 -0.9966
vn -0.0668 0.0497 -0.9965
vn -0.0623 0.0508 -0.9968
vn 0.2446 -0.2268 0.9427
vn 0.2484 -0.2132 0.9449
vn 0.2589 -0.2111 0.9426
vn 0.2504 -0.2128 0.9445
vn 0.2703 -0.2353 0.9336
vn -0.0643 0.0627 0.9960
vn -0.0590 0.0679 0.9960
vn -0.0542 0.0683 0.9962
vn -0.0626 0.0697 0.9956
vn -0.0790 0.0632 0.9949
vn -0.0756 0.0647 0.9950
vn -0.0748 0.0652 0.9951
vn -0.0735 0.0653 0.9952
vn 0.3823 -0.3633 -0.8496
vn 0.5139 -0.5199 -0.6823
vn 0.5214 -0.5474 -0.6546
vn 0.5192 -0.5482 -0.6557
vn 0.5195 -0.5482 -0.6555
vn -0.0854 0.0742 -0.9936
vn -0.0907 0.0711 -0.9933
vn -0.0801 0.0718 -0.9942
vn -0.7706 0.5701 -0.2849
vn -0.7703 0.5691 -0.2877
vn -0.7918 0.5863 -0.1710
vn -0.7916 0.5863 -0.1722
vn -0.7918 0.5859 -0.1726
vn -0.7889 0.5909 -0.1687
vn -0.7885 0.5909 -0.1703
vn -0.7614 0.5858 -0.2776
vn -0.7809 0.6019 -0.1670
vn -0.7806 0.6019 -0.1685
vn -0.7790 0.6049 -0.1655
vn -0.7788 0.6047 -0.1666
vn -0.7824 0.5515 -0.2893
vn -0.7823 0.5512 -0.2903
vn -0.8049 0.5676 -0.1731
vn -0.8048 0.5675 -0.1737
vn -0.8049 0.5674 -0.1738
vn -0.8015 0.5726 -0.1722
vn -0.8014 0.5726 -0.1726
vn -0.6601 0.4646 -0.5903
vn -0.6595 0.4637 -0.5916
vn -0.6925 0.4879 -0.5314
vn -0.6918 0.4877 -0.5325
vn -0.6920 0.4871 -0.5328
vn -0.6909 0.4926 -0.5292
vn -0.0668 0.0670 -0.9955
vn -0.0876 0.0676 -0.9939
vn -0.0929 0.0701 -0.9932
vn -0.0930 0.0698 -0.9932
vn -0.0937 0.0697 -0.9932
vn -0.0699 0.0582 -0.9959
vn -0.0829 0.0657 -0.9944
vn 0.5838 0.8077 0.0823
vn 0.6417 0.7656 0.0451
vn 0.6415 0.7660 0.0407
vn 0.6413 0.7663 0.0379
vn 0.6400 0.7565 0.1342
vn 0.3916 -0.3051 -0.8681
vn 0.5637 -0.4491 -0.6932
vn 0.5511 -0.4759 -0.6854
vn 0.2529 -0.1950 -0.9476
vn 0.2467 -0.1849 -0.9513
vn 0.2514 -0.1942 -0.9482
vn 0.2571 -0.2043 -0.9445
vn 0.2587 -0.2094 -0.9430
vn -0.0717 0.0643 0.9953
vn -0.0680 0.0673 0.9954
vn -0.0660 0.0639 0.9958
vn -0.0827 0.0608 0.9947
vn -0.0837 0.0609 0.9946
vn -0.0825 0.0615 0.9947
vn -0.0677 0.0491 0.9965
vn -0.0681 0.0490 0.9965
vn -0.0690 0.0505 0.9963
vn -0.0678 0.0510 0.9964
vn -0.8301 0.0338 0.5566
vn -0.9337 0.0645 0.3521
vn -0.8995 0.0012 0.4370
vn -0.9094 0.1167 0.3991
vn -0.9090 0.1116 0.4017
vn -0.9093 0.1118 0.4009
vn -0.9615 0.1327 0.2406
vn -0.9612 0.1402 0.2376
vn -0.9606 0.1397 0.2403
vn -0.9496 0.1138 0.2921
vn -0.6635 0.0212 0.7479
vn -0.7334 0.0646 0.6768
vn -0.6614 0.0424 0.7488
vn -0.0232 0.9096 0.4149
vn -0.0468 0.9679 0.2470
vn -0.0261 0.9772 0.2107
vn -0.2690 0.7777 0.5682
vn -0.3143 0.8786 0.3596
vn -0.3180 0.8962 0.3094
vn -0.3174 0.8967 0.3086
vn -0.3058 0.9006 0.3089
vn -0.1145 0.5137 0.8503
vn -0.1886 0.5583 0.8079
vn -0.1710 0.6292 0.7582
vn -0.1732 0.6287 0.7581
vn -0.1908 0.6519 0.7339
vn -0.1884 0.6521 0.7344
vn -0.1906 0.6522 0.7337
vn -0.2549 0.8186 0.5147
vn -0.2769 0.8519 0.4444
vn -0.1441 0.5093 0.8484
vn -0.2145 0.6987 0.6825
vn -0.2845 0.7461 0.6020
vn -0.0550 0.2650 0.9627
vn -0.0840 0.2977 0.9510
vn -0.1199 0.3464 0.9304
vn -0.1177 0.4147 -0.9023
vn -0.0769 0.3716 -0.9252
vn -0.0474 0.4347 -0.8993
vn -0.0840 0.2977 -0.9510
vn -0.0550 0.2650 -0.9627
vn -0.0820 0.3090 -0.9475
vn -0.2145 0.6987 -0.6825
vn -0.1441 0.5093 -0.8484
vn -0.2023 0.5678 -0.7979
vn -0.0728 0.7281 -0.6815
vn -0.0991 0.6659 -0.7395
vn -0.0688 0.6261 -0.7767
vn -0.0658 0.6262 -0.7768
vn -0.0687 0.6261 -0.7767
vn -0.1886 0.5583 -0.8079
vn -0.1145 0.5137 -0.8503
vn -0.1278 0.5796 -0.8048
vn -0.3143 0.8786 -0.3597
vn -0.2690 0.7777 -0.5681
vn -0.2801 0.8200 -0.4991
vn -0.9475 0.1055 0.3020
vn -0.9762 0.1274 0.1753
vn -0.9701 0.1213 0.2103
vn -0.9708 0.0516 0.2343
vn -0.9884 0.0681 0.1355
vn -0.9845 0.0745 0.1587
vn -0.9844 0.0742 0.1596
vn -0.9843 0.0774 0.1584
vn -0.8530 -0.0096 0.5218
vn -0.8912 0.0240 0.4530
vn -0.8579 0.0285 0.5130
vn -0.8295 0.0673 -0.5544
vn -0.8283 0.0602 -0.5571
vn -0.8294 0.0670 -0.5546
vn -0.7769 0.0271 -0.6290
vn -0.7783 0.0338 -0.6270
vn -0.7766 0.0277 -0.6294
vn -0.7176 0.0214 -0.6962
vn -0.8912 0.0240 -0.4530
vn -0.8530 -0.0096 -0.5218
vn -0.8117 -0.0047 -0.5841
vn -0.9884 0.0681 -0.1355
vn -0.9708 0.0516 -0.2343
vn -0.9602 0.0564 -0.2736
vn -0.9602 0.0565 -0.2736
vn -0.9601 0.0685 -0.2712
vn -0.5817 0.0004 -0.8134
vn -0.5026 -0.0348 -0.8638
vn -0.4229 -0.0551 -0.9045
vn -0.7334 0.0646 -0.6768
vn -0.6635 0.0212 -0.7479
vn -0.5872 0.0051 -0.8094
vn -0.9612 0.1402 -0.2376
vn -0.9617 0.1325 -0.2401
vn -0.9609 0.1402 -0.2389
vn -0.9090 0.1116 -0.4017
vn -0.9094 0.1167 -0.3992
vn -0.9093 0.1118 -0.4009
vn -0.8749 0.0845 -0.4769
vn -0.1493 0.0877 0.9849
vn -0.1539 0.0871 0.9842
vn -0.1505 0.0875 0.9847
vn -0.1507 0.0858 0.9848
vn -0.1564 0.0851 0.9840
vn -0.1522 0.0856 0.9846
vn -0.1605 0.0963 0.9823
vn -0.1267 0.0631 0.9899
vn -0.1291 0.0605 0.9898
vn -0.1442 0.0725 0.9869
vn -0.1426 0.0725 0.9871
vn -0.1437 0.0724 0.9870
vn -0.1157 0.0646 0.9912
vn -0.1091 0.0586 0.9923
vn -0.1166 0.0615 0.9913
vn -0.1197 0.0646 0.9907
vn -0.1126 0.0583 0.9919
vn -0.1256 0.0712 0.9895
vn -0.1289 0.0724 0.9890
vn -0.1491 0.0717 0.9862
vn -0.1559 0.0679 0.9854
vn -0.1503 0.0713 0.9861
vn -0.1357 0.0582 0.9890
vn -0.1375 0.0577 0.9888
vn -0.1459 0.0725 0.9866
vn -0.1463 0.0724 0.9866
vn -0.1261 0.0392 0.9912
vn -0.1232 0.0375 0.9917
vn -0.1283 0.0406 0.9909
vn -0.1157 0.0262 0.9929
vn -0.1329 0.0404 0.9903
vn -0.1323 0.0406 0.9904
vn -0.1360 0.0587 0.9890
vn -0.1346 0.0521 0.9895
vn -0.1378 0.0540 0.9890
vn -0.1505 0.0670 0.9863
vn -0.1560 0.0685 0.9854
vn -0.0471 0.0738 0.9962
vn -0.0443 0.0729 0.9964
vn -0.0498 0.0739 0.9960
vn -0.0830 0.0657 0.9944
vn -0.0877 0.0676 0.9939
vn -0.0699 0.0582 0.9959
vn -0.0666 0.0603 0.9960
vn -0.0928 0.0701 0.9932
vn 0.7716 -0.4055 -0.4901
vn 0.7705 -0.3999 -0.4964
vn 0.7713 -0.4039 -0.4920
vn 0.8377 -0.4302 -0.3364
vn 0.8056 -0.4391 -0.3977
vn 0.8482 -0.4213 -0.3211
vn 0.8776 -0.4220 -0.2272
vn 0.8605 -0.4117 -0.3000
vn 0.7288 -0.3961 -0.5586
vn 0.7356 -0.3737 -0.5650
vn 0.6581 -0.3299 -0.6768
vn 0.6067 -0.3285 0.7239
vn 0.5927 -0.3351 0.7324
vn 0.5970 -0.3418 0.7258
vn 0.5955 -0.3395 0.7281
vn 0.5224 -0.3100 0.7944
vn 0.5199 -0.3048 0.7980
vn 0.5206 -0.3065 0.7969
vn 0.7356 -0.3737 0.5650
vn 0.7288 -0.3961 0.5586
vn 0.6498 -0.3491 0.6752
vn 0.8776 -0.4220 0.2272
vn 0.8482 -0.4213 0.3211
vn 0.8108 -0.3984 0.4288
vn -0.4363 -0.8265 -0.3557
vn 0.0887 -0.9800 -0.1784
vn 0.0902 -0.8959 -0.4351
vn 0.2563 -0.2022 0.9452
vn 0.2529 -0.1950 0.9476
vn 0.2490 -0.1887 0.9499
vn 0.2467 -0.1849 0.9513
vn 0.2530 -0.1955 0.9475
vn 0.5637 -0.4491 0.6932
vn 0.3916 -0.3051 0.8681
vn 0.3940 -0.3246 0.8599
vn 0.3999 -0.3216 0.8583
vn 0.3947 -0.3244 0.8596
vn -0.1672 0.0825 -0.9825
vn -0.1617 0.0847 -0.9832
vn -0.1626 0.0857 -0.9830
vn -0.1706 0.0899 -0.9812
vn -0.1694 0.0957 -0.9809
vn -0.1788 0.1041 -0.9784
vn -0.1816 0.1072 -0.9775
vn -0.1346 0.0521 -0.9895
vn -0.1369 0.0531 -0.9892
vn -0.1378 0.0540 -0.9890
vn -0.1360 0.0587 -0.9890
vn -0.1525 0.0741 -0.9855
vn -0.1559 0.0739 -0.9850
vn -0.1549 0.0739 -0.9852
vn -0.1157 0.0262 -0.9929
vn -0.1232 0.0375 -0.9917
vn -0.1283 0.0406 -0.9909
vn -0.1443 0.0545 -0.9880
vn -0.1445 0.0544 -0.9880
vn -0.1325 0.0795 -0.9880
vn -0.1291 0.0764 -0.9887
vn -0.1278 0.0751 -0.9890
vn -0.1343 0.0850 -0.9873
vn -0.1367 0.0862 -0.9869
vn -0.1176 0.0645 -0.9910
vn -0.1127 0.0583 -0.9919
vn -0.1157 0.0646 -0.9912
vn -0.1185 0.0669 -0.9907
vn -0.1192 0.0668 -0.9906
vn -0.1291 0.0605 -0.9898
vn -0.1268 0.0631 -0.9899
vn -0.1400 0.0750 -0.9873
vn -0.1419 0.0748 -0.9871
vn -0.1414 0.0749 -0.9871
vn -0.0600 0.0541 -0.9967
vn -0.0595 0.0511 -0.9969
vn -0.0582 0.0508 -0.9970
vn -0.0695 0.0506 -0.9963
vn -0.0677 0.0491 -0.9965
vn -0.0676 0.0491 -0.9965
vn -0.0681 0.0490 -0.9965
vn -0.0823 0.0614 -0.9947
vn -0.0827 0.0609 -0.9947
vn -0.0830 0.0610 -0.9947
vn -0.0837 0.0609 -0.9946
vn -0.8287 0.5397 -0.1480
vn -0.8296 0.5397 -0.1436
vn -0.8350 0.5436 -0.0854
vn -0.8351 0.5432 -0.0870
vn -0.8353 0.5431 -0.0848
vn -0.8318 0.5478 -0.0896
vn -0.8404 0.5246 -0.1358
vn -0.8416 0.5245 -0.1288
vn -0.8458 0.5276 -0.0788
vn -0.8460 0.5271 -0.0809
vn -0.8464 0.5269 -0.0773
vn -0.8435 0.5306 -0.0830
vn -0.8436 0.5301 -0.0851
vn -0.8077 0.5058 -0.3030
vn -0.8182 0.5105 -0.2646
vn -0.8123 0.5118 -0.2798
vn -0.8132 0.5098 -0.2807
vn -0.8124 0.5116 -0.2799
vn -0.8071 0.5119 0.2943
vn -0.8021 0.5221 0.2899
vn -0.8023 0.5212 0.2909
vn -0.7946 0.5057 0.3361
vn -0.7899 0.5153 0.3325
vn -0.7906 0.5142 0.3325
vn -0.7825 0.5162 0.3482
vn -0.7844 0.5172 0.3424
vn -0.8182 0.5105 0.2646
vn -0.8077 0.5058 0.3029
vn -0.8014 0.5045 0.3212
vn -0.8006 0.5061 0.3207
vn -0.8009 0.5058 0.3206
vn -0.8460 0.5271 0.0809
vn -0.8464 0.5269 0.0773
vn -0.8404 0.5246 0.1358
vn -0.8406 0.5253 0.1323
vn -0.8416 0.5245 0.1288
vn -0.8397 0.5250 0.1389
vn -0.8382 0.5277 0.1376
vn -0.6796 0.5210 0.5164
vn -0.6501 0.4946 0.5769
vn -0.6507 0.4962 0.5747
vn -0.6514 0.4982 0.5723
vn -0.6511 0.5008 0.5703
vn -0.6925 0.4879 0.5315
vn -0.6920 0.4871 0.5328
vn -0.6595 0.4643 0.5912
vn -0.6601 0.4646 0.5903
vn -0.6595 0.4637 0.5916
vn -0.6593 0.4689 0.5878
vn -0.8049 0.5676 0.1731
vn -0.8049 0.5674 0.1738
vn -0.7822 0.5514 0.2901
vn -0.7824 0.5515 0.2893
vn -0.7823 0.5512 0.2903
vn -0.7793 0.5563 0.2885
vn -0.7797 0.5564 0.2872
vn -0.7809 0.6019 0.1670
vn -0.7608 0.5856 0.2797
vn -0.7614 0.5858 0.2776
vn -0.7598 0.5886 0.2763
vn -0.7601 0.5891 0.2744
vn -0.8351 0.5432 0.0869
vn -0.8353 0.5431 0.0848
vn -0.8366 0.5283 0.1451
vn -0.8295 0.5397 0.1436
vn -0.8300 0.5391 0.1429
vn -0.8254 0.5436 0.1522
vn -0.8259 0.5439 0.1484
vn -0.7869 0.5144 -0.3407
vn -0.7899 0.5153 -0.3325
vn -0.8004 0.5228 -0.2935
vn -0.7998 0.5215 -0.2972
vn -0.8021 0.5221 -0.2899
vn -0.7957 0.5239 -0.3038
vn -0.0708 0.0624 -0.9955
vn -0.0667 0.0631 -0.9958
vn -0.1564 0.0851 -0.9840
vn -0.1507 0.0858 -0.9848
vn -0.1521 0.0856 -0.9846
vn -0.1539 0.0871 -0.9842
vn -0.1494 0.0877 -0.9849
vn -0.1505 0.0875 -0.9847
vn -0.1647 0.1021 -0.9810
vn -0.1356 0.0582 -0.9891
vn -0.1376 0.0578 -0.9888
vn -0.1504 0.0713 -0.9861
vn -0.1622 0.0869 -0.9829
vn -0.1607 0.0858 -0.9833
vn 0.2935 0.4151 0.8611
vn 0.1668 0.2308 0.9586
vn 0.1453 0.2084 0.9672
vn 0.8377 -0.4302 0.3364
vn 0.7705 -0.4000 0.4964
vn 0.7716 -0.4055 0.4901
vn 0.7713 -0.4039 0.4920
vn 0.7039 -0.3889 0.5944
vn 0.7038 -0.3884 0.5948
vn 0.7039 -0.3886 0.5946
vn 0.5970 -0.3418 -0.7258
vn 0.5927 -0.3351 -0.7324
vn 0.5955 -0.3395 -0.7281
vn 0.6067 -0.3285 -0.7239
vn 0.5313 -0.2988 -0.7928
vn 0.5318 -0.2996 -0.7921
vn 0.5315 -0.2990 -0.7925
vn -0.0666 0.0740 0.9950
vn -0.1679 0.0926 0.9814
vn -0.1707 0.0899 0.9812
vn -0.1694 0.0957 0.9809
vn -0.1672 0.0825 0.9825
vn -0.1626 0.0857 0.9830
vn -0.1713 0.0973 0.9804
vn -0.1718 0.0974 0.9803
vn -0.1300 0.0788 0.9884
vn -0.1308 0.0794 0.9882
vn -0.1343 0.0798 0.9877
vn -0.1385 0.0865 0.9866
vn -0.9337 0.0645 -0.3521
vn -0.8301 0.0338 -0.5566
vn -0.7634 -0.0191 -0.6456
vn -0.9762 0.1274 -0.1753
vn -0.9475 0.1055 -0.3020
vn -0.9290 0.0978 -0.3569
vn -0.7785 0.0337 0.6267
vn -0.7769 0.0271 0.6290
vn -0.7768 0.0274 0.6291
vn -0.8283 0.0602 0.5571
vn -0.8295 0.0673 0.5544
vn -0.8294 0.0670 0.5546
vn -0.7790 0.0595 0.6242
vn -0.0468 0.9679 -0.2470
vn -0.0232 0.9096 -0.4149
vn -0.0056 0.9349 -0.3548
vn -0.2549 0.8186 -0.5147
vn -0.1884 0.6521 -0.7344
vn -0.1908 0.6519 -0.7339
vn -0.1906 0.6522 -0.7337
vn -0.2176 0.7164 -0.6629
vn -0.0769 0.3716 0.9252
vn -0.1177 0.4147 0.9023
vn -0.1398 0.4797 0.8662
vn -0.0990 0.6659 0.7395
vn -0.0728 0.7281 0.6815
vn -0.0225 0.6730 0.7393
vn -0.0227 0.6728 0.7395
vn -0.0339 0.6725 0.7393
vn -0.5026 -0.0348 0.8638
vn -0.5817 0.0004 0.8134
vn -0.4951 -0.0309 0.8683
vn -0.0599 0.0541 0.9967
vn -0.0579 0.0515 0.9970
vn 0.5774 0.7996 0.1648
vn 0.6361 0.7531 0.1678
vn 0.6336 0.7519 0.1824
vn -0.0470 0.0736 -0.9962
vn -0.0603 0.0748 -0.9954
vn -0.6506 0.4963 -0.5748
vn -0.6797 0.5209 -0.5164
vn -0.6784 0.5199 -0.5191
vn -0.6793 0.5252 -0.5126
vn -0.6789 0.5235 -0.5148
vn 0.6511 0.5008 0.5703
vn 0.6514 0.4982 0.5723
vn 0.6500 0.4946 0.5769
vn 0.0498 0.0739 0.9960
vn 0.0443 0.0729 0.9964
vn 0.0561 0.0736 0.9957
vn -0.5755 0.8003 -0.1682
vn 0.0592 0.0525 -0.9969
vn 0.0582 0.0507 -0.9970
vn 0.0595 0.0511 -0.9969
vn 0.4229 -0.0551 -0.9045
vn 0.0658 0.6263 -0.7768
vn 0.0688 0.6261 -0.7767
vn 0.0687 0.6261 -0.7767
vn 0.0474 0.4347 -0.8993
vn 0.2769 0.8519 0.4444
vn 0.0261 0.9772 0.2107
vn 0.7175 0.0215 -0.6962
vn 0.9701 0.1213 0.2104
vn 0.8995 0.0012 0.4370
vn 0.1331 0.0862 -0.9873
vn 0.1343 0.0850 -0.9873
vn 0.1272 0.0784 -0.9888
vn 0.1776 0.1045 -0.9785
vn 0.1788 0.1042 -0.9783
vn 0.1778 0.1044 -0.9785
vn 0.0687 0.0749 -0.9948
vn 0.0668 0.0670 -0.9955
vn 0.0754 0.0698 -0.9947
vn -0.5199 -0.3048 0.7980
vn -0.5224 -0.3100 0.7943
vn -0.5207 -0.3064 0.7969
vn -0.8056 -0.4391 -0.3977
vn -0.5145 0.8568 -0.0336
vn -0.5145 0.8567 -0.0356
vn -0.5146 0.8567 -0.0353
vn 0.1492 0.0717 0.9862
vn 0.1459 0.0725 0.9866
vn 0.1463 0.0724 0.9866
vn 0.1647 0.1003 0.9812
vn 0.1621 0.1005 0.9817
vn 0.1605 0.0963 0.9823
vn 0.0662 0.0640 0.9958
vn 0.0755 0.0697 0.9947
vn 0.0701 0.0649 0.9954
vn 0.7823 0.5188 0.3446
vn 0.7825 0.5162 0.3482
vn 0.7878 0.5158 0.3367
vn 0.8318 0.5479 -0.0894
vn 0.8317 0.5483 -0.0874
vn 0.8349 0.5437 -0.0853
vn 0.7788 0.6047 -0.1666
vn 0.7790 0.6047 -0.1655
vn 0.7806 0.6018 -0.1685
vn 0.8014 0.5726 -0.1728
vn 0.8015 0.5726 -0.1722
vn 0.8049 0.5675 -0.1737
vn 0.6902 0.4921 -0.5306
vn 0.6910 0.4925 -0.5291
vn 0.6919 0.4876 -0.5325
vn 0.6789 0.5234 -0.5148
vn 0.6793 0.5252 -0.5126
vn 0.6783 0.5200 -0.5191
vn 0.8437 0.5301 -0.0850
vn 0.8435 0.5306 -0.0831
vn 0.8458 0.5276 -0.0788
vn 0.8132 0.5098 -0.2807
vn 0.8123 0.5118 -0.2798
vn 0.8124 0.5115 -0.2799
vn 0.7957 0.5239 -0.3039
vn 0.7955 0.5263 -0.3003
vn 0.7965 0.5248 -0.3001
vn 0.8007 0.5062 0.3206
vn 0.8013 0.5046 0.3214
vn 0.8007 0.5060 0.3207
vn 0.8378 0.5278 0.1399
vn 0.8377 0.5271 0.1430
vn 0.8405 0.5253 0.1323
vn 0.8252 0.5447 0.1493
vn 0.8255 0.5435 0.1523
vn 0.8287 0.5405 0.1453
vn 0.0790 0.0632 0.9949
vn 0.0801 0.0620 0.9949
vn 0.0818 0.0615 0.9947
vn 0.0660 0.0511 0.9965
vn 0.0679 0.0510 0.9964
vn 0.0679 0.0500 0.9964
vn 0.0579 0.0516 0.9970
vn 0.0589 0.0538 0.9968
vn 0.0592 0.0525 0.9969
vn 0.1426 0.0725 0.9871
vn 0.1442 0.0724 0.9869
vn 0.1437 0.0724 0.9870
vn 0.1151 0.0629 0.9914
vn 0.1232 0.0669 0.9901
vn 0.1166 0.0615 0.9913
vn 0.1289 0.0787 0.9885
vn 0.1345 0.0836 0.9874
vn 0.1309 0.0795 0.9882
vn 0.1262 0.0392 0.9912
vn 0.1329 0.0404 0.9903
vn 0.1323 0.0406 0.9904
vn 0.1504 0.0670 0.9863
vn 0.1559 0.0679 0.9854
vn 0.1560 0.0685 0.9854
vn 0.1679 0.0926 0.9814
vn 0.1697 0.1029 0.9801
vn 0.1753 0.1001 0.9794
vn -0.5511 -0.4759 -0.6854
vn -0.2544 -0.2060 -0.9449
vn -0.2572 -0.2044 -0.9445
vn -0.2513 -0.1956 -0.9479
vn 0.4316 -0.8095 0.3981
vn -0.8605 -0.4117 -0.3000
vn -0.6581 -0.3299 -0.6769
vn -0.5318 -0.2996 -0.7921
vn -0.5313 -0.2987 -0.7928
vn -0.5315 -0.2990 -0.7925
vn -0.6499 -0.3491 0.6751
vn -0.8108 -0.3984 0.4288
vn -0.7038 -0.3884 0.5948
vn -0.7039 -0.3889 0.5943
vn -0.7038 -0.3885 0.5947
vn 0.0887 0.0689 -0.9937
vn 0.0907 0.0711 -0.9933
vn 0.0930 0.0694 -0.9932
vn 0.0749 0.0627 -0.9952
vn 0.0753 0.0690 -0.9948
vn 0.0836 0.0669 -0.9942
vn 0.0561 0.0738 -0.9957
vn 0.0604 0.0748 -0.9954
vn 0.0578 0.0738 -0.9956
vn 0.1559 0.0739 -0.9850
vn 0.1525 0.0741 -0.9855
vn 0.1550 0.0739 -0.9851
vn 0.1443 0.0545 -0.9880
vn 0.1369 0.0531 -0.9892
vn 0.1445 0.0544 -0.9880
vn 0.1635 0.0878 -0.9826
vn 0.1617 0.0847 -0.9832
vn 0.1637 0.0877 -0.9826
vn 0.1218 0.0707 -0.9900
vn 0.1245 0.0719 -0.9896
vn 0.1130 0.0616 -0.9917
vn 0.1419 0.0748 -0.9871
vn 0.1399 0.0749 -0.9873
vn 0.1415 0.0748 -0.9871
vn 0.1618 0.1032 -0.9814
vn 0.1647 0.1021 -0.9810
vn 0.1647 0.1003 -0.9812
vn 0.9496 0.1138 0.2921
vn 0.6614 0.0424 0.7488
vn 0.4951 -0.0309 0.8683
vn 0.9844 0.0742 0.1596
vn 0.9845 0.0744 0.1587
vn 0.9843 0.0773 0.1584
vn 0.8579 0.0285 0.5131
vn 0.7790 0.0594 0.6243
vn 0.8117 -0.0047 -0.5840
vn 0.9602 0.0565 -0.2736
vn 0.9602 0.0564 -0.2736
vn 0.9601 0.0685 -0.2712
vn 0.9290 0.0978 -0.3568
vn 0.3174 0.8966 0.3088
vn 0.3179 0.8961 0.3098
vn 0.3057 0.9006 0.3091
vn 0.1732 0.6287 0.7581
vn 0.1710 0.6292 0.7582
vn 0.0227 0.6727 0.7395
vn 0.0225 0.6730 0.7393
vn 0.0339 0.6724 0.7394
vn 0.2845 0.7461 0.6020
vn 0.1199 0.3464 0.9304
vn 0.1398 0.4797 0.8662
vn 0.0820 0.3090 -0.9475
vn 0.2023 0.5678 -0.7979
vn 0.2176 0.7164 -0.6629
vn 0.1278 0.5796 -0.8048
vn 0.2802 0.8200 -0.4991
vn 0.0056 0.9349 -0.3548
vn 0.5872 0.0051 -0.8094
vn 0.8749 0.0845 -0.4769
vn 0.7634 -0.0192 -0.6456
vn 0.0679 0.0500 -0.9964
vn 0.0668 0.0497 -0.9965
vn 0.0678 0.0491 -0.9965
vn 0.0818 0.0615 -0.9947
vn 0.0815 0.0618 -0.9948
vn 0.0830 0.0610 -0.9947
vn 0.0701 0.0649 -0.9954
vn 0.0603 0.0560 -0.9966
vn 0.0662 0.0602 -0.9960
vn -0.2521 -0.1947 0.9479
vn -0.2530 -0.1955 0.9475
vn -0.2490 -0.1887 0.9499
vn -0.3999 -0.3215 0.8583
vn -0.3941 -0.3246 0.8598
vn -0.3947 -0.3244 0.8597
vn -0.5824 0.8073 -0.0951
vn 0.0704 0.0631 0.9955
vn 0.0685 0.0603 0.9958
vn 0.0749 0.0627 0.9952
vn 0.0812 0.0705 0.9942
vn 0.0836 0.0669 0.9942
vn 0.0887 0.0689 0.9937
vn 0.0666 0.0740 0.9950
vn 0.0578 0.0741 0.9956
vn 0.0687 0.0749 0.9948
vn 0.6592 0.4689 0.5878
vn 0.6576 0.4684 0.5900
vn 0.6594 0.4643 0.5912
vn 0.7797 0.5564 0.2872
vn 0.7793 0.5563 0.2886
vn 0.7822 0.5514 0.2901
vn 0.7601 0.5890 0.2744
vn 0.7598 0.5886 0.2763
vn 0.7608 0.5856 0.2797
vn 0.7687 0.5745 0.2810
vn 0.7675 0.5748 0.2840
vn 0.7701 0.5699 0.2868
vn 0.0768 0.0746 0.9942
vn 0.0733 0.0729 0.9946
vn 0.0792 0.0735 0.9941
vn -0.4076 -0.3994 0.8212
vn 0.0752 0.0643 -0.9951
vn 0.0746 0.0634 -0.9952
vn 0.0778 0.0638 -0.9949
vn 0.0637 0.0703 -0.9955
vn 0.0675 0.0741 -0.9950
vn 0.0733 0.0729 -0.9946
vn -0.2630 -0.2498 -0.9319
vn -0.2538 -0.2504 -0.9343
vn -0.2611 -0.2500 -0.9324
vn 0.0629 0.0522 0.9967
vn 0.0625 0.0528 0.9966
vn 0.0636 0.0518 0.9966
vn 0.6817 0.5103 -0.5243
vn 0.6840 0.5104 -0.5212
vn 0.6829 0.5047 -0.5281
vn 0.7885 0.5909 -0.1704
vn 0.7888 0.5910 -0.1688
vn 0.7915 0.5864 -0.1723
vn 0.0735 0.0653 0.9952
vn 0.0723 0.0650 0.9953
vn 0.0752 0.0643 0.9951
vn -0.5192 -0.5482 -0.6557
vn -0.5214 -0.5473 -0.6547
vn -0.5194 -0.5482 -0.6555
vn 0.0792 0.0735 -0.9941
vn 0.0822 0.0733 -0.9939
vn 0.0854 0.0742 -0.9936
vn 0.0636 0.0518 -0.9966
vn 0.0623 0.0508 -0.9968
vn 0.0643 0.0510 -0.9966
vn -0.2703 -0.2353 0.9336
vn 0.0626 0.0698 0.9956
vn 0.0542 0.0683 0.9962
vn 0.0636 0.0703 0.9955
vn 0.6541 0.4863 0.5794
vn 0.6517 0.4862 0.5822
vn 0.6522 0.4804 0.5864
vn 0.7570 -0.6503 0.0635
vn 0.7571 -0.6503 0.0624
vn 0.7571 -0.6503 0.0616
vn 0.7499 -0.6434 0.1536
vn 0.7505 -0.6437 0.1500
vn 0.7508 -0.6438 0.1476
vn 0.4259 -0.1620 0.8902
vn 0.2358 -0.0020 0.9718
vn -0.5841 0.8117 0.0019
vn 0.4950 -0.8685 -0.0256
vn 0.5753 -0.3919 -0.7180
vn 0.5603 -0.4522 -0.6940
vn 0.3335 -0.0696 -0.9402
vn 0.5170 -0.2576 -0.8163
vn 0.4539 -0.8910 0.0099
vn 0.4539 -0.8910 0.0093
vn 0.4539 -0.8910 0.0098
vn -0.0265 -0.0194 -0.9995
vn -0.0261 -0.0200 -0.9995
vn -0.0265 -0.0195 -0.9995
vn 0.5314 -0.3994 0.7470
vn 0.5223 -0.3150 0.7924
vn 0.7524 -0.6459 -0.1291
vn 0.7519 -0.6457 -0.1328
vn 0.7528 -0.6460 -0.1266
vn 0.7579 -0.6513 -0.0364
vn 0.7579 -0.6513 -0.0379
vn 0.7580 -0.6513 -0.0356
vn 0.6120 -0.7908 -0.0043
vn 0.6081 -0.7938 -0.0112
vn 0.6084 -0.7936 -0.0059
vn -0.0084 -0.0053 1.0000
vn -0.0078 -0.0051 1.0000
vn 0.6106 -0.7916 -0.0247
vn 0.6075 -0.7940 -0.0221
vn 0.6078 -0.7939 -0.0204
vn -0.6278 0.7784 0.0015
vn -0.6269 0.7790 0.0085
vn -0.6312 0.7756 0.0062
vn -0.8215 -0.5649 -0.0768
vn -0.8215 -0.5650 -0.0769
vn -0.8210 -0.5657 -0.0768
vn -0.8073 -0.5551 -0.2002
vn -0.8073 -0.5553 -0.2000
vn -0.8068 -0.5559 -0.2000
vn -0.8107 -0.5578 0.1780
vn -0.8108 -0.5575 0.1782
vn -0.8105 -0.5581 0.1779
vn -0.8227 -0.5660 0.0529
vn -0.8228 -0.5658 0.0529
vn -0.8223 -0.5666 0.0528
vn -0.5145 0.8568 0.0336
vn -0.5145 0.8569 0.0317
vn -0.5146 0.8567 0.0353
vn -0.0312 -0.0156 0.9994
vn -0.0339 -0.0121 0.9994
vn -0.0322 -0.0163 0.9993
vn 0.4748 -0.8801 -0.0087
vn -0.0331 -0.0149 -0.9993
vn -0.0356 -0.0114 -0.9993
vn -0.0305 -0.0198 -0.9993
vn 0.5068 -0.8620 0.0052
vn -0.0268 -0.0191 0.9995
vn -0.0265 -0.0195 0.9995
vn -0.0265 -0.0194 0.9995
vn 0.3988 -0.6626 -0.6339
vn 0.3720 -0.6867 0.6245
vn -0.5648 0.8251 -0.0143
vn -0.5648 0.8250 -0.0168
vn -0.5647 0.8251 -0.0167
vn -0.5648 0.8251 0.0143
vn -0.5648 0.8251 0.0118
vn -0.5647 0.8251 0.0168
vn -0.5800 0.8146 0.0054
vn 0.4539 -0.8910 -0.0099
vn 0.4539 -0.8910 -0.0104
vn 0.4539 -0.8910 -0.0098
vn -0.8262 -0.5589 -0.0711
vn -0.8261 -0.5585 -0.0754
vn -0.8259 -0.5587 -0.0757
vn -0.8283 -0.5600 0.0192
vn -0.8282 -0.5602 0.0194
vn -0.8281 -0.5601 0.0239
vn -0.8266 -0.5588 0.0665
vn -0.8265 -0.5590 0.0665
vn -0.8262 -0.5589 0.0711
vn -0.8281 -0.5601 -0.0239
vn -0.8281 -0.5598 -0.0285
vn -0.8280 -0.5600 -0.0283
vn -0.6261 0.7795 -0.0195
vn -0.6314 0.7755 -0.0062
vn -0.6265 0.7793 -0.0164
vn -0.6269 0.7790 -0.0091
vn -0.0078 -0.0052 -1.0000
vn -0.0078 -0.0051 -1.0000
vn -0.0084 -0.0053 -1.0000
vn 0.6115 -0.7912 0.0095
vn 0.6078 -0.7938 0.0188
vn 0.6106 -0.7916 0.0247
vn 0.6057 -0.7957 -0.0000
vn 0.6084 -0.7936 0.0060
vn 0.6120 -0.7908 0.0043
vn -0.6259 0.7792 0.0334
vn -0.6260 0.7793 0.0293
vn -0.6260 0.7794 0.0235
vn -0.6253 0.7795 0.0370
vn -0.6325 0.7723 0.0584
vn -0.6334 0.7721 0.0520
vn -0.6335 0.7723 0.0481
vn -0.6336 0.7725 0.0420
vn 0.6081 -0.7938 0.0112
vn 0.6142 -0.7891 0.0104
vn 0.6139 -0.7892 0.0153
vn 0.6143 -0.7890 0.0081
vn 0.6075 -0.7940 0.0221
vn 0.6075 -0.7939 0.0258
vn 0.6127 -0.7893 0.0407
vn 0.6138 -0.7890 0.0275
vn 0.6134 -0.7892 0.0292
vn -0.0090 -0.0053 -0.9999
vn -0.0090 -0.0055 -0.9999
vn -0.0090 -0.0054 -0.9999
vn -0.6271 0.7789 -0.0049
vn -0.6271 0.7790 -0.0000
vn -0.6350 0.7724 -0.0117
vn -0.6318 0.7751 -0.0052
vn -0.6349 0.7725 -0.0150
vn -0.6305 0.7759 -0.0208
vn -0.6266 0.7791 -0.0171
vn -0.6344 0.7722 -0.0345
vn -0.6265 0.7788 -0.0317
vn -0.6341 0.7726 -0.0324
vn -0.6337 0.7726 -0.0379
vn -0.6261 0.7787 -0.0402
vn -0.6324 0.7736 -0.0408
vn -0.8279 -0.5602 -0.0285
vn -0.8279 -0.5602 -0.0286
vn -0.8281 -0.5603 -0.0193
vn -0.8282 -0.5602 -0.0194
vn -0.8283 -0.5600 -0.0193
vn -0.8263 -0.5593 0.0669
vn -0.8258 -0.5589 0.0757
vn -0.8259 -0.5587 0.0757
vn -0.8258 -0.5589 0.0755
vn -0.8261 -0.5585 0.0754
vn -0.8281 -0.5603 0.0193
vn -0.8279 -0.5602 0.0285
vn -0.8280 -0.5600 0.0283
vn -0.8279 -0.5602 0.0286
vn -0.8281 -0.5599 0.0285
vn -0.8258 -0.5589 -0.0757
vn -0.8258 -0.5589 -0.0755
vn -0.8264 -0.5592 -0.0666
vn -0.8265 -0.5590 -0.0666
vn -0.8266 -0.5589 -0.0665
vn 0.2722 -0.4450 -0.8532
vn 0.1534 -0.2297 -0.9611
vn 0.1349 -0.2106 -0.9682
vn -0.5776 0.8163 0.0056
vn -0.6293 0.7672 0.1241
vn -0.6337 0.7647 0.1170
vn -0.4377 0.6453 0.6261
vn -0.4184 0.6572 0.6269
vn -0.4581 0.6719 0.5820
vn -0.4730 0.6632 -0.5801
vn -0.4034 0.5799 -0.7078
vn -0.2765 0.3942 -0.8765
vn 0.3690 -0.6963 0.6156
vn -0.0824 -0.8167 0.5712
vn -0.0636 -0.7807 0.6216
vn 0.4215 -0.6809 -0.5989
vn 0.4206 -0.6814 -0.5990
vn 0.4217 -0.6808 -0.5989
vn 0.3734 -0.5877 -0.7178
vn 0.2430 -0.3758 -0.8943
vn -0.0261 -0.0200 0.9995
vn -0.0256 -0.0206 0.9995
vn -0.1933 -0.1340 0.9720
vn -0.1915 -0.1360 0.9720
vn -0.1912 -0.1360 0.9721
vn -0.1935 -0.1332 0.9720
vn -0.1932 -0.1340 0.9720
vn 0.4866 -0.8736 0.0061
vn 0.3817 -0.6718 0.6348
vn 0.4226 -0.6804 0.5987
vn 0.4217 -0.6808 0.5989
vn 0.4215 -0.6809 0.5989
vn -0.0319 -0.0138 -0.9994
vn -0.0347 -0.0104 -0.9993
vn -0.0291 -0.0188 -0.9994
vn -0.0372 -0.0029 -0.9993
vn -0.0398 0.0007 -0.9992
vn -0.0381 -0.0046 -0.9993
vn -0.0402 -0.0014 -0.9992
vn 0.4836 -0.8752 -0.0118
vn -0.0334 -0.9789 -0.2016
vn -0.0717 -0.9954 -0.0637
vn -0.0395 -0.0006 0.9992
vn -0.0375 -0.0083 0.9993
vn -0.0402 -0.0014 0.9992
vn -0.0388 -0.0028 0.9992
vn -0.0423 0.0030 0.9991
vn -0.0372 -0.0029 0.9993
vn -0.2633 0.4188 0.8691
vn -0.2370 0.4332 0.8696
vn -0.2627 0.4315 0.8630
vn -0.8222 -0.5668 0.0530
vn -0.8209 -0.5658 0.0769
vn -0.8210 -0.5657 0.0768
vn -0.8209 -0.5659 0.0766
vn -0.8216 -0.5649 0.0769
vn -0.8215 -0.5649 0.0768
vn -0.8102 -0.5586 0.1779
vn -0.8067 -0.5561 0.2001
vn -0.8068 -0.5560 0.2000
vn -0.8067 -0.5561 0.2000
vn -0.8073 -0.5552 0.2001
vn -0.8073 -0.5551 0.2002
vn -0.8067 -0.5561 -0.2001
vn -0.8067 -0.5561 -0.2000
vn -0.8103 -0.5583 -0.1779
vn -0.8102 -0.5585 -0.1779
vn -0.8108 -0.5575 -0.1782
vn -0.8107 -0.5578 -0.1780
vn -0.8209 -0.5659 -0.0766
vn -0.8209 -0.5660 -0.0766
vn -0.8222 -0.5667 -0.0529
vn -0.8222 -0.5668 -0.0530
vn -0.8228 -0.5658 -0.0529
vn -0.8227 -0.5661 -0.0529
vn -0.6264 0.7793 0.0164
vn -0.6305 0.7759 0.0208
vn -0.6349 0.7725 0.0150
vn -0.6346 0.7725 0.0220
vn -0.6350 0.7724 0.0117
vn 0.6085 -0.7935 -0.0117
vn 0.6082 -0.7937 -0.0119
vn 0.6139 -0.7891 -0.0214
vn 0.6131 -0.7898 -0.0180
vn 0.6134 -0.7892 -0.0292
vn 0.6075 -0.7939 -0.0259
vn -0.0080 -0.0052 1.0000
vn -0.0090 -0.0055 0.9999
vn -0.0090 -0.0053 0.9999
vn 0.6085 -0.7935 -0.0000
vn 0.6143 -0.7890 -0.0081
vn 0.6142 -0.7891 -0.0101
vn 0.8244 0.5588 -0.0895
vn 0.8245 0.5588 -0.0897
vn 0.8179 0.5546 -0.1531
vn 0.8181 0.5545 -0.1527
vn 0.8252 0.5447 -0.1493
vn 0.7571 -0.6503 -0.0625
vn 0.7570 -0.6503 -0.0635
vn 0.7571 -0.6503 -0.0616
vn 0.7878 0.5343 -0.3065
vn 0.7883 0.5343 -0.3052
vn 0.7747 0.5258 -0.3513
vn 0.7752 0.5258 -0.3501
vn 0.7824 0.5188 -0.3446
vn 0.7505 -0.6437 -0.1500
vn 0.7499 -0.6434 -0.1536
vn 0.7508 -0.6438 -0.1476
vn 0.1618 0.1032 0.9814
vn 0.1644 0.1087 0.9804
vn 0.1662 0.1101 0.9799
vn 0.1641 0.1092 0.9804
vn 0.5751 -0.3917 0.7182
vn 0.1331 0.0862 0.9873
vn 0.1374 0.0915 0.9863
vn 0.1373 0.0911 0.9863
vn 0.1347 0.0903 0.9868
vn 0.1340 0.0896 0.9869
vn 0.5602 -0.4521 0.6941
vn -0.0268 -0.0191 -0.9995
vn -0.0272 -0.0187 -0.9995
vn -0.1866 -0.0018 -0.9824
vn -0.1933 -0.1340 -0.9720
vn -0.1916 -0.1360 -0.9720
vn -0.1932 -0.1340 -0.9720
vn 0.2439 -0.4501 0.8590
vn 0.2208 -0.4605 0.8598
vn 0.2464 -0.4562 0.8551
vn 0.1859 0.1209 -0.9751
vn 0.1877 0.1228 -0.9745
vn 0.1804 0.1176 -0.9765
vn 0.1754 0.1139 -0.9779
vn 0.1831 0.1091 -0.9770
vn 0.1763 0.1134 -0.9778
vn 0.4259 -0.1620 -0.8902
vn 0.1684 0.1081 -0.9798
vn 0.1725 0.1109 -0.9787
vn 0.1691 0.1072 -0.9798
vn 0.1476 0.0929 -0.9847
vn 0.1505 0.0961 -0.9839
vn 0.1482 0.0918 -0.9847
vn 0.2358 -0.0020 -0.9718
vn 0.1340 0.0896 -0.9869
vn 0.1350 0.0902 -0.9867
vn 0.1374 0.0916 -0.9863
vn 0.1358 0.0862 -0.9870
vn 0.5315 -0.3995 -0.7470
vn 0.1642 0.1092 -0.9804
vn 0.1662 0.1101 -0.9799
vn 0.1644 0.1087 -0.9804
vn 0.1621 0.1005 -0.9817
vn 0.5223 -0.3150 -0.7924
vn 0.5068 -0.8617 -0.0259
vn 0.0452 -0.9269 -0.3726
vn 0.0006 -0.9503 -0.3114
vn -0.5823 0.8130 0.0026
vn -0.6365 0.7677 0.0734
vn -0.6417 0.7656 0.0451
vn -0.6415 0.7660 0.0408
vn -0.6419 0.7653 0.0479
vn 0.1485 0.0941 0.9844
vn 0.1476 0.0929 0.9847
vn 0.1473 0.0924 0.9848
vn 0.1684 0.1081 0.9798
vn 0.1691 0.1072 0.9798
vn 0.3335 -0.0696 0.9402
vn 0.1771 0.1098 0.9780
vn 0.1776 0.1146 0.9774
vn 0.1877 0.1228 0.9745
vn 0.1859 0.1209 0.9751
vn 0.5170 -0.2576 0.8163
vn 0.7752 0.5258 0.3501
vn 0.7747 0.5259 0.3510
vn 0.7883 0.5343 0.3052
vn 0.7878 0.5343 0.3065
vn 0.7955 0.5263 0.3003
vn 0.7520 -0.6457 0.1328
vn 0.7524 -0.6459 0.1291
vn 0.7528 -0.6460 0.1266
vn 0.8181 0.5545 0.1526
vn 0.8179 0.5546 0.1531
vn 0.8245 0.5588 0.0897
vn 0.8244 0.5588 0.0895
vn 0.8317 0.5483 0.0875
vn 0.7579 -0.6513 0.0380
vn 0.7579 -0.6513 0.0364
vn 0.7580 -0.6513 0.0356
vn 0.6542 0.4807 0.5838
vn 0.6868 0.4983 0.5291
vn 0.6827 0.5032 0.5298
vn 0.6897 0.4920 0.5312
vn 0.6840 0.5104 0.5212
vn 0.6817 0.5103 0.5243
vn 0.6834 0.5073 0.5249
vn 0.0590 0.0679 0.9960
vn 0.0687 0.0713 0.9951
vn 0.0752 0.0692 0.9948
vn 0.0675 0.0742 0.9950
vn -0.2576 -0.2074 0.9437
vn -0.2484 -0.2132 0.9449
vn -0.2504 -0.2128 0.9445
vn -0.2446 -0.2268 0.9427
vn -0.2538 -0.2504 0.9343
vn -0.2630 -0.2498 0.9319
vn -0.2611 -0.2500 0.9324
vn 0.0660 0.0511 -0.9965
vn 0.0647 0.0527 -0.9965
vn 0.0625 0.0528 -0.9966
vn 0.0629 0.0522 -0.9967
vn 0.0812 0.0705 -0.9942
vn 0.0768 0.0748 -0.9942
vn -0.5139 -0.5199 -0.6823
vn -0.3823 -0.3633 -0.8496
vn -0.4076 -0.3994 -0.8212
vn 0.0757 0.0648 0.9950
vn 0.0779 0.0638 0.9949
vn 0.0815 0.0618 0.9948
vn 0.0746 0.0634 0.9952
vn 0.7918 0.5863 -0.1710
vn 0.7918 0.5859 -0.1727
vn 0.7701 0.5698 -0.2868
vn 0.7706 0.5701 -0.2850
vn 0.7703 0.5690 -0.2878
vn 0.7674 0.5748 -0.2840
vn 0.7687 0.5745 -0.2810
vn 0.6840 0.5055 -0.5259
vn 0.6827 0.5032 -0.5297
vn 0.6522 0.4803 -0.5865
vn 0.6542 0.4808 -0.5838
vn 0.6576 0.4684 -0.5900
vn 0.6517 0.4862 -0.5822
vn 0.6541 0.4862 -0.5794
vn 0.0647 0.0528 0.9965
vn 0.0643 0.0510 0.9966
vn 0.0668 0.0497 0.9965
vn 0.0623 0.0508 0.9968
vn -0.2446 -0.2268 -0.9427
vn -0.2484 -0.2132 -0.9449
vn -0.2589 -0.2111 -0.9426
vn -0.2504 -0.2128 -0.9445
vn -0.2703 -0.2353 -0.9336
vn 0.0644 0.0626 -0.9960
vn 0.0590 0.0679 -0.9960
vn 0.0542 0.0682 -0.9962
vn 0.0626 0.0698 -0.9956
vn 0.0790 0.0632 -0.9949
vn 0.0757 0.0648 -0.9950
vn 0.0748 0.0652 -0.9951
vn 0.0735 0.0653 -0.9952
vn -0.3823 -0.3633 0.8496
vn -0.5139 -0.5199 0.6823
vn -0.5214 -0.5472 0.6548
vn -0.5192 -0.5482 0.6557
vn -0.5195 -0.5480 0.6556
vn 0.0854 0.0742 0.9936
vn 0.0907 0.0711 0.9933
vn 0.0801 0.0718 0.9942
vn 0.7706 0.5701 0.2849
vn 0.7703 0.5691 0.2877
vn 0.7918 0.5863 0.1710
vn 0.7915 0.5864 0.1723
vn 0.7918 0.5859 0.1724
vn 0.7888 0.5910 0.1688
vn 0.7885 0.5909 0.1704
vn 0.7615 0.5858 0.2774
vn 0.7809 0.6019 0.1670
vn 0.7806 0.6018 0.1685
vn 0.7790 0.6048 0.1654
vn 0.7788 0.6047 0.1666
vn 0.7824 0.5515 0.2893
vn 0.7823 0.5512 0.2903
vn 0.8049 0.5676 0.1731
vn 0.8048 0.5675 0.1737
vn 0.8049 0.5674 0.1738
vn 0.8015 0.5727 0.1722
vn 0.8014 0.5726 0.1728
vn 0.6601 0.4646 0.5903
vn 0.6595 0.4637 0.5916
vn 0.6925 0.4879 0.5314
vn 0.6919 0.4876 0.5325
vn 0.6920 0.4871 0.5328
vn 0.6910 0.4925 0.5292
vn 0.0668 0.0670 0.9955
vn 0.0877 0.0676 0.9939
vn 0.0928 0.0701 0.9932
vn 0.0931 0.0698 0.9932
vn 0.0937 0.0697 0.9932
vn 0.0699 0.0582 0.9959
vn 0.0829 0.0657 0.9944
vn -0.5838 0.8077 -0.0823
vn -0.6417 0.7656 -0.0451
vn -0.6415 0.7660 -0.0408
vn -0.6413 0.7663 -0.0380
vn -0.6400 0.7565 -0.1342
vn -0.3916 -0.3051 0.8681
vn -0.5638 -0.4492 0.6931
vn -0.5511 -0.4759 0.6854
vn -0.2529 -0.1950 0.9476
vn -0.2467 -0.1849 0.9513
vn -0.2514 -0.1942 0.9482
vn -0.2572 -0.2043 0.9445
vn -0.2587 -0.2093 0.9430
vn 0.0718 0.0643 -0.9953
vn 0.0680 0.0673 -0.9954
vn 0.0662 0.0640 -0.9958
vn 0.0826 0.0609 -0.9947
vn 0.0837 0.0609 -0.9946
vn 0.0825 0.0615 -0.9947
vn 0.0677 0.0491 -0.9965
vn 0.0681 0.0490 -0.9965
vn 0.0692 0.0505 -0.9963
vn 0.0679 0.0510 -0.9964
vn 0.8301 0.0338 -0.5566
vn 0.9337 0.0645 -0.3522
vn 0.8995 0.0012 -0.4370
vn 0.9092 0.1169 -0.3996
vn 0.9090 0.1116 -0.4016
vn 0.9090 0.1120 -0.4015
vn 0.9619 0.1322 -0.2392
vn 0.9612 0.1402 -0.2377
vn 0.9614 0.1397 -0.2369
vn 0.9496 0.1138 -0.2921
vn 0.6636 0.0212 -0.7478
vn 0.7333 0.0646 -0.6768
vn 0.6614 0.0424 -0.7488
vn 0.0232 0.9096 -0.4149
vn 0.0468 0.9679 -0.2470
vn 0.0261 0.9772 -0.2107
vn 0.2690 0.7777 -0.5681
vn 0.3143 0.8785 -0.3597
vn 0.3179 0.8961 -0.3098
vn 0.3174 0.8966 -0.3089
vn 0.3057 0.9005 -0.3092
vn 0.1145 0.5137 -0.8503
vn 0.1886 0.5583 -0.8079
vn 0.1710 0.6292 -0.7582
vn 0.1732 0.6287 -0.7581
vn 0.1908 0.6519 -0.7339
vn 0.1884 0.6521 -0.7344
vn 0.1906 0.6522 -0.7337
vn 0.2549 0.8186 -0.5147
vn 0.2769 0.8519 -0.4444
vn 0.1441 0.5093 -0.8484
vn 0.2145 0.6987 -0.6825
vn 0.2845 0.7461 -0.6020
vn 0.0550 0.2650 -0.9627
vn 0.0840 0.2977 -0.9510
vn 0.1199 0.3464 -0.9304
vn 0.1177 0.4147 0.9023
vn 0.0769 0.3716 0.9252
vn 0.0474 0.4347 0.8993
vn 0.0840 0.2977 0.9510
vn 0.0550 0.2650 0.9627
vn 0.0820 0.3090 0.9475
vn 0.2145 0.6987 0.6825
vn 0.1441 0.5093 0.8484
vn 0.2023 0.5678 0.7979
vn 0.0728 0.7281 0.6815
vn 0.0991 0.6659 0.7395
vn 0.0688 0.6261 0.7767
vn 0.0658 0.6263 0.7768
vn 0.0687 0.6261 0.7767
vn 0.1886 0.5583 0.8079
vn 0.1145 0.5137 0.8503
vn 0.1278 0.5796 0.8048
vn 0.3143 0.8786 0.3597
vn 0.2690 0.7777 0.5682
vn 0.2802 0.8200 0.4991
vn 0.9474 0.1055 -0.3021
vn 0.9762 0.1273 -0.1753
vn 0.9700 0.1214 -0.2104
vn 0.9707 0.0517 -0.2346
vn 0.9884 0.0682 -0.1357
vn 0.9845 0.0744 -0.1587
vn 0.9844 0.0742 -0.1596
vn 0.9843 0.0774 -0.1584
vn 0.8531 -0.0096 -0.5217
vn 0.8911 0.0240 -0.4531
vn 0.8579 0.0285 -0.5131
vn 0.8295 0.0673 0.5544
vn 0.8282 0.0602 0.5571
vn 0.8294 0.0670 0.5546
vn 0.7769 0.0271 0.6290
vn 0.7783 0.0338 0.6270
vn 0.7766 0.0277 0.6294
vn 0.7175 0.0215 0.6962
vn 0.8911 0.0240 0.4531
vn 0.8531 -0.0096 0.5217
vn 0.8117 -0.0047 0.5840
vn 0.9884 0.0682 0.1357
vn 0.9708 0.0516 0.2342
vn 0.9602 0.0564 0.2736
vn 0.9602 0.0565 0.2736
vn 0.9601 0.0685 0.2712
vn 0.5817 0.0004 0.8134
vn 0.5026 -0.0348 0.8638
vn 0.4229 -0.0551 0.9045
vn 0.7333 0.0646 0.6768
vn 0.6636 0.0212 0.7478
vn 0.5872 0.0051 0.8094
vn 0.9612 0.1402 0.2377
vn 0.9619 0.1322 0.2392
vn 0.9614 0.1398 0.2369
vn 0.9090 0.1116 0.4016
vn 0.9092 0.1170 0.3996
vn 0.9090 0.1120 0.4016
vn 0.8749 0.0845 0.4769
vn 0.1494 0.0877 -0.9849
vn 0.1540 0.0871 -0.9842
vn 0.1505 0.0875 -0.9847
vn 0.1507 0.0858 -0.9849
vn 0.1564 0.0851 -0.9840
vn 0.1522 0.0856 -0.9846
vn 0.1604 0.0963 -0.9823
vn 0.1268 0.0631 -0.9899
vn 0.1291 0.0605 -0.9898
vn 0.1442 0.0724 -0.9869
vn 0.1427 0.0725 -0.9871
vn 0.1437 0.0724 -0.9870
vn 0.1157 0.0646 -0.9912
vn 0.1091 0.0586 -0.9923
vn 0.1166 0.0615 -0.9913
vn 0.1197 0.0646 -0.9907
vn 0.1126 0.0582 -0.9919
vn 0.1256 0.0712 -0.9895
vn 0.1289 0.0724 -0.9890
vn 0.1491 0.0717 -0.9862
vn 0.1559 0.0679 -0.9854
vn 0.1503 0.0713 -0.9861
vn 0.1356 0.0582 -0.9891
vn 0.1376 0.0578 -0.9888
vn 0.1459 0.0725 -0.9866
vn 0.1463 0.0724 -0.9866
vn 0.1261 0.0392 -0.9912
vn 0.1232 0.0375 -0.9917
vn 0.1283 0.0406 -0.9909
vn 0.1157 0.0262 -0.9929
vn 0.1329 0.0404 -0.9903
vn 0.1323 0.0406 -0.9904
vn 0.1360 0.0587 -0.9890
vn 0.1346 0.0520 -0.9895
vn 0.1378 0.0540 -0.9890
vn 0.1504 0.0670 -0.9864
vn 0.1560 0.0685 -0.9854
vn 0.0470 0.0736 -0.9962
vn 0.0443 0.0729 -0.9964
vn 0.0498 0.0739 -0.9960
vn 0.0830 0.0657 -0.9944
vn 0.0876 0.0676 -0.9939
vn 0.0699 0.0582 -0.9959
vn 0.0666 0.0603 -0.9960
vn 0.0928 0.0700 -0.9932
vn -0.7716 -0.4055 0.4901
vn -0.7705 -0.3999 0.4964
vn -0.7713 -0.4039 0.4919
vn -0.8377 -0.4302 0.3365
vn -0.8056 -0.4391 0.3977
vn -0.8482 -0.4213 0.3211
vn -0.8777 -0.4220 0.2272
vn -0.8605 -0.4117 0.3000
vn -0.7288 -0.3961 0.5586
vn -0.7356 -0.3737 0.5650
vn -0.6581 -0.3299 0.6768
vn -0.6067 -0.3285 -0.7239
vn -0.5927 -0.3351 -0.7324
vn -0.5970 -0.3418 -0.7258
vn -0.5955 -0.3395 -0.7281
vn -0.5224 -0.3099 -0.7944
vn -0.5198 -0.3048 -0.7981
vn -0.5207 -0.3064 -0.7969
vn -0.7356 -0.3737 -0.5650
vn -0.7288 -0.3961 -0.5586
vn -0.6499 -0.3491 -0.6751
vn -0.8777 -0.4220 -0.2272
vn -0.8482 -0.4213 -0.3211
vn -0.8108 -0.3984 -0.4288
vn 0.4363 -0.8265 0.3557
vn -0.0887 -0.9800 0.1784
vn -0.0902 -0.8959 0.4351
vn -0.2563 -0.2022 -0.9452
vn -0.2529 -0.1950 -0.9476
vn -0.2490 -0.1887 -0.9499
vn -0.2467 -0.1849 -0.9513
vn -0.2530 -0.1955 -0.9475
vn -0.5638 -0.4492 -0.6931
vn -0.3916 -0.3051 -0.8681
vn -0.3941 -0.3246 -0.8598
vn -0.3999 -0.3216 -0.8583
vn -0.3947 -0.3244 -0.8597
vn 0.1672 0.0824 0.9825
vn 0.1617 0.0847 0.9832
vn 0.1626 0.0857 0.9830
vn 0.1706 0.0899 0.9812
vn 0.1694 0.0957 0.9809
vn 0.1788 0.1042 0.9784
vn 0.1815 0.1071 0.9775
vn 0.1346 0.0520 0.9895
vn 0.1369 0.0531 0.9892
vn 0.1378 0.0540 0.9890
vn 0.1360 0.0587 0.9890
vn 0.1525 0.0741 0.9855
vn 0.1559 0.0739 0.9850
vn 0.1549 0.0739 0.9852
vn 0.1157 0.0262 0.9929
vn 0.1232 0.0375 0.9917
vn 0.1283 0.0406 0.9909
vn 0.1443 0.0544 0.9880
vn 0.1445 0.0544 0.9880
vn 0.1325 0.0795 0.9880
vn 0.1291 0.0764 0.9887
vn 0.1277 0.0751 0.9890
vn 0.1343 0.0850 0.9873
vn 0.1367 0.0862 0.9869
vn 0.1176 0.0645 0.9910
vn 0.1126 0.0582 0.9919
vn 0.1157 0.0646 0.9912
vn 0.1184 0.0669 0.9907
vn 0.1192 0.0668 0.9906
vn 0.1291 0.0605 0.9898
vn 0.1268 0.0631 0.9899
vn 0.1400 0.0749 0.9873
vn 0.1419 0.0748 0.9871
vn 0.1415 0.0748 0.9871
vn 0.0600 0.0541 0.9967
vn 0.0595 0.0511 0.9969
vn 0.0582 0.0507 0.9970
vn 0.0692 0.0505 0.9963
vn 0.0677 0.0491 0.9965
vn 0.0678 0.0490 0.9965
vn 0.0681 0.0490 0.9965
vn 0.0825 0.0614 0.9947
vn 0.0827 0.0609 0.9947
vn 0.0830 0.0610 0.9947
vn 0.0837 0.0609 0.9946
vn 0.8288 0.5397 0.1480
vn 0.8296 0.5397 0.1435
vn 0.8349 0.5437 0.0853
vn 0.8351 0.5432 0.0870
vn 0.8353 0.5431 0.0850
vn 0.8318 0.5479 0.0894
vn 0.8404 0.5246 0.1357
vn 0.8416 0.5245 0.1287
vn 0.8458 0.5276 0.0789
vn 0.8460 0.5271 0.0809
vn 0.8464 0.5269 0.0774
vn 0.8435 0.5306 0.0830
vn 0.8437 0.5301 0.0850
vn 0.8077 0.5059 0.3029
vn 0.8182 0.5105 0.2647
vn 0.8123 0.5118 0.2798
vn 0.8132 0.5098 0.2807
vn 0.8124 0.5115 0.2799
vn 0.8073 0.5118 -0.2939
vn 0.8020 0.5221 -0.2900
vn 0.8025 0.5212 -0.2904
vn 0.7944 0.5057 -0.3365
vn 0.7899 0.5153 -0.3324
vn 0.7904 0.5143 -0.3328
vn 0.7825 0.5162 -0.3482
vn 0.7844 0.5172 -0.3424
vn 0.8181 0.5104 -0.2648
vn 0.8077 0.5059 -0.3028
vn 0.8013 0.5045 -0.3215
vn 0.8007 0.5062 -0.3206
vn 0.8007 0.5060 -0.3208
vn 0.8459 0.5271 -0.0810
vn 0.8464 0.5269 -0.0774
vn 0.8404 0.5246 -0.1357
vn 0.8405 0.5253 -0.1324
vn 0.8416 0.5245 -0.1287
vn 0.8400 0.5249 -0.1377
vn 0.8382 0.5277 -0.1377
vn 0.6795 0.5210 -0.5166
vn 0.6501 0.4946 -0.5768
vn 0.6508 0.4962 -0.5747
vn 0.6514 0.4982 -0.5723
vn 0.6512 0.5008 -0.5703
vn 0.6925 0.4879 -0.5315
vn 0.6920 0.4871 -0.5328
vn 0.6594 0.4643 -0.5912
vn 0.6601 0.4646 -0.5903
vn 0.6595 0.4637 -0.5916
vn 0.6592 0.4690 -0.5878
vn 0.8049 0.5676 -0.1731
vn 0.8049 0.5674 -0.1738
vn 0.7822 0.5514 -0.2901
vn 0.7824 0.5515 -0.2893
vn 0.7823 0.5512 -0.2903
vn 0.7793 0.5563 -0.2886
vn 0.7797 0.5564 -0.2872
vn 0.7809 0.6019 -0.1670
vn 0.7608 0.5856 -0.2796
vn 0.7615 0.5858 -0.2774
vn 0.7598 0.5886 -0.2763
vn 0.7601 0.5891 -0.2744
vn 0.8351 0.5432 -0.0870
vn 0.8353 0.5431 -0.0850
vn 0.8363 0.5283 -0.1465
vn 0.8296 0.5397 -0.1435
vn 0.8297 0.5392 -0.1442
vn 0.8255 0.5435 -0.1523
vn 0.8256 0.5439 -0.1501
vn 0.7869 0.5144 0.3407
vn 0.7899 0.5153 0.3324
vn 0.8004 0.5228 0.2935
vn 0.7998 0.5215 0.2972
vn 0.8020 0.5221 0.2900
vn 0.7957 0.5239 0.3038
vn 0.0708 0.0625 0.9955
vn 0.0667 0.0631 0.9958
vn 0.1564 0.0851 0.9840
vn 0.1507 0.0858 0.9849
vn 0.1521 0.0856 0.9846
vn 0.1539 0.0871 0.9842
vn 0.1493 0.0877 0.9849
vn 0.1505 0.0875 0.9847
vn 0.1647 0.1021 0.9811
vn 0.1357 0.0582 0.9890
vn 0.1375 0.0577 0.9888
vn 0.1504 0.0713 0.9861
vn 0.1622 0.0869 0.9829
vn 0.1607 0.0858 0.9833
vn -0.2935 0.4151 -0.8611
vn -0.1668 0.2308 -0.9586
vn -0.1453 0.2084 -0.9672
vn -0.8377 -0.4302 -0.3364
vn -0.7705 -0.3999 -0.4964
vn -0.7716 -0.4055 -0.4901
vn -0.7713 -0.4039 -0.4920
vn -0.7039 -0.3889 -0.5944
vn -0.7038 -0.3884 -0.5948
vn -0.7039 -0.3886 -0.5946
vn -0.5970 -0.3418 0.7258
vn -0.5927 -0.3351 0.7324
vn -0.5955 -0.3395 0.7281
vn -0.6067 -0.3285 0.7239
vn -0.5312 -0.2987 0.7928
vn -0.5318 -0.2997 0.7921
vn -0.5315 -0.2990 0.7926
vn 0.0665 0.0738 -0.9951
vn 0.1679 0.0926 -0.9814
vn 0.1706 0.0899 -0.9812
vn 0.1694 0.0957 -0.9809
vn 0.1672 0.0824 -0.9825
vn 0.1626 0.0857 -0.9830
vn 0.1713 0.0974 -0.9804
vn 0.1718 0.0973 -0.9803
vn 0.1300 0.0788 -0.9884
vn 0.1308 0.0794 -0.9882
vn 0.1343 0.0797 -0.9877
vn 0.1384 0.0864 -0.9866
vn 0.9337 0.0645 0.3522
vn 0.8301 0.0338 0.5566
vn 0.7634 -0.0192 0.6456
vn 0.9762 0.1273 0.1753
vn 0.9474 0.1055 0.3021
vn 0.9290 0.0978 0.3568
vn 0.7785 0.0337 -0.6267
vn 0.7769 0.0271 -0.6290
vn 0.7768 0.0275 -0.6291
vn 0.8283 0.0602 -0.5571
vn 0.8295 0.0673 -0.5544
vn 0.8294 0.0670 -0.5546
vn 0.7790 0.0594 -0.6243
vn 0.0468 0.9679 0.2470
vn 0.0232 0.9096 0.4149
vn 0.0056 0.9349 0.3548
vn 0.2549 0.8186 0.5147
vn 0.1884 0.6521 0.7344
vn 0.1908 0.6519 0.7339
vn 0.1906 0.6522 0.7337
vn 0.2176 0.7164 0.6629
vn 0.0769 0.3716 -0.9252
vn 0.1177 0.4147 -0.9023
vn 0.1398 0.4797 -0.8662
vn 0.0990 0.6659 -0.7394
vn 0.0728 0.7281 -0.6815
vn 0.0225 0.6730 -0.7393
vn 0.0227 0.6728 -0.7395
vn 0.0339 0.6725 -0.7394
vn 0.5026 -0.0348 -0.8638
vn 0.5817 0.0004 -0.8134
vn 0.4951 -0.0309 -0.8683
vn 0.0599 0.0541 -0.9967
vn 0.0579 0.0516 -0.9970
vn -0.5774 0.7996 -0.1649
vn -0.6361 0.7531 -0.1677
vn -0.6336 0.7519 -0.1825
vn 0.0471 0.0738 0.9962
vn 0.0604 0.0748 0.9954
vn 0.6506 0.4963 0.5748
vn 0.6796 0.5210 0.5165
vn 0.6784 0.5199 0.5191
vn 0.6793 0.5252 0.5126
vn 0.6789 0.5234 0.5148
vn -0.9477 0.2444 -0.2053
vn 0.2053 0.2444 -0.9477
vn 0.9477 0.2444 0.2053
vn -0.2053 0.2444 0.9477
vn 0.2444 -0.9477 0.2053
vn -0.2444 0.9477 0.2053
vn 0.0402 0.9460 0.3216
vn 0.0689 0.9950 -0.0727
vn -0.3216 0.9460 -0.0402
vn -0.0402 -0.9460 0.3216
vn -0.0689 -0.9950 -0.0727
vn 0.3216 -0.9460 -0.0402
vn -0.3216 -0.0402 0.9460
vn 0.0402 0.3216 0.9460
vn 0.9460 -0.0402 0.3216
vn 0.9950 -0.0689 -0.0727
vn 0.9460 0.3216 -0.0402
vn 0.3216 -0.0402 -0.9460
vn -0.0727 -0.0689 -0.9950
vn -0.0402 0.3216 -0.9460
vn -0.9460 -0.0402 -0.3216
vn -0.9950 -0.0689 0.0727
vn -0.9460 0.3216 0.0402
vn -0.9780 0.1997 0.0605
vn -0.9548 0.1704 0.2434
vn -0.9434 0.2841 0.1710
vn -0.9605 -0.2713 0.0615
vn -0.9468 -0.2077 0.2459
vn -0.9576 -0.0502 0.2836
vn -0.9434 -0.1710 -0.2841
vn -0.9548 -0.2434 -0.1704
vn -0.9780 -0.0605 -0.1997
vn -0.0604 0.1997 -0.9780
vn -0.2434 0.1704 -0.9548
vn -0.1710 0.2841 -0.9434
vn -0.0615 -0.2713 -0.9605
vn -0.2459 -0.2077 -0.9468
vn -0.2835 -0.0502 -0.9576
vn 0.2841 -0.1710 -0.9434
vn 0.1704 -0.2434 -0.9548
vn 0.1997 -0.0604 -0.9780
vn 0.9780 0.1997 -0.0605
vn 0.9548 0.1704 -0.2434
vn 0.9434 0.2841 -0.1710
vn 0.9605 -0.2713 -0.0615
vn 0.9468 -0.2077 -0.2459
vn 0.9576 -0.0502 -0.2836
vn 0.9434 -0.1710 0.2841
vn 0.9548 -0.2434 0.1704
vn 0.9780 -0.0605 0.1997
vn 0.0604 0.1997 0.9780
vn 0.2434 0.1704 0.9548
vn 0.1710 0.2841 0.9434
vn 0.2459 -0.2078 0.9468
vn 0.2836 -0.0502 0.9576
vn -0.2841 -0.1710 0.9434
vn 0.1997 -0.9780 -0.0604
vn 0.1704 -0.9548 -0.2434
vn 0.2841 -0.9434 -0.1710
vn -0.2713 -0.9605 -0.0615
vn -0.2078 -0.9468 -0.2459
vn -0.0502 -0.9576 -0.2835
vn -0.1710 -0.9434 0.2841
vn -0.2434 -0.9548 0.1704
vn -0.0605 -0.9780 0.1997
vn -0.1997 0.9780 -0.0605
vn -0.1704 0.9548 -0.2434
vn -0.2841 0.9434 -0.1710
vn 0.2713 0.9605 -0.0615
vn 0.2077 0.9468 -0.2459
vn 0.0502 0.9576 -0.2836
vn 0.1710 0.9434 0.2841
vn 0.2434 0.9548 0.1704
vn 0.0604 0.9780 0.1997
vn -0.1417 0.9490 0.2816
vn -0.1923 0.9668 0.1683
vn -0.3125 0.9430 0.1144
vn 0.1417 -0.9490 0.2816
vn 0.1923 -0.9668 0.1683
vn 0.3125 -0.9430 0.1144
vn -0.2816 0.1417 0.9490
vn -0.1683 0.1923 0.9668
vn -0.1144 0.3125 0.9430
vn 0.9490 0.1417 0.2816
vn 0.9668 0.1923 0.1683
vn 0.9430 0.3125 0.1144
vn 0.2816 0.1416 -0.9490
vn 0.1683 0.1923 -0.9668
vn 0.1144 0.3125 -0.9430
vn -0.9490 0.1417 -0.2816
vn -0.9668 0.1923 -0.1683
vn -0.9430 0.3125 -0.1144
vn -0.9512 0.2742 -0.1413
vn -0.9576 0.2836 -0.0502
vn -0.9460 0.3216 -0.0402
vn -0.9793 0.0698 -0.1900
vn -0.9950 0.0727 -0.0689
vn -0.9780 0.1997 -0.0605
vn -0.9496 0.0507 -0.3095
vn -0.9605 0.0615 -0.2713
vn -0.9548 0.1704 -0.2434
vn 0.1413 0.2742 -0.9512
vn 0.0502 0.2835 -0.9576
vn 0.0402 0.3216 -0.9460
vn 0.1900 0.0698 -0.9793
vn 0.0689 0.0727 -0.9950
vn 0.0604 0.1997 -0.9780
vn 0.3095 0.0507 -0.9496
vn 0.2713 0.0614 -0.9605
vn 0.2434 0.1704 -0.9548
vn 0.9512 0.2742 0.1413
vn 0.9576 0.2836 0.0502
vn 0.9460 0.3216 0.0402
vn 0.9793 0.0698 0.1900
vn 0.9950 0.0727 0.0689
vn 0.9780 0.1997 0.0605
vn 0.9496 0.0507 0.3095
vn 0.9605 0.0615 0.2713
vn 0.9548 0.1704 0.2434
vn -0.1413 0.2742 0.9512
vn -0.0502 0.2835 0.9576
vn -0.0402 0.3216 0.9460
vn -0.0604 0.1997 0.9780
vn -0.3095 0.0507 0.9496
vn -0.2713 0.0615 0.9605
vn -0.2434 0.1704 0.9548
vn 0.2742 -0.9512 0.1412
vn 0.2835 -0.9576 0.0502
vn 0.3216 -0.9460 0.0402
vn 0.0698 -0.9793 0.1900
vn 0.0727 -0.9950 0.0689
vn 0.1997 -0.9780 0.0604
vn 0.0507 -0.9496 0.3095
vn 0.0615 -0.9605 0.2713
vn 0.1704 -0.9548 0.2434
vn -0.2742 0.9512 0.1413
vn -0.2836 0.9576 0.0502
vn -0.3216 0.9460 0.0402
vn -0.0699 0.9793 0.1900
vn -0.0727 0.9950 0.0689
vn -0.1997 0.9780 0.0605
vn -0.0507 0.9496 0.3095
vn -0.0615 0.9605 0.2713
vn -0.1704 0.9548 0.2434
vn 0.1683 0.9668 0.1923
vn 0.1900 0.9793 0.0698
vn 0.0689 0.9950 0.0727
vn 0.2816 0.9490 0.1417
vn 0.3095 0.9495 0.0507
vn 0.2713 0.9605 0.0615
vn 0.2053 0.9477 0.2444
vn 0.2077 0.9468 0.2459
vn 0.1413 0.9512 -0.2742
vn 0.1144 0.9430 -0.3125
vn 0.0402 0.9460 -0.3216
vn 0.2053 0.9477 -0.2444
vn 0.1710 0.9434 -0.2841
vn 0.3095 0.9495 -0.0507
vn 0.2816 0.9490 -0.1417
vn 0.2434 0.9548 -0.1704
vn -0.2459 0.9468 -0.2077
vn -0.2444 0.9477 -0.2053
vn -0.0615 0.9605 -0.2713
vn -0.0507 0.9496 -0.3095
vn -0.1417 0.9490 -0.2816
vn -0.0727 0.9950 -0.0689
vn -0.0699 0.9793 -0.1900
vn -0.1923 0.9668 -0.1683
vn -0.1682 -0.9668 0.1923
vn -0.1900 -0.9793 0.0698
vn -0.0689 -0.9950 0.0727
vn -0.2816 -0.9490 0.1417
vn -0.3095 -0.9496 0.0507
vn -0.2713 -0.9605 0.0615
vn -0.2053 -0.9477 0.2444
vn -0.2078 -0.9468 0.2459
vn -0.1413 -0.9512 -0.2742
vn -0.1144 -0.9430 -0.3125
vn -0.0402 -0.9460 -0.3216
vn -0.2053 -0.9477 -0.2444
vn -0.1710 -0.9434 -0.2841
vn -0.3095 -0.9496 -0.0507
vn -0.2816 -0.9490 -0.1417
vn -0.2434 -0.9548 -0.1704
vn 0.2459 -0.9468 -0.2077
vn 0.2444 -0.9477 -0.2053
vn 0.0615 -0.9605 -0.2713
vn 0.0507 -0.9496 -0.3095
vn 0.1417 -0.9490 -0.2816
vn 0.0727 -0.9950 -0.0689
vn 0.0698 -0.9793 -0.1900
vn 0.1923 -0.9668 -0.1683
vn -0.1417 -0.2816 0.9490
vn -0.0507 -0.3095 0.9496
vn -0.2444 -0.2053 0.9477
vn -0.2459 -0.2077 0.9468
vn 0.2742 -0.1413 0.9512
vn 0.3125 -0.1144 0.9430
vn 0.3216 -0.0402 0.9460
vn 0.2444 -0.2053 0.9477
vn 0.2841 -0.1710 0.9434
vn 0.0507 -0.3095 0.9496
vn 0.1417 -0.2816 0.9490
vn 0.2078 0.2459 0.9468
vn 0.2053 0.2444 0.9477
vn 0.2713 0.0615 0.9605
vn 0.3095 0.0507 0.9495
vn 0.2816 0.1417 0.9490
vn 0.1683 0.1923 0.9668
vn 0.9668 -0.1683 0.1923
vn 0.9793 -0.1900 0.0698
vn 0.9950 -0.0689 0.0727
vn 0.9490 -0.2816 0.1417
vn 0.9496 -0.3095 0.0507
vn 0.9605 -0.2713 0.0615
vn 0.9477 -0.2053 0.2444
vn 0.9468 -0.2077 0.2459
vn 0.9512 -0.1413 -0.2742
vn 0.9430 -0.1144 -0.3125
vn 0.9460 -0.0402 -0.3216
vn 0.9477 -0.2053 -0.2444
vn 0.9434 -0.1710 -0.2841
vn 0.9496 -0.3095 -0.0507
vn 0.9490 -0.2816 -0.1417
vn 0.9548 -0.2434 -0.1704
vn 0.9468 0.2459 -0.2077
vn 0.9477 0.2444 -0.2053
vn 0.9605 0.0615 -0.2713
vn 0.9496 0.0507 -0.3095
vn 0.9490 0.1417 -0.2816
vn 0.9950 0.0727 -0.0689
vn 0.9793 0.0698 -0.1900
vn 0.9668 0.1923 -0.1683
vn 0.1923 -0.1683 -0.9668
vn 0.0698 -0.1900 -0.9793
vn 0.0727 -0.0689 -0.9950
vn 0.1417 -0.2816 -0.9490
vn 0.0507 -0.3095 -0.9496
vn 0.0615 -0.2713 -0.9605
vn 0.2444 -0.2053 -0.9477
vn 0.2459 -0.2078 -0.9468
vn -0.2742 -0.1413 -0.9512
vn -0.3125 -0.1144 -0.9430
vn -0.3216 -0.0402 -0.9460
vn -0.2444 -0.2053 -0.9477
vn -0.2841 -0.1710 -0.9434
vn -0.0507 -0.3095 -0.9496
vn -0.1417 -0.2816 -0.9490
vn -0.1704 -0.2434 -0.9548
vn -0.2078 0.2459 -0.9468
vn -0.2053 0.2444 -0.9477
vn -0.2713 0.0615 -0.9605
vn -0.3095 0.0507 -0.9496
vn -0.2816 0.1417 -0.9490
vn -0.0689 0.0727 -0.9950
vn -0.1900 0.0698 -0.9793
vn -0.1683 0.1923 -0.9668
vn -0.9668 -0.1683 -0.1923
vn -0.9793 -0.1900 -0.0698
vn -0.9950 -0.0689 -0.0727
vn -0.9490 -0.2816 -0.1417
vn -0.9496 -0.3095 -0.0507
vn -0.9605 -0.2713 -0.0615
vn -0.9477 -0.2053 -0.2444
vn -0.9468 -0.2077 -0.2459
vn -0.9512 -0.1413 0.2742
vn -0.9430 -0.1144 0.3125
vn -0.9460 -0.0402 0.3216
vn -0.9477 -0.2053 0.2444
vn -0.9434 -0.1710 0.2841
vn -0.9496 -0.3095 0.0507
vn -0.9490 -0.2816 0.1417
vn -0.9548 -0.2434 0.1704
vn -0.9468 0.2459 0.2077
vn -0.9477 0.2444 0.2053
vn -0.9605 0.0615 0.2713
vn -0.9496 0.0507 0.3095
vn -0.9490 0.1417 0.2816
vn -0.9950 0.0727 0.0689
vn -0.9793 0.0698 0.1900
vn -0.9668 0.1923 0.1683
vn -0.9576 0.2836 0.0502
vn -0.9512 0.2742 0.1413
vn -0.9430 0.3125 0.1144
vn -0.9793 -0.1900 0.0698
vn -0.9668 -0.1683 0.1923
vn -0.9780 -0.0605 0.1997
vn -0.9430 -0.1144 -0.3125
vn -0.9512 -0.1413 -0.2742
vn -0.9576 -0.0502 -0.2836
vn -0.0502 0.2835 -0.9576
vn -0.1413 0.2742 -0.9512
vn -0.1144 0.3125 -0.9430
vn -0.0698 -0.1900 -0.9793
vn -0.1923 -0.1683 -0.9668
vn -0.1997 -0.0604 -0.9780
vn 0.3125 -0.1144 -0.9430
vn 0.2742 -0.1413 -0.9512
vn 0.2835 -0.0502 -0.9576
vn 0.9576 0.2836 -0.0502
vn 0.9512 0.2742 -0.1413
vn 0.9430 0.3125 -0.1144
vn 0.9793 -0.1900 -0.0698
vn 0.9668 -0.1683 -0.1923
vn 0.9780 -0.0605 -0.1997
vn 0.9430 -0.1144 0.3125
vn 0.9512 -0.1413 0.2742
vn 0.9576 -0.0502 0.2836
vn 0.0502 0.2835 0.9576
vn 0.1413 0.2742 0.9512
vn 0.1144 0.3125 0.9430
vn -0.3125 -0.1144 0.9430
vn -0.2742 -0.1413 0.9512
vn -0.2835 -0.0502 0.9576
vn 0.2835 -0.9576 -0.0502
vn 0.2742 -0.9512 -0.1412
vn 0.3125 -0.9430 -0.1144
vn -0.1900 -0.9793 -0.0698
vn -0.1682 -0.9668 -0.1923
vn -0.0605 -0.9780 -0.1997
vn -0.1144 -0.9430 0.3125
vn -0.1413 -0.9512 0.2742
vn -0.0502 -0.9576 0.2835
vn -0.2836 0.9576 -0.0502
vn -0.2742 0.9512 -0.1413
vn -0.3125 0.9430 -0.1144
vn 0.1900 0.9793 -0.0698
vn 0.1683 0.9668 -0.1923
vn 0.0604 0.9780 -0.1997
vn 0.1144 0.9430 0.3125
vn 0.1413 0.9512 0.2742
vn 0.0502 0.9576 0.2836
vn -0.2459 0.9468 0.2077
vn -0.2841 0.9434 0.1710
vn 0.2459 -0.9468 0.2077
vn 0.2841 -0.9434 0.1710
vn -0.2078 0.2459 0.9468
vn -0.1710 0.2841 0.9434
vn 0.9468 0.2459 0.2077
vn 0.9434 0.2841 0.1710
vn 0.2078 0.2459 -0.9468
vn 0.1710 0.2841 -0.9434
vn -0.9468 0.2459 -0.2077
vn -0.9434 0.2841 -0.1710
vn 0.0727 -0.0689 0.9950
vn 0.0615 -0.2713 0.9605
vn -0.1704 -0.2434 0.9548
vn -0.1997 -0.0604 0.9780
vn -0.1900 0.0698 0.9793
vn -0.0689 0.0727 0.9950
vn -0.1923 -0.1683 0.9668
vn -0.0699 -0.1900 0.9793
vn -0.0727 -0.0689 0.9950
vn -0.0615 -0.2713 0.9605
vn 0.1704 -0.2434 0.9548
vn 0.0689 0.0727 0.9950
vn 0.1900 0.0698 0.9793
vn 0.0698 -0.1900 0.9793
vn 0.1923 -0.1683 0.9668
vn 0.1997 -0.0605 0.9780
vn -0.9392 0.3067 -0.1546
vn 0.3812 0.4471 -0.8092
vn 0.9391 0.3067 0.1546
vn -0.3813 0.4471 0.8092
vn 0.3067 -0.9391 0.1546
vn -0.3068 0.9391 0.1546
vn 0.0510 0.9699 0.2380
vn 0.0788 0.9957 -0.0489
vn -0.3832 0.9232 -0.0287
vn -0.0510 -0.9699 0.2380
vn -0.0788 -0.9957 -0.0489
vn 0.3833 -0.9232 -0.0287
vn -0.5732 -0.0725 0.8162
vn 0.1380 -0.1315 0.9817
vn 0.0725 0.5732 0.8162
vn 0.9699 -0.0510 0.2380
vn 0.9957 -0.0789 -0.0489
vn 0.9232 0.3832 -0.0287
vn 0.5732 -0.0725 -0.8162
vn -0.1381 -0.1315 -0.9817
vn -0.0726 0.5731 -0.8162
vn -0.9699 -0.0510 -0.2380
vn -0.9957 -0.0788 0.0489
vn -0.9232 0.3832 0.0287
vn -0.9725 0.2291 0.0414
vn -0.9632 0.2042 0.1748
vn -0.9289 0.3483 0.1258
vn -0.9473 -0.3177 0.0421
vn -0.9501 -0.2568 0.1770
vn -0.9774 -0.0613 0.2025
vn -0.9528 -0.2183 -0.2112
vn -0.9492 -0.2914 -0.1190
vn -0.9879 -0.0711 -0.1376
vn -0.1124 0.3679 -0.9231
vn -0.4393 0.3033 -0.8456
vn -0.3111 0.5090 -0.8026
vn -0.1099 -0.4904 -0.8645
vn -0.4363 -0.3741 -0.8183
vn -0.5078 -0.0909 -0.8567
vn 0.5091 -0.3111 -0.8026
vn 0.3033 -0.4393 -0.8456
vn 0.3679 -0.1123 -0.9231
vn 0.9725 0.2291 -0.0414
vn 0.9632 0.2042 -0.1748
vn 0.9289 0.3483 -0.1258
vn 0.9473 -0.3177 -0.0421
vn 0.9501 -0.2568 -0.1770
vn 0.9774 -0.0613 -0.2025
vn 0.9528 -0.2183 0.2112
vn 0.9492 -0.2914 0.1190
vn 0.9879 -0.0711 0.1376
vn 0.1123 0.3679 0.9231
vn 0.4392 0.3033 0.8456
vn 0.3111 0.5091 0.8026
vn 0.1099 -0.4904 0.8645
vn 0.4363 -0.3742 0.8183
vn 0.5078 -0.0909 0.8567
vn -0.5091 -0.3111 0.8026
vn -0.3033 -0.4393 0.8456
vn -0.3679 -0.1123 0.9230
vn 0.2291 -0.9725 -0.0414
vn 0.2042 -0.9632 -0.1748
vn 0.3483 -0.9289 -0.1258
vn -0.3177 -0.9473 -0.0421
vn -0.2568 -0.9501 -0.1770
vn -0.0613 -0.9774 -0.2025
vn -0.2183 -0.9528 0.2112
vn -0.2915 -0.9492 0.1190
vn -0.0711 -0.9879 0.1376
vn -0.2292 0.9725 -0.0414
vn -0.2042 0.9632 -0.1748
vn -0.3483 0.9289 -0.1258
vn 0.3177 0.9473 -0.0421
vn 0.2568 0.9501 -0.1770
vn 0.0613 0.9774 -0.2025
vn 0.2183 0.9528 0.2112
vn 0.2914 0.9492 0.1190
vn 0.0711 0.9879 0.1376
vn -0.1752 0.9621 0.2088
vn -0.2241 0.9675 0.1173
vn -0.3759 0.9230 0.0825
vn 0.1752 -0.9621 0.2088
vn 0.2241 -0.9675 0.1173
vn 0.3759 -0.9230 0.0825
vn -0.5103 0.2531 0.8219
vn -0.3074 0.3472 0.8860
vn -0.2061 0.5551 0.8058
vn 0.9621 0.1752 0.2088
vn 0.9675 0.2241 0.1173
vn 0.9230 0.3759 0.0825
vn 0.5103 0.2532 -0.8219
vn 0.3074 0.3472 -0.8860
vn 0.2061 0.5551 -0.8058
vn -0.9621 0.1752 -0.2088
vn -0.9675 0.2241 -0.1173
vn -0.9230 0.3759 -0.0825
vn -0.9409 0.3236 -0.0999
vn -0.9432 0.3305 -0.0350
vn -0.9232 0.3832 -0.0287
vn -0.9880 0.0809 -0.1313
vn -0.9955 0.0828 -0.0466
vn -0.9725 0.2291 -0.0414
vn -0.9714 0.0627 -0.2290
vn -0.9783 0.0735 -0.1939
vn -0.9632 0.2042 -0.1748
vn 0.2540 0.4864 -0.8360
vn 0.0909 0.5078 -0.8566
vn 0.0725 0.5731 -0.8162
vn 0.3526 0.1285 -0.9269
vn 0.1315 0.1380 -0.9817
vn 0.1123 0.3679 -0.9231
vn 0.5569 0.0901 -0.8256
vn 0.4904 0.1099 -0.8645
vn 0.4392 0.3033 -0.8456
vn 0.9409 0.3236 0.0999
vn 0.9432 0.3305 0.0350
vn 0.9232 0.3832 0.0287
vn 0.9880 0.0810 0.1313
vn 0.9955 0.0827 0.0466
vn 0.9725 0.2291 0.0414
vn 0.9714 0.0627 0.2290
vn 0.9783 0.0735 0.1939
vn 0.9632 0.2042 0.1748
vn -0.2540 0.4864 0.8360
vn -0.0909 0.5078 0.8567
vn -0.0726 0.5732 0.8162
vn -0.3526 0.1285 0.9269
vn -0.1315 0.1380 0.9817
vn -0.1124 0.3679 0.9231
vn -0.5569 0.0901 0.8256
vn -0.4904 0.1099 0.8645
vn -0.4393 0.3033 0.8456
vn 0.3236 -0.9409 0.0999
vn 0.3305 -0.9432 0.0350
vn 0.3833 -0.9232 0.0287
vn 0.0809 -0.9880 0.1313
vn 0.0827 -0.9955 0.0466
vn 0.2291 -0.9725 0.0414
vn 0.0626 -0.9714 0.2290
vn 0.0735 -0.9783 0.1939
vn 0.2042 -0.9632 0.1748
vn -0.3236 0.9409 0.0999
vn -0.3305 0.9432 0.0350
vn -0.3832 0.9232 0.0287
vn -0.0810 0.9880 0.1313
vn -0.0828 0.9955 0.0466
vn -0.2292 0.9725 0.0414
vn -0.0627 0.9714 0.2290
vn -0.0735 0.9783 0.1939
vn -0.2042 0.9632 0.1748
vn 0.1991 0.9709 0.1330
vn 0.2191 0.9746 0.0472
vn 0.0788 0.9957 0.0489
vn 0.3428 0.9340 0.1005
vn 0.3702 0.9283 0.0354
vn 0.3177 0.9473 0.0421
vn 0.2638 0.9471 0.1829
vn 0.2568 0.9501 0.1770
vn 0.1733 0.9651 -0.1962
vn 0.1454 0.9619 -0.2316
vn 0.0509 0.9699 -0.2380
vn 0.2638 0.9471 -0.1829
vn 0.2183 0.9528 -0.2112
vn 0.3702 0.9283 -0.0354
vn 0.3428 0.9340 -0.1005
vn 0.2914 0.9492 -0.1190
vn -0.2971 0.9429 -0.1506
vn -0.3068 0.9391 -0.1546
vn -0.0735 0.9783 -0.1939
vn -0.0627 0.9714 -0.2290
vn -0.1752 0.9621 -0.2088
vn -0.0828 0.9955 -0.0466
vn -0.0810 0.9880 -0.1313
vn -0.2241 0.9675 -0.1173
vn -0.1991 -0.9709 0.1329
vn -0.2191 -0.9745 0.0472
vn -0.0788 -0.9957 0.0489
vn -0.3428 -0.9340 0.1005
vn -0.3702 -0.9283 0.0354
vn -0.3177 -0.9473 0.0421
vn -0.2638 -0.9471 0.1829
vn -0.2568 -0.9501 0.1770
vn -0.1733 -0.9651 -0.1962
vn -0.1454 -0.9619 -0.2316
vn -0.0510 -0.9699 -0.2380
vn -0.2638 -0.9471 -0.1829
vn -0.2183 -0.9528 -0.2112
vn -0.3702 -0.9283 -0.0354
vn -0.3428 -0.9340 -0.1005
vn -0.2915 -0.9492 -0.1190
vn 0.2971 -0.9429 -0.1506
vn 0.3067 -0.9391 -0.1546
vn 0.0735 -0.9783 -0.1939
vn 0.0626 -0.9714 -0.2290
vn 0.1752 -0.9621 -0.2088
vn 0.0827 -0.9955 -0.0466
vn 0.0809 -0.9880 -0.1313
vn 0.2241 -0.9675 -0.1173
vn -0.3472 -0.3074 0.8860
vn -0.1285 -0.3526 0.9269
vn -0.1381 -0.1315 0.9817
vn -0.2532 -0.5103 0.8219
vn -0.0901 -0.5569 0.8256
vn -0.1099 -0.4904 0.8645
vn -0.4471 -0.3812 0.8092
vn -0.3738 -0.4472 0.8126
vn -0.4363 -0.3741 0.8183
vn 0.4864 -0.2540 0.8360
vn 0.5552 -0.2061 0.8058
vn 0.5732 -0.0726 0.8162
vn 0.3738 -0.4472 0.8126
vn 0.4471 -0.3813 0.8092
vn 0.5091 -0.3111 0.8026
vn 0.0901 -0.5569 0.8257
vn 0.2531 -0.5103 0.8219
vn 0.3033 -0.4393 0.8456
vn 0.3741 0.4363 0.8183
vn 0.4472 0.3738 0.8126
vn 0.3812 0.4471 0.8092
vn 0.4904 0.1099 0.8645
vn 0.5569 0.0901 0.8256
vn 0.5103 0.2532 0.8219
vn 0.1315 0.1380 0.9817
vn 0.3525 0.1285 0.9269
vn 0.3074 0.3472 0.8860
vn 0.9709 -0.1991 0.1330
vn 0.9745 -0.2191 0.0472
vn 0.9957 -0.0788 0.0489
vn 0.9340 -0.3428 0.1005
vn 0.9283 -0.3702 0.0354
vn 0.9473 -0.3177 0.0421
vn 0.9471 -0.2638 0.1829
vn 0.9501 -0.2568 0.1770
vn 0.9651 -0.1733 -0.1962
vn 0.9619 -0.1455 -0.2316
vn 0.9699 -0.0509 -0.2380
vn 0.9471 -0.2638 -0.1829
vn 0.9528 -0.2183 -0.2112
vn 0.9283 -0.3702 -0.0354
vn 0.9340 -0.3428 -0.1005
vn 0.9492 -0.2914 -0.1190
vn 0.9429 0.2971 -0.1506
vn 0.9391 0.3068 -0.1546
vn 0.9783 0.0735 -0.1939
vn 0.9714 0.0627 -0.2290
vn 0.9621 0.1752 -0.2088
vn 0.9955 0.0827 -0.0466
vn 0.9880 0.0810 -0.1313
vn 0.9675 0.2241 -0.1173
vn 0.3472 -0.3074 -0.8860
vn 0.1284 -0.3526 -0.9269
vn 0.1380 -0.1315 -0.9817
vn 0.2531 -0.5103 -0.8219
vn 0.0901 -0.5569 -0.8256
vn 0.1099 -0.4904 -0.8645
vn 0.4471 -0.3813 -0.8092
vn 0.3738 -0.4472 -0.8126
vn 0.4363 -0.3741 -0.8183
vn -0.4864 -0.2540 -0.8360
vn -0.5552 -0.2061 -0.8058
vn -0.5732 -0.0726 -0.8162
vn -0.3738 -0.4471 -0.8126
vn -0.4471 -0.3812 -0.8092
vn -0.5091 -0.3111 -0.8026
vn -0.0901 -0.5569 -0.8256
vn -0.2532 -0.5103 -0.8219
vn -0.3033 -0.4393 -0.8456
vn -0.3741 0.4363 -0.8183
vn -0.4472 0.3738 -0.8126
vn -0.3813 0.4471 -0.8092
vn -0.4904 0.1099 -0.8645
vn -0.5570 0.0901 -0.8256
vn -0.5103 0.2532 -0.8219
vn -0.1315 0.1380 -0.9817
vn -0.3526 0.1285 -0.9269
vn -0.3074 0.3472 -0.8860
vn -0.9709 -0.1991 -0.1329
vn -0.9746 -0.2191 -0.0472
vn -0.9957 -0.0788 -0.0489
vn -0.9340 -0.3428 -0.1005
vn -0.9283 -0.3702 -0.0354
vn -0.9473 -0.3177 -0.0421
vn -0.9471 -0.2638 -0.1829
vn -0.9501 -0.2568 -0.1770
vn -0.9651 -0.1733 0.1962
vn -0.9619 -0.1454 0.2316
vn -0.9699 -0.0510 0.2380
vn -0.9471 -0.2638 0.1829
vn -0.9528 -0.2183 0.2112
vn -0.9283 -0.3702 0.0354
vn -0.9340 -0.3428 0.1005
vn -0.9492 -0.2914 0.1190
vn -0.9429 0.2971 0.1506
vn -0.9391 0.3068 0.1546
vn -0.9783 0.0735 0.1939
vn -0.9714 0.0627 0.2290
vn -0.9621 0.1752 0.2088
vn -0.9955 0.0828 0.0466
vn -0.9880 0.0809 0.1313
vn -0.9675 0.2241 0.1173
vn -0.9432 0.3305 0.0350
vn -0.9409 0.3236 0.0999
vn -0.9230 0.3759 0.0825
vn -0.9746 -0.2191 0.0472
vn -0.9709 -0.1991 0.1329
vn -0.9879 -0.0711 0.1376
vn -0.9619 -0.1454 -0.2316
vn -0.9651 -0.1733 -0.1962
vn -0.9774 -0.0613 -0.2025
vn -0.0909 0.5078 -0.8566
vn -0.2540 0.4864 -0.8360
vn -0.2061 0.5551 -0.8058
vn -0.1285 -0.3526 -0.9269
vn -0.3472 -0.3074 -0.8860
vn -0.3679 -0.1123 -0.9230
vn 0.5551 -0.2061 -0.8058
vn 0.4864 -0.2540 -0.8360
vn 0.5078 -0.0909 -0.8567
vn 0.9432 0.3305 -0.0350
vn 0.9409 0.3236 -0.0999
vn 0.9230 0.3759 -0.0825
vn 0.9746 -0.2191 -0.0472
vn 0.9709 -0.1991 -0.1329
vn 0.9879 -0.0711 -0.1376
vn 0.9619 -0.1454 0.2316
vn 0.9651 -0.1733 0.1962
vn 0.9774 -0.0613 0.2025
vn 0.0909 0.5078 0.8567
vn 0.2540 0.4864 0.8360
vn 0.2061 0.5552 0.8058
vn 0.1285 -0.3526 0.9269
vn 0.3471 -0.3074 0.8860
vn 0.3679 -0.1123 0.9231
vn -0.5552 -0.2061 0.8058
vn -0.4864 -0.2540 0.8360
vn -0.5078 -0.0909 0.8566
vn 0.3305 -0.9432 -0.0350
vn 0.3236 -0.9409 -0.0999
vn 0.3759 -0.9230 -0.0825
vn -0.2191 -0.9745 -0.0472
vn -0.1991 -0.9709 -0.1329
vn -0.0711 -0.9879 -0.1376
vn -0.1454 -0.9619 0.2316
vn -0.1733 -0.9651 0.1962
vn -0.0613 -0.9774 0.2025
vn -0.3305 0.9432 -0.0350
vn -0.3236 0.9409 -0.0999
vn -0.3759 0.9230 -0.0825
vn 0.2191 0.9746 -0.0472
vn 0.1991 0.9709 -0.1329
vn 0.0711 0.9879 -0.1376
vn 0.1454 0.9619 0.2316
vn 0.1733 0.9651 0.1962
vn 0.0613 0.9774 0.2025
vn -0.2971 0.9429 0.1506
vn -0.3483 0.9289 0.1258
vn 0.2971 -0.9429 0.1506
vn 0.3483 -0.9289 0.1258
vn -0.4472 0.3738 0.8126
vn -0.3741 0.4363 0.8183
vn -0.3111 0.5090 0.8026
vn 0.9429 0.2971 0.1506
vn 0.9289 0.3483 0.1258
vn 0.4471 0.3738 -0.8126
vn 0.3741 0.4363 -0.8183
vn 0.3111 0.5091 -0.8026
vn -0.9429 0.2971 -0.1506
vn -0.9289 0.3483 -0.1258
vn -0.8630 0.4614 -0.2058
vn 0.0145 0.0493 -0.9987
vn 0.8790 0.4275 0.2110
vn -0.0151 0.0474 0.9988
vn -0.1500 0.9887 -0.0085
vn -0.1586 -0.9873 -0.0085
vn -0.0159 -0.0121 0.9998
vn -0.0000 0.1018 0.9948
vn 0.9058 -0.0817 0.4157
vn 0.9797 -0.1536 -0.1285
vn 0.7280 0.6845 -0.0382
vn 0.0159 -0.0121 -0.9998
vn -0.0000 0.1018 -0.9948
vn -0.9059 -0.0817 -0.4156
vn -0.9798 -0.1536 0.1285
vn -0.6862 0.7265 0.0355
vn -0.9302 0.3553 0.0925
vn -0.9179 0.2233 0.3280
vn -0.8073 0.5660 0.1671
vn -0.8782 -0.4700 0.0883
vn -0.8706 -0.3774 0.3156
vn -0.9073 -0.1091 0.4061
vn -0.8890 -0.3041 -0.3423
vn -0.8670 -0.4403 -0.2332
vn -0.9369 -0.1374 -0.3216
vn -0.0000 0.0762 -0.9971
vn -0.0012 0.0835 -0.9965
vn -0.0155 -0.0168 -0.9997
vn 0.0133 -0.0482 -0.9987
vn 0.0093 -0.0798 -0.9968
vn 0.9302 0.3553 -0.0925
vn 0.9179 0.2233 -0.3280
vn 0.8320 0.5268 -0.1737
vn 0.8782 -0.4700 -0.0884
vn 0.8706 -0.3774 -0.3156
vn 0.9073 -0.1091 -0.4061
vn 0.8890 -0.3042 0.3423
vn 0.8671 -0.4402 0.2332
vn 0.9369 -0.1374 0.3215
vn -0.0000 0.0762 0.9971
vn 0.0019 0.0837 0.9965
vn 0.0155 -0.0168 0.9997
vn -0.0133 -0.0482 0.9987
vn -0.0093 -0.0798 0.9968
vn 0.0100 -0.9998 -0.0155
vn 0.0078 -0.9984 -0.0559
vn -0.0725 -0.9972 -0.0185
vn -0.0776 -0.9947 -0.0680
vn -0.0815 -0.9940 0.0734
vn -0.0745 -0.9960 0.0498
vn -0.0100 0.9998 -0.0156
vn -0.0078 0.9984 -0.0559
vn -0.0524 0.9976 -0.0453
vn -0.0598 0.9971 0.0471
vn -0.0454 0.9984 0.0344
vn -0.0093 0.9991 0.0415
vn -0.1493 0.9885 0.0235
vn 0.0093 -0.9991 0.0415
vn -0.1592 -0.9870 0.0236
vn 0.9219 0.1649 0.3506
vn 0.9242 0.2929 0.2450
vn 0.7765 0.6199 0.1127
vn -0.9219 0.1649 -0.3506
vn -0.9242 0.2930 -0.2450
vn -0.7421 0.6618 -0.1065
vn -0.9039 0.3862 -0.1839
vn -0.8913 0.4485 -0.0669
vn -0.6862 0.7265 -0.0355
vn -0.9465 0.1125 -0.3024
vn -0.9826 0.1426 -0.1193
vn -0.9302 0.3553 -0.0925
vn -0.9150 0.0594 -0.3991
vn -0.9185 0.0825 -0.3866
vn -0.9179 0.2233 -0.3280
vn -0.0000 0.0292 -0.9996
vn 0.9039 0.3862 0.1839
vn 0.8913 0.4485 0.0669
vn 0.7280 0.6845 0.0382
vn 0.9465 0.1126 0.3024
vn 0.9826 0.1426 0.1193
vn 0.9302 0.3553 0.0925
vn 0.9150 0.0594 0.3991
vn 0.9186 0.0825 0.3866
vn 0.9179 0.2233 0.3280
vn -0.0000 0.0292 0.9996
vn 0.0870 -0.9940 0.0663
vn 0.0860 -0.9960 0.0243
vn -0.1586 -0.9873 0.0085
vn 0.0100 -0.9998 0.0155
vn 0.0078 -0.9984 0.0559
vn 0.0472 0.9989 0.0031
vn 0.0450 0.9990 -0.0000
vn -0.1500 0.9887 0.0085
vn -0.0100 0.9998 0.0156
vn -0.0078 0.9984 0.0559
vn 0.1311 0.9909 0.0318
vn 0.1328 0.9911 0.0117
vn 0.1272 0.9907 0.0486
vn -0.0524 0.9976 0.0453
vn 0.1272 0.9907 -0.0486
vn -0.0598 0.9971 -0.0471
vn 0.1328 0.9911 -0.0117
vn -0.0454 0.9984 -0.0344
vn 0.0532 0.9986 -0.0030
vn 0.0611 0.9981 -0.0016
vn -0.0036 0.9988 -0.0498
vn -0.0093 0.9991 -0.0415
vn 0.1270 -0.9914 0.0318
vn -0.0725 -0.9972 0.0185
vn 0.1308 -0.9902 0.0486
vn -0.0776 -0.9947 0.0680
vn 0.1308 -0.9902 -0.0486
vn -0.0815 -0.9940 -0.0734
vn 0.1255 -0.9920 -0.0117
vn -0.0745 -0.9960 -0.0498
vn 0.0898 -0.9916 -0.0934
vn 0.0941 -0.9901 -0.1046
vn 0.0036 -0.9988 -0.0498
vn 0.0093 -0.9991 -0.0415
vn -0.0107 -0.0398 0.9992
vn -0.0102 -0.1379 0.9904
vn -0.0125 -0.0634 0.9979
vn 0.0147 -0.0457 0.9988
vn 0.0152 -0.0336 0.9993
vn 0.0159 -0.0121 0.9998
vn 0.0102 -0.1803 0.9836
vn 0.0107 -0.0373 0.9992
vn 0.0133 -0.0482 0.9987
vn 0.0099 0.0799 0.9968
vn 0.0109 0.0630 0.9980
vn 0.0145 0.0493 0.9987
vn 0.8933 -0.3448 0.2884
vn 0.9192 -0.3772 0.1128
vn 0.9797 -0.1536 0.1285
vn 0.9238 -0.3343 0.1866
vn -0.2596 -0.9657 -0.0032
vn 0.8782 -0.4700 0.0884
vn 0.9321 -0.2510 0.2611
vn 0.8706 -0.3774 0.3156
vn 0.8826 -0.2838 -0.3748
vn 0.8932 -0.2196 -0.3924
vn 0.9058 -0.0817 -0.4157
vn 0.9321 -0.2510 -0.2611
vn -0.0158 -0.0475 0.9987
vn 0.8890 -0.3041 -0.3423
vn -0.0072 -0.0125 -0.9999
vn 0.9238 -0.3343 -0.1866
vn 0.8671 -0.4402 -0.2332
vn 0.9153 0.3089 -0.2584
vn 0.9277 0.2372 -0.2884
vn 0.8790 0.4275 -0.2110
vn 0.9186 0.0825 -0.3866
vn 0.9150 0.0594 -0.3991
vn 0.9219 0.1649 -0.3506
vn 0.9826 0.1426 -0.1193
vn 0.9465 0.1126 -0.3024
vn 0.9242 0.2929 -0.2450
vn 0.0107 -0.0373 -0.9992
vn 0.0103 -0.1806 -0.9835
vn 0.0125 -0.0634 -0.9979
vn -0.0147 -0.0457 -0.9988
vn -0.0152 -0.0336 -0.9993
vn -0.0159 -0.0121 -0.9998
vn -0.0102 -0.1379 -0.9904
vn -0.0107 -0.0398 -0.9992
vn -0.0133 -0.0482 -0.9987
vn -0.0099 0.0799 -0.9968
vn -0.0109 0.0630 -0.9980
vn -0.0151 0.0474 -0.9988
vn -0.8933 -0.3448 -0.2884
vn -0.9192 -0.3772 -0.1128
vn -0.9798 -0.1536 -0.1285
vn -0.9191 -0.3473 -0.1859
vn -0.0060 0.0338 -0.9994
vn -0.8782 -0.4700 -0.0883
vn -0.0189 0.0435 0.9989
vn -0.9300 -0.2593 -0.2607
vn -0.8706 -0.3774 -0.3156
vn -0.8826 -0.2839 0.3748
vn -0.8932 -0.2196 0.3923
vn -0.9059 -0.0817 0.4156
vn -0.9299 -0.2593 0.2607
vn -0.8890 -0.3041 0.3423
vn 0.0149 -0.0344 0.9993
vn -0.9191 -0.3473 0.1859
vn -0.8670 -0.4403 0.2332
vn -0.9154 0.3088 0.2583
vn -0.9277 0.2372 0.2885
vn -0.8630 0.4614 0.2058
vn -0.9185 0.0825 0.3866
vn -0.9150 0.0594 0.3991
vn -0.9219 0.1649 0.3506
vn -0.9826 0.1426 0.1193
vn -0.9465 0.1125 0.3024
vn -0.9242 0.2930 0.2450
vn -0.8913 0.4485 0.0669
vn -0.9039 0.3862 0.1839
vn -0.7421 0.6618 0.1065
vn -0.9192 -0.3772 0.1128
vn -0.8933 -0.3448 0.2884
vn -0.9369 -0.1374 0.3216
vn -0.8932 -0.2196 -0.3923
vn -0.8826 -0.2839 -0.3748
vn -0.9073 -0.1091 -0.4061
vn -0.0052 0.0972 -0.9953
vn -0.0112 -0.0593 -0.9982
vn 0.0152 -0.0336 -0.9993
vn 0.8913 0.4485 -0.0669
vn 0.9039 0.3862 -0.1839
vn 0.7765 0.6199 -0.1127
vn 0.9192 -0.3772 -0.1128
vn 0.8933 -0.3448 -0.2884
vn 0.9369 -0.1374 -0.3215
vn 0.8932 -0.2196 0.3924
vn 0.8826 -0.2838 0.3748
vn 0.9073 -0.1091 0.4061
vn 0.0112 -0.0593 0.9982
vn -0.0152 -0.0336 0.9993
vn 0.0860 -0.9960 -0.0243
vn 0.0870 -0.9940 -0.0663
vn 0.0450 0.9990 -0.0012
vn 0.0472 0.9989 -0.0031
vn 0.0611 0.9981 0.0016
vn 0.0532 0.9986 0.0030
vn 0.0941 -0.9901 0.1046
vn 0.0898 -0.9916 0.0934
vn -0.0109 0.0630 0.9980
vn -0.0099 0.0799 0.9968
vn -0.0012 0.0835 0.9965
vn 0.9277 0.2372 0.2884
vn 0.9153 0.3089 0.2584
vn 0.8320 0.5268 0.1737
vn 0.0109 0.0630 -0.9980
vn 0.0099 0.0799 -0.9968
vn 0.0019 0.0837 -0.9965
vn -0.9277 0.2372 -0.2885
vn -0.9154 0.3088 -0.2583
vn -0.8073 0.5660 -0.1671
vn 0.8748 -0.4800 0.0660
vn 0.9187 -0.2714 0.2870
vn 0.9187 -0.2714 -0.2870
vn 0.8748 -0.4800 -0.0660
vn 0.0166 0.0287 -0.9995
vn 0.0139 0.0453 0.9989
vn -0.0181 -0.0314 -0.9993
vn -0.3149 -0.9491 -0.0016
vn -0.2929 -0.9556 -0.0336
vn -0.0057 -0.0212 0.9998
vn -0.8748 -0.4799 -0.0660
vn -0.9187 -0.2714 -0.2870
vn -0.9187 -0.2714 0.2870
vn -0.8748 -0.4799 0.0660
vn 0.0099 -0.0492 -0.9987
vn 0.1419 -0.9899 0.0076
vn -0.3987 0.9169 0.0207
vn 0.0022 -0.0155 -0.9999
vn 0.0086 -0.0198 0.9998
vn 0.1981 -0.9799 0.0221
vn 0.1758 -0.9844 0.0052
vn -0.8910 0.3483 -0.2913
vn 0.0115 0.0925 -0.9957
vn 0.8910 0.3483 0.2913
vn -0.0115 0.0925 0.9956
vn -0.0121 0.9986 0.0517
vn -0.0176 0.9998 -0.0113
vn -0.1030 -0.9946 -0.0113
vn -0.0210 -0.0162 0.9996
vn -0.0000 0.1338 0.9910
vn 0.8509 -0.1009 0.5156
vn 0.9677 -0.1935 -0.1618
vn 0.8219 0.5665 -0.0593
vn 0.0210 -0.0162 -0.9996
vn -0.0000 0.1338 -0.9910
vn -0.8509 -0.1009 -0.5156
vn -0.9677 -0.1935 0.1618
vn -0.8219 0.5665 0.0593
vn -0.8911 0.4390 0.1146
vn -0.8696 0.2782 0.4079
vn -0.8682 0.4300 0.2476
vn -0.8154 -0.5690 0.1065
vn -0.8019 -0.4583 0.3834
vn -0.8560 -0.1337 0.4995
vn -0.8249 -0.3751 -0.4229
vn -0.7993 -0.5312 -0.2809
vn -0.9015 -0.1696 -0.3981
vn -0.0000 0.0979 -0.9952
vn -0.0164 0.0774 -0.9969
vn -0.0100 0.1126 -0.9936
vn 0.0176 -0.0644 -0.9978
vn 0.0120 -0.1047 -0.9944
vn 0.8911 0.4391 -0.1147
vn 0.8696 0.2782 -0.4079
vn 0.8682 0.4301 -0.2476
vn 0.8154 -0.5690 -0.1065
vn 0.8018 -0.4584 -0.3833
vn 0.8560 -0.1337 -0.4995
vn 0.8249 -0.3752 0.4228
vn 0.7993 -0.5313 0.2808
vn 0.9015 -0.1696 0.3981
vn -0.0000 0.0979 0.9952
vn 0.0164 0.0774 0.9969
vn 0.0100 0.1125 0.9936
vn -0.0176 -0.0644 0.9978
vn -0.0120 -0.1047 0.9944
vn 0.0128 -0.9997 -0.0201
vn 0.0101 -0.9972 -0.0734
vn -0.1058 -0.9934 -0.0452
vn -0.0866 -0.9959 -0.0246
vn -0.0958 -0.9911 -0.0926
vn -0.1025 -0.9895 0.1017
vn -0.0903 -0.9937 0.0668
vn -0.0148 0.9989 -0.0451
vn -0.0168 0.9994 0.0314
vn 0.0121 -0.9985 0.0540
vn -0.1037 -0.9941 0.0314
vn -0.0069 0.1282 0.9917
vn 0.8734 0.2078 0.4404
vn 0.8809 0.3631 0.3037
vn 0.8442 0.5090 0.1679
vn 0.0069 0.1281 -0.9917
vn -0.8734 0.2078 -0.4404
vn -0.8808 0.3632 -0.3037
vn -0.8442 0.5090 -0.1679
vn -0.8494 0.4764 -0.2273
vn -0.8330 0.5472 -0.0820
vn -0.8219 0.5665 -0.0593
vn -0.9154 0.1408 -0.3772
vn -0.9719 0.1805 -0.1509
vn -0.8911 0.4390 -0.1146
vn -0.8640 0.0745 -0.4980
vn -0.8718 0.1027 -0.4790
vn -0.8696 0.2782 -0.4079
vn 0.0093 0.1225 -0.9924
vn -0.0000 0.0373 -0.9993
vn 0.8494 0.4764 0.2273
vn 0.8330 0.5472 0.0821
vn 0.8219 0.5665 0.0593
vn 0.9154 0.1408 0.3772
vn 0.9719 0.1805 0.1509
vn 0.8911 0.4391 0.1147
vn 0.8640 0.0745 0.4980
vn 0.8718 0.1027 0.4790
vn 0.8696 0.2782 0.4079
vn -0.0093 0.1224 0.9924
vn -0.0000 0.0373 0.9993
vn 0.0665 -0.9951 0.0733
vn 0.0657 -0.9975 0.0267
vn -0.1030 -0.9946 0.0113
vn 0.0128 -0.9997 0.0201
vn 0.0101 -0.9973 0.0734
vn -0.0176 0.9998 0.0113
vn 0.0096 0.9978 0.0648
vn 0.0110 0.9972 0.0736
vn 0.0096 0.9978 -0.0648
vn 0.0084 0.9968 -0.0790
vn -0.0109 0.9978 -0.0652
vn -0.0121 0.9985 -0.0540
vn 0.1527 -0.9882 0.0154
vn -0.0866 -0.9959 0.0246
vn 0.1594 -0.9851 0.0648
vn 0.1570 -0.9859 0.0584
vn -0.0958 -0.9911 0.0926
vn 0.1594 -0.9851 -0.0648
vn -0.1025 -0.9895 -0.1017
vn 0.1527 -0.9882 -0.0154
vn 0.1546 -0.9871 -0.0419
vn -0.0903 -0.9937 -0.0668
vn 0.0686 -0.9922 -0.1040
vn 0.0718 -0.9905 -0.1175
vn 0.0121 -0.9985 -0.0540
vn -0.0144 -0.0771 0.9969
vn -0.0054 -0.0916 0.9958
vn -0.0143 -0.0510 0.9986
vn -0.0139 -0.2464 0.9691
vn -0.0164 -0.0840 0.9963
vn 0.0192 -0.0601 0.9980
vn 0.0201 -0.0448 0.9988
vn 0.0210 -0.0162 0.9996
vn 0.0134 -0.1676 0.9858
vn 0.0143 -0.0559 0.9983
vn 0.0176 -0.0644 0.9978
vn 0.0115 0.0925 0.9956
vn 0.0176 0.0598 0.9981
vn 0.0120 0.0924 0.9957
vn 0.8381 -0.4184 0.3500
vn 0.8759 -0.4624 0.1379
vn 0.9677 -0.1935 0.1619
vn 0.8685 -0.4387 0.2309
vn -0.3861 -0.9217 0.0377
vn 0.8154 -0.5690 0.1065
vn 0.4996 0.8655 -0.0365
vn 0.8626 -0.3899 0.3223
vn 0.8018 -0.4583 0.3833
vn 0.8205 -0.3447 -0.4561
vn 0.8322 -0.2702 -0.4841
vn 0.8509 -0.1009 -0.5156
vn 0.8626 -0.3899 -0.3223
vn 0.4997 0.8654 0.0364
vn 0.8249 -0.3751 -0.4228
vn -0.0258 -0.0446 -0.9987
vn 0.8685 -0.4387 -0.2310
vn 0.7993 -0.5313 -0.2809
vn 0.8642 0.3859 -0.3227
vn 0.8812 0.3005 -0.3650
vn 0.8909 0.3484 -0.2913
vn 0.8718 0.1027 -0.4790
vn 0.8640 0.0745 -0.4980
vn 0.8734 0.2078 -0.4404
vn 0.9719 0.1805 -0.1509
vn 0.9154 0.1408 -0.3772
vn 0.8808 0.3632 -0.3037
vn 0.0144 -0.0771 -0.9969
vn 0.0054 -0.0916 -0.9958
vn 0.0143 -0.0559 -0.9983
vn 0.0134 -0.1677 -0.9857
vn 0.0164 -0.0840 -0.9963
vn -0.0192 -0.0601 -0.9980
vn -0.0201 -0.0449 -0.9988
vn -0.0210 -0.0162 -0.9996
vn -0.0138 -0.2466 -0.9690
vn -0.0143 -0.0510 -0.9986
vn -0.0176 -0.0644 -0.9978
vn -0.0115 0.0925 -0.9957
vn -0.0176 0.0598 -0.9981
vn -0.0120 0.0923 -0.9957
vn -0.8381 -0.4184 -0.3500
vn -0.8759 -0.4624 -0.1378
vn -0.9677 -0.1935 -0.1618
vn -0.8812 -0.4112 -0.2333
vn -0.8154 -0.5690 -0.1065
vn 0.1667 -0.9848 0.0487
vn -0.8722 -0.3658 -0.3247
vn -0.8019 -0.4583 -0.3833
vn -0.8205 -0.3447 0.4561
vn -0.8322 -0.2702 0.4841
vn -0.8509 -0.1009 0.5156
vn -0.8722 -0.3658 0.3247
vn 0.0107 -0.0246 0.9996
vn -0.8249 -0.3751 0.4228
vn 0.0015 -0.0192 -0.9998
vn -0.8812 -0.4112 0.2333
vn -0.7993 -0.5312 0.2809
vn -0.8642 0.3859 0.3228
vn -0.8812 0.3005 0.3650
vn -0.8910 0.3483 0.2913
vn -0.8718 0.1027 0.4790
vn -0.8640 0.0745 0.4980
vn -0.8734 0.2077 0.4404
vn -0.9719 0.1806 0.1509
vn -0.9154 0.1408 0.3772
vn -0.8808 0.3632 0.3037
vn -0.8330 0.5472 0.0820
vn -0.8494 0.4763 0.2273
vn -0.8442 0.5090 0.1679
vn -0.8759 -0.4624 0.1378
vn -0.8381 -0.4184 0.3500
vn -0.9015 -0.1697 0.3981
vn -0.8322 -0.2702 -0.4841
vn -0.8205 -0.3447 -0.4561
vn -0.8559 -0.1336 -0.4995
vn -0.0069 0.1281 -0.9917
vn -0.0144 -0.0771 -0.9969
vn 0.0201 -0.0449 -0.9988
vn 0.0192 -0.0601 -0.9980
vn 0.8330 0.5472 -0.0821
vn 0.8494 0.4764 -0.2272
vn 0.8442 0.5090 -0.1679
vn 0.8759 -0.4624 -0.1378
vn 0.8381 -0.4184 -0.3500
vn 0.9015 -0.1696 -0.3981
vn 0.8322 -0.2702 0.4841
vn 0.8205 -0.3447 0.4561
vn 0.8559 -0.1337 0.4995
vn 0.0069 0.1282 0.9917
vn 0.0144 -0.0771 0.9969
vn -0.0201 -0.0448 0.9988
vn -0.0192 -0.0601 0.9980
vn 0.0657 -0.9975 -0.0267
vn 0.0665 -0.9951 -0.0734
vn -0.1037 -0.9941 -0.0314
vn -0.0169 0.9997 -0.0154
vn -0.0161 0.9990 -0.0421
vn -0.0168 0.9994 -0.0314
vn -0.0137 0.9982 0.0589
vn -0.0148 0.9989 0.0451
vn 0.0718 -0.9905 0.1175
vn 0.0686 -0.9922 0.1040
vn -0.1057 -0.9934 0.0451
vn -0.0145 0.0834 0.9964
vn -0.0100 0.1125 0.9936
vn 0.8812 0.3005 0.3650
vn 0.8642 0.3859 0.3228
vn 0.8682 0.4300 0.2476
vn 0.0145 0.0834 -0.9964
vn 0.0100 0.1126 -0.9936
vn -0.8812 0.3005 -0.3650
vn -0.8642 0.3859 -0.3227
vn -0.8682 0.4300 -0.2476
vn 0.8072 -0.5848 0.0801
vn 0.8356 -0.4214 0.3525
vn 0.8355 -0.4215 -0.3525
vn 0.8072 -0.5848 -0.0800
vn -0.3669 -0.9277 -0.0685
vn -0.0068 -0.0189 0.9998
vn -0.0132 -0.0229 -0.9996
vn -0.0249 -0.0594 0.9979
vn -0.3391 -0.9407 0.0047
vn 0.0233 0.0404 -0.9989
vn -0.3347 -0.9422 -0.0122
vn 0.0221 0.0559 0.9982
vn -0.8072 -0.5848 -0.0800
vn -0.8355 -0.4215 -0.3525
vn -0.8356 -0.4214 0.3525
vn -0.8072 -0.5848 0.0801
vn 0.1313 -0.9913 -0.0071
vn 0.0257 -0.0591 0.9979
vn -0.0239 0.0550 0.9982
vn -0.0056 0.0421 -0.9991
vn 0.0077 -0.0452 -0.9989
vn 0.0777 -0.9968 0.0161
vn 0.0697 -0.9976 -0.0056
vn -0.3986 0.9168 0.0267
vn -0.6330 0.5702 -0.5237
vn 0.5235 0.5705 -0.6329
vn 0.6328 0.5705 0.5235
vn -0.5236 0.5704 0.6329
vn 0.5705 -0.6329 0.5235
vn -0.5705 0.6329 0.5235
vn 0.0871 0.7526 0.6527
vn 0.1178 0.9856 -0.1214
vn -0.6528 0.7525 -0.0871
vn -0.0872 -0.7526 0.6527
vn -0.1178 -0.9856 -0.1214
vn 0.6527 -0.7526 -0.0871
vn -0.6528 -0.0871 0.7525
vn 0.1213 -0.1179 0.9856
vn 0.0871 0.6528 0.7525
vn 0.7525 -0.0871 0.6528
vn 0.9856 -0.1179 -0.1214
vn 0.7526 0.6527 -0.0871
vn 0.6527 -0.0872 -0.7526
vn -0.1214 -0.1178 -0.9856
vn -0.0871 0.6528 -0.7525
vn -0.7526 -0.0872 -0.6527
vn -0.9856 -0.1178 0.1214
vn -0.7526 0.6527 0.0871
vn -0.9323 0.3449 0.1090
vn -0.8175 0.3141 0.4828
vn -0.6809 0.6125 0.4015
vn -0.8521 -0.5118 0.1094
vn -0.7547 -0.4433 0.4836
vn -0.8465 -0.0981 0.5232
vn -0.6809 -0.4015 -0.6125
vn -0.8175 -0.4827 -0.3141
vn -0.9323 -0.1091 -0.3449
vn -0.1092 0.3448 -0.9323
vn -0.4827 0.3141 -0.8175
vn -0.4015 0.6124 -0.6810
vn -0.1094 -0.5118 -0.8521
vn -0.4835 -0.4434 -0.7547
vn -0.5232 -0.0982 -0.8465
vn 0.6124 -0.4015 -0.6810
vn 0.3141 -0.4828 -0.8175
vn 0.3448 -0.1091 -0.9323
vn 0.9323 0.3448 -0.1092
vn 0.8174 0.3141 -0.4829
vn 0.6809 0.6125 -0.4016
vn 0.8521 -0.5118 -0.1095
vn 0.7547 -0.4435 -0.4835
vn 0.8466 -0.0981 -0.5232
vn 0.6810 -0.4015 0.6124
vn 0.8175 -0.4827 0.3141
vn 0.9323 -0.1091 0.3448
vn 0.1091 0.3449 0.9323
vn 0.4828 0.3141 0.8175
vn 0.4015 0.6124 0.6810
vn 0.1095 -0.5118 0.8521
vn 0.4836 -0.4434 0.7547
vn 0.5232 -0.0982 0.8465
vn -0.6124 -0.4015 0.6810
vn -0.3141 -0.4827 0.8175
vn -0.3449 -0.1091 0.9323
vn 0.3448 -0.9323 -0.1091
vn 0.3141 -0.8175 -0.4828
vn 0.6124 -0.6810 -0.4016
vn -0.5118 -0.8521 -0.1094
vn -0.4434 -0.7547 -0.4837
vn -0.0981 -0.8465 -0.5233
vn -0.4015 -0.6810 0.6124
vn -0.4827 -0.8175 0.3141
vn -0.1091 -0.9323 0.3448
vn -0.3448 0.9323 -0.1091
vn -0.3141 0.8175 -0.4828
vn -0.6124 0.6809 -0.4017
vn 0.5118 0.8521 -0.1094
vn 0.4434 0.7547 -0.4837
vn 0.0981 0.8465 -0.5233
vn 0.4015 0.6810 0.6124
vn 0.4826 0.8176 0.3141
vn 0.1090 0.9323 0.3449
vn -0.2847 0.7382 0.6116
vn -0.3367 0.8879 0.3133
vn -0.6424 0.7230 0.2542
vn 0.2847 -0.7382 0.6116
vn 0.3367 -0.8879 0.3133
vn 0.6423 -0.7231 0.2542
vn -0.6116 0.2847 0.7382
vn -0.3134 0.3367 0.8880
vn -0.2542 0.6423 0.7231
vn 0.7382 0.2847 0.6116
vn 0.8880 0.3367 0.3133
vn 0.7231 0.6423 0.2542
vn 0.6116 0.2846 -0.7382
vn 0.3134 0.3367 -0.8879
vn 0.2542 0.6423 -0.7231
vn -0.7382 0.2846 -0.6117
vn -0.8879 0.3367 -0.3133
vn -0.7231 0.6423 -0.2542
vn -0.8102 0.5127 -0.2841
vn -0.8466 0.5232 -0.0981
vn -0.7526 0.6527 -0.0871
vn -0.9345 0.1182 -0.3359
vn -0.9856 0.1214 -0.1179
vn -0.9323 0.3449 -0.1092
vn -0.7609 0.0985 -0.6414
vn -0.8521 0.1094 -0.5119
vn -0.8175 0.3141 -0.4827
vn 0.2842 0.5128 -0.8101
vn 0.0982 0.5232 -0.8465
vn 0.0871 0.6528 -0.7525
vn 0.3359 0.1181 -0.9345
vn 0.1178 0.1214 -0.9856
vn 0.1092 0.3448 -0.9323
vn 0.6414 0.0985 -0.7609
vn 0.5119 0.1094 -0.8521
vn 0.4827 0.3141 -0.8175
vn 0.8101 0.5129 0.2841
vn 0.8465 0.5233 0.0981
vn 0.7526 0.6527 0.0871
vn 0.9345 0.1181 0.3359
vn 0.9856 0.1214 0.1178
vn 0.9323 0.3448 0.1091
vn 0.7609 0.0985 0.6414
vn 0.8521 0.1094 0.5118
vn 0.8175 0.3141 0.4828
vn -0.2842 0.5128 0.8101
vn -0.0982 0.5231 0.8466
vn -0.0871 0.6528 0.7525
vn -0.3359 0.1182 0.9345
vn -0.1179 0.1213 0.9856
vn -0.1091 0.3449 0.9323
vn -0.6414 0.0985 0.7609
vn -0.5118 0.1094 0.8521
vn -0.4828 0.3141 0.8175
vn 0.5128 -0.8101 0.2841
vn 0.5232 -0.8465 0.0981
vn 0.6527 -0.7526 0.0871
vn 0.1180 -0.9345 0.3359
vn 0.1214 -0.9856 0.1178
vn 0.3448 -0.9323 0.1091
vn 0.0984 -0.7608 0.6414
vn 0.1094 -0.8521 0.5117
vn 0.3141 -0.8175 0.4827
vn -0.5127 0.8102 0.2841
vn -0.5231 0.8466 0.0981
vn -0.6526 0.7527 0.0871
vn -0.1180 0.9344 0.3362
vn -0.1214 0.9856 0.1178
vn -0.3448 0.9323 0.1091
vn -0.0984 0.7609 0.6414
vn -0.1093 0.8521 0.5118
vn -0.3142 0.8175 0.4827
vn 0.3134 0.8879 0.3366
vn 0.3359 0.9345 0.1180
vn 0.1179 0.9856 0.1213
vn 0.6117 0.7381 0.2846
vn 0.6415 0.7608 0.0984
vn 0.5117 0.8521 0.1094
vn 0.5236 0.6329 0.5704
vn 0.5699 0.6914 0.4440
vn 0.4434 0.7547 0.4835
vn 0.2841 0.8101 -0.5129
vn 0.2542 0.7231 -0.6423
vn 0.0871 0.7526 -0.6527
vn 0.5699 0.6915 -0.4439
vn 0.5235 0.6329 -0.5705
vn 0.4015 0.6809 -0.6125
vn 0.6414 0.7609 -0.0985
vn 0.6116 0.7382 -0.2847
vn 0.4828 0.8175 -0.3141
vn -0.4837 0.7547 -0.4434
vn -0.4439 0.6915 -0.5699
vn -0.5706 0.6329 -0.5234
vn -0.1094 0.8521 -0.5119
vn -0.0984 0.7609 -0.6414
vn -0.2846 0.7382 -0.6116
vn -0.1214 0.9856 -0.1178
vn -0.1180 0.9345 -0.3359
vn -0.3367 0.8879 -0.3134
vn -0.3133 -0.8879 0.3367
vn -0.3359 -0.9345 0.1180
vn -0.1178 -0.9856 0.1214
vn -0.6116 -0.7382 0.2846
vn -0.6414 -0.7609 0.0984
vn -0.5118 -0.8521 0.1094
vn -0.5235 -0.6329 0.5705
vn -0.5699 -0.6915 0.4439
vn -0.4433 -0.7547 0.4837
vn -0.2841 -0.8101 -0.5129
vn -0.2542 -0.7231 -0.6423
vn -0.0871 -0.7526 -0.6527
vn -0.5700 -0.6914 -0.4439
vn -0.5235 -0.6329 -0.5705
vn -0.4015 -0.6809 -0.6125
vn -0.6414 -0.7609 -0.0984
vn -0.6116 -0.7382 -0.2847
vn -0.4828 -0.8175 -0.3141
vn 0.4837 -0.7547 -0.4434
vn 0.4439 -0.6915 -0.5699
vn 0.5705 -0.6329 -0.5235
vn 0.1094 -0.8521 -0.5119
vn 0.0984 -0.7609 -0.6414
vn 0.2846 -0.7382 -0.6116
vn 0.1214 -0.9856 -0.1178
vn 0.1180 -0.9345 -0.3359
vn 0.3367 -0.8879 -0.3133
vn -0.3367 -0.3133 0.8879
vn -0.1182 -0.3359 0.9345
vn -0.1213 -0.1179 0.9856
vn -0.2846 -0.6116 0.7382
vn -0.0985 -0.6414 0.7609
vn -0.1095 -0.5118 0.8521
vn -0.5705 -0.5235 0.6329
vn -0.4440 -0.5699 0.6915
vn -0.4836 -0.4434 0.7547
vn 0.5128 -0.2842 0.8101
vn 0.6423 -0.2542 0.7231
vn 0.6526 -0.0873 0.7527
vn 0.4440 -0.5699 0.6914
vn 0.5705 -0.5235 0.6329
vn 0.6124 -0.4015 0.6810
vn 0.0985 -0.6414 0.7609
vn 0.2846 -0.6117 0.7382
vn 0.3141 -0.4827 0.8175
vn 0.4434 0.4836 0.7547
vn 0.5698 0.4440 0.6915
vn 0.5236 0.5704 0.6329
vn 0.5118 0.1095 0.8521
vn 0.6414 0.0985 0.7609
vn 0.6116 0.2847 0.7382
vn 0.1179 0.1213 0.9856
vn 0.3359 0.1182 0.9345
vn 0.3134 0.3367 0.8880
vn 0.8879 -0.3133 0.3367
vn 0.9345 -0.3359 0.1181
vn 0.9856 -0.1178 0.1214
vn 0.7382 -0.6117 0.2846
vn 0.7609 -0.6414 0.0984
vn 0.8521 -0.5118 0.1095
vn 0.6328 -0.5235 0.5706
vn 0.6914 -0.5700 0.4439
vn 0.7546 -0.4436 0.4836
vn 0.8102 -0.2841 -0.5128
vn 0.7230 -0.2541 -0.6424
vn 0.7526 -0.0872 -0.6527
vn 0.6915 -0.5698 -0.4440
vn 0.6330 -0.5235 -0.5704
vn 0.6809 -0.4015 -0.6125
vn 0.7609 -0.6414 -0.0984
vn 0.7382 -0.6115 -0.2847
vn 0.8175 -0.4827 -0.3142
vn 0.7547 0.4835 -0.4435
vn 0.6914 0.4440 -0.5699
vn 0.6329 0.5705 -0.5235
vn 0.8521 0.1094 -0.5118
vn 0.7608 0.0984 -0.6415
vn 0.7382 0.2846 -0.6117
vn 0.9856 0.1214 -0.1179
vn 0.9345 0.1182 -0.3359
vn 0.8879 0.3366 -0.3134
vn 0.3367 -0.3134 -0.8879
vn 0.1180 -0.3359 -0.9345
vn 0.1214 -0.1178 -0.9856
vn 0.2847 -0.6115 -0.7382
vn 0.0985 -0.6414 -0.7609
vn 0.1094 -0.5118 -0.8521
vn 0.5704 -0.5235 -0.6330
vn 0.4439 -0.5698 -0.6915
vn 0.4836 -0.4434 -0.7547
vn -0.5128 -0.2841 -0.8101
vn -0.6423 -0.2542 -0.7231
vn -0.6527 -0.0872 -0.7526
vn -0.4439 -0.5698 -0.6915
vn -0.5705 -0.5234 -0.6330
vn -0.6125 -0.4015 -0.6809
vn -0.0985 -0.6414 -0.7609
vn -0.2847 -0.6115 -0.7382
vn -0.3142 -0.4827 -0.8175
vn -0.4433 0.4836 -0.7547
vn -0.5700 0.4440 -0.6914
vn -0.5235 0.5705 -0.6329
vn -0.5118 0.1092 -0.8521
vn -0.6414 0.0985 -0.7609
vn -0.6117 0.2846 -0.7381
vn -0.1178 0.1214 -0.9856
vn -0.3359 0.1181 -0.9345
vn -0.3134 0.3367 -0.8879
vn -0.8879 -0.3133 -0.3367
vn -0.9345 -0.3359 -0.1182
vn -0.9856 -0.1179 -0.1214
vn -0.7382 -0.6116 -0.2847
vn -0.7609 -0.6414 -0.0984
vn -0.8521 -0.5117 -0.1095
vn -0.6330 -0.5234 -0.5705
vn -0.6914 -0.5699 -0.4440
vn -0.7547 -0.4434 -0.4836
vn -0.8101 -0.2842 0.5128
vn -0.7231 -0.2542 0.6423
vn -0.7526 -0.0871 0.6527
vn -0.6914 -0.5700 0.4439
vn -0.6328 -0.5235 0.5706
vn -0.6810 -0.4015 0.6124
vn -0.7609 -0.6414 0.0984
vn -0.7382 -0.6117 0.2846
vn -0.8175 -0.4827 0.3141
vn -0.7547 0.4836 0.4434
vn -0.6915 0.4439 0.5699
vn -0.6331 0.5702 0.5235
vn -0.8521 0.1094 0.5118
vn -0.7609 0.0984 0.6414
vn -0.7382 0.2847 0.6116
vn -0.9856 0.1214 0.1178
vn -0.9345 0.1181 0.3359
vn -0.8880 0.3367 0.3133
vn -0.8466 0.5232 0.0981
vn -0.8101 0.5129 0.2841
vn -0.7231 0.6423 0.2542
vn -0.9345 -0.3359 0.1181
vn -0.8879 -0.3134 0.3367
vn -0.9323 -0.1091 0.3448
vn -0.7231 -0.2542 -0.6423
vn -0.8101 -0.2841 -0.5129
vn -0.8465 -0.0982 -0.5232
vn -0.0982 0.5232 -0.8465
vn -0.2842 0.5128 -0.8101
vn -0.2542 0.6423 -0.7231
vn -0.1181 -0.3359 -0.9345
vn -0.3367 -0.3134 -0.8879
vn -0.3448 -0.1092 -0.9323
vn 0.6423 -0.2541 -0.7231
vn 0.5129 -0.2841 -0.8101
vn 0.5232 -0.0982 -0.8465
vn 0.8465 0.5233 -0.0981
vn 0.8101 0.5128 -0.2841
vn 0.7231 0.6423 -0.2542
vn 0.9345 -0.3358 -0.1182
vn 0.8879 -0.3133 -0.3367
vn 0.9323 -0.1091 -0.3449
vn 0.7231 -0.2542 0.6423
vn 0.8101 -0.2842 0.5128
vn 0.8466 -0.0982 0.5231
vn 0.0982 0.5231 0.8466
vn 0.2841 0.5128 0.8101
vn 0.2542 0.6423 0.7231
vn 0.1182 -0.3359 0.9345
vn 0.3367 -0.3133 0.8879
vn 0.3449 -0.1092 0.9323
vn -0.6423 -0.2542 0.7231
vn -0.5128 -0.2842 0.8101
vn -0.5231 -0.0982 0.8466
vn 0.5232 -0.8465 -0.0981
vn 0.5128 -0.8101 -0.2842
vn 0.6423 -0.7231 -0.2542
vn -0.3359 -0.9345 -0.1180
vn -0.3133 -0.8879 -0.3367
vn -0.1091 -0.9323 -0.3448
vn -0.2542 -0.7230 0.6424
vn -0.2843 -0.8101 0.5127
vn -0.0981 -0.8466 0.5231
vn -0.5231 0.8466 -0.0982
vn -0.5128 0.8101 -0.2842
vn -0.6423 0.7231 -0.2542
vn 0.3359 0.9345 -0.1180
vn 0.3133 0.8879 -0.3367
vn 0.1091 0.9323 -0.3448
vn 0.2542 0.7231 0.6423
vn 0.2841 0.8101 0.5128
vn 0.0981 0.8466 0.5231
vn -0.4440 0.6915 0.5698
vn -0.4835 0.7547 0.4435
vn -0.6125 0.6809 0.4015
vn 0.4439 -0.6915 0.5699
vn 0.4836 -0.7547 0.4434
vn 0.6124 -0.6810 0.4015
vn -0.5698 0.4440 0.6915
vn -0.4434 0.4837 0.7547
vn -0.4015 0.6124 0.6810
vn 0.6915 0.4439 0.5699
vn 0.7547 0.4836 0.4434
vn 0.6809 0.6125 0.4015
vn 0.5699 0.4440 -0.6915
vn 0.4433 0.4837 -0.7547
vn 0.4015 0.6124 -0.6810
vn -0.6914 0.4439 -0.5700
vn -0.7547 0.4835 -0.4435
vn -0.6808 0.6125 -0.4017
vn -0.6328 0.5704 -0.5236
vn 0.5236 0.5705 -0.6328
vn 0.6330 0.5702 0.5237
vn -0.5235 0.5704 0.6330
vn 0.5703 -0.6328 0.5237
vn -0.5705 0.6329 0.5234
vn 0.1178 0.9856 -0.1213
vn -0.6526 0.7527 -0.0873
vn -0.1178 -0.9856 -0.1213
vn 0.7526 -0.0871 0.6527
vn 0.6526 -0.0872 -0.7527
vn -0.0871 0.6527 -0.7526
vn -0.9323 0.3448 0.1091
vn -0.8175 0.3141 0.4827
vn -0.8521 -0.5118 0.1095
vn -0.7547 -0.4433 0.4835
vn -0.8465 -0.0982 0.5232
vn -0.8175 -0.4826 -0.3142
vn -0.4836 -0.4434 -0.7547
vn -0.5233 -0.0981 -0.8465
vn 0.6125 -0.4015 -0.6809
vn 0.3142 -0.4827 -0.8175
vn 0.3448 -0.1092 -0.9323
vn 0.9323 0.3449 -0.1092
vn 0.8175 0.3142 -0.4827
vn 0.6808 0.6125 -0.4017
vn 0.8521 -0.5117 -0.1095
vn 0.7547 -0.4434 -0.4835
vn 0.8465 -0.0982 -0.5232
vn 0.6809 -0.4015 0.6125
vn 0.9323 -0.1092 0.3448
vn 0.5231 -0.0982 0.8466
vn -0.3449 -0.1092 0.9323
vn 0.3142 -0.8175 -0.4827
vn 0.6124 -0.6809 -0.4017
vn -0.4434 -0.7547 -0.4836
vn -0.4015 -0.6809 0.6125
vn -0.1092 -0.9323 0.3448
vn -0.3142 0.8175 -0.4827
vn -0.6124 0.6810 -0.4016
vn 0.4434 0.7547 -0.4836
vn 0.4015 0.6809 0.6125
vn 0.1091 0.9323 0.3449
vn -0.2846 0.7382 0.6117
vn 0.2847 -0.7381 0.6116
vn 0.7382 0.2846 0.6116
vn 0.6117 0.2846 -0.7381
vn -0.7381 0.2846 -0.6117
vn -0.8879 0.3366 -0.3135
vn -0.8101 0.5128 -0.2841
vn -0.8465 0.5233 -0.0981
vn -0.9856 0.1213 -0.1179
vn -0.9323 0.3448 -0.1092
vn -0.7608 0.0984 -0.6415
vn -0.8521 0.1094 -0.5118
vn -0.8176 0.3142 -0.4826
vn 0.0981 0.5233 -0.8465
vn 0.0871 0.6527 -0.7526
vn 0.6414 0.0984 -0.7609
vn 0.5118 0.1090 -0.8522
vn 0.8466 0.5232 0.0981
vn 0.9323 0.3449 0.1090
vn 0.7609 0.0984 0.6414
vn 0.8521 0.1095 0.5118
vn 0.8175 0.3141 0.4827
vn -0.2841 0.5128 0.8101
vn -0.5118 0.1095 0.8521
vn 0.1095 -0.8521 0.5117
vn -0.6528 0.7525 0.0871
vn -0.1180 0.9344 0.3361
vn -0.0984 0.7609 0.6413
vn -0.1094 0.8521 0.5118
vn -0.3142 0.8176 0.4826
vn 0.5235 0.6329 0.5704
vn 0.5700 0.6914 -0.4439
vn 0.5236 0.6328 -0.5705
vn 0.6115 0.7382 -0.2847
vn 0.4827 0.8175 -0.3141
vn -0.4836 0.7547 -0.4434
vn -0.5705 0.6328 -0.5236
vn -0.1181 0.9345 -0.3359
vn -0.3134 -0.8879 0.3367
vn -0.5234 -0.6329 0.5705
vn -0.4434 -0.7547 0.4835
vn -0.5699 -0.6915 -0.4439
vn -0.5236 -0.6328 -0.5705
vn -0.6115 -0.7382 -0.2847
vn -0.4827 -0.8175 -0.3141
vn 0.4836 -0.7547 -0.4434
vn 0.5705 -0.6328 -0.5235
vn 0.1181 -0.9345 -0.3359
vn 0.3367 -0.8879 -0.3134
vn -0.2846 -0.6117 0.7382
vn -0.5705 -0.5234 0.6329
vn -0.4440 -0.5699 0.6914
vn 0.4439 -0.5699 0.6915
vn 0.5705 -0.5234 0.6329
vn 0.2846 -0.6116 0.7382
vn 0.4434 0.4837 0.7547
vn 0.5235 0.5704 0.6329
vn 0.5118 0.1094 0.8521
vn 0.3133 0.3367 0.8880
vn 0.8521 -0.5118 0.1094
vn 0.6329 -0.5234 0.5706
vn 0.6914 -0.5700 0.4440
vn 0.7547 -0.4434 0.4835
vn 0.8101 -0.2841 -0.5128
vn 0.7231 -0.2542 -0.6423
vn 0.6914 -0.5699 -0.4440
vn 0.6329 -0.5235 -0.5705
vn 0.7382 -0.6116 -0.2847
vn 0.8176 -0.4826 -0.3142
vn 0.7546 0.4837 -0.4433
vn 0.6914 0.4439 -0.5700
vn 0.6328 0.5705 -0.5235
vn 0.8521 0.1094 -0.5119
vn 0.7609 0.0985 -0.6414
vn 0.7381 0.2846 -0.6117
vn 0.9856 0.1213 -0.1179
vn 0.8879 0.3367 -0.3134
vn 0.1181 -0.3359 -0.9345
vn 0.2847 -0.6116 -0.7382
vn 0.0984 -0.6414 -0.7609
vn 0.5705 -0.5235 -0.6329
vn 0.4835 -0.4434 -0.7547
vn -0.6423 -0.2541 -0.7231
vn -0.6526 -0.0872 -0.7527
vn -0.5704 -0.5236 -0.6329
vn -0.6124 -0.4015 -0.6810
vn -0.0984 -0.6414 -0.7609
vn -0.3141 -0.4828 -0.8175
vn -0.4433 0.4837 -0.7547
vn -0.5699 0.4439 -0.6915
vn -0.5236 0.5705 -0.6328
vn -0.5119 0.1094 -0.8521
vn -0.6414 0.0984 -0.7609
vn -0.6116 0.2846 -0.7382
vn -0.8879 -0.3134 -0.3367
vn -0.9345 -0.3358 -0.1182
vn -0.8521 -0.5118 -0.1095
vn -0.6329 -0.5236 -0.5704
vn -0.6915 -0.5698 -0.4440
vn -0.7547 -0.4435 -0.4834
vn -0.8101 -0.2841 0.5128
vn -0.7525 -0.0871 0.6528
vn -0.6329 -0.5234 0.5706
vn -0.6809 -0.4015 0.6125
vn -0.6915 0.4440 0.5699
vn -0.6329 0.5705 0.5234
vn -0.8521 0.1095 0.5118
vn -0.7609 0.0985 0.6414
vn -0.7382 0.2846 0.6116
vn -0.9856 0.1213 0.1178
vn -0.8465 0.5233 0.0981
vn -0.8879 -0.3133 0.3367
vn -0.9323 -0.1092 0.3448
vn -0.7230 -0.2541 -0.6424
vn -0.8102 -0.2841 -0.5128
vn -0.8466 -0.0981 -0.5232
vn -0.0981 0.5233 -0.8465
vn -0.1180 -0.3359 -0.9345
vn -0.3448 -0.1091 -0.9323
vn 0.6423 -0.2542 -0.7231
vn 0.5128 -0.2841 -0.8101
vn 0.5233 -0.0981 -0.8465
vn 0.8466 0.5232 -0.0981
vn 0.8102 0.5127 -0.2841
vn 0.9345 -0.3359 -0.1182
vn 0.8879 -0.3134 -0.3367
vn 0.8101 -0.2841 0.5128
vn 0.8465 -0.0981 0.5233
vn 0.2842 0.5128 0.8101
vn 0.3449 -0.1091 0.9323
vn -0.5232 -0.0982 0.8465
vn -0.3359 -0.9345 -0.1181
vn -0.3134 -0.8879 -0.3367
vn -0.2842 -0.8102 0.5127
vn -0.0981 -0.8466 0.5232
vn 0.3359 0.9345 -0.1181
vn 0.3134 0.8879 -0.3367
vn 0.0981 0.8466 0.5232
vn -0.4441 0.6914 0.5698
vn -0.4434 0.4836 0.7547
vn 0.6915 0.4440 0.5699
vn 0.5700 0.4439 -0.6914
vn 0.4433 0.4836 -0.7547
vn -0.6914 0.4440 -0.5699
vn -0.7546 0.4837 -0.4433
vn -0.6809 0.6125 -0.4016
vn -0.6517 0.5020 -0.5686
vn -0.0406 0.0733 -0.9965
vn 0.5776 0.8163 0.0056
vn -0.4142 -0.0180 0.9100
vn -0.0938 0.5789 0.8100
vn -0.0978 0.5159 0.8511
vn -0.2604 0.8948 -0.3628
vn -0.0396 0.9836 -0.1758
vn -0.6813 0.0612 0.7294
vn -0.9618 0.1321 -0.2396
vn -0.8784 0.0213 -0.4774
vn -0.1904 0.1162 0.9748
vn 0.4606 -0.2789 -0.8427
vn 0.7813 -0.4343 0.4482
vn 0.2633 0.4188 0.8691
vn -0.1583 0.0844 -0.9838
vn -0.7787 0.6053 0.1648
vn -0.8015 0.5728 0.1719
vn -0.6909 0.4933 0.5284
vn -0.6794 0.5268 0.5108
vn -0.8431 0.5308 0.0863
vn -0.8078 0.5108 0.2942
vn -0.7949 0.5046 -0.3370
vn -0.8367 0.5278 -0.1461
vn -0.0578 0.0540 -0.9969
vn -0.1579 0.0849 -0.9838
vn -0.1331 0.0755 -0.9882
vn -0.1692 0.0822 -0.9821
vn 0.5601 -0.4942 0.6649
vn 0.2632 -0.2229 0.9386
vn -0.4836 -0.8752 -0.0118
vn 0.8401 -0.4152 0.3491
vn 0.6001 -0.3177 0.7342
vn 0.4723 -0.2742 0.8377
vn 0.5911 -0.3327 -0.7347
vn 0.7701 -0.3983 -0.4983
vn 0.6477 -0.3716 -0.6651
vn -0.1722 0.0898 0.9810
vn -0.1773 0.1012 0.9789
vn -0.1551 0.0869 0.9841
vn -0.9357 0.1268 -0.3291
vn -0.6277 0.0759 -0.7747
vn -0.4784 0.0033 -0.8781
vn -0.9798 0.0835 -0.1819
vn -0.8282 0.0598 -0.5572
vn -0.7425 0.0917 -0.6635
vn -0.7787 0.0339 0.6265
vn -0.9478 0.0741 0.3101
vn -0.9092 0.1173 0.3994
vn -0.3076 0.9167 -0.2551
vn -0.2241 0.6908 -0.6874
vn -0.0657 0.6120 -0.7881
vn -0.2774 0.8134 -0.5113
vn -0.0934 0.4148 -0.9051
vn -0.1008 0.5728 -0.8134
vn -0.0452 0.3706 0.9277
vn -0.1861 0.6523 0.7348
vn -0.1910 0.7951 0.5756
vn -0.1764 0.6469 0.7419
vn -0.2653 0.8660 0.4238
vn -0.0273 0.9536 0.3000
vn -0.5594 0.0453 0.8276
vn -0.8484 0.1061 0.5186
vn -0.7401 0.0059 0.6725
vn 0.4082 -0.3565 -0.8404
vn 0.5823 0.8130 0.0027
vn -0.0657 0.0605 -0.9960
vn -0.7795 0.5569 -0.2867
vn -0.7599 0.5900 -0.2729
vn 0.4157 -0.4451 -0.7931
vn 0.2695 -0.2773 0.9222
vn 0.5263 -0.5798 0.6220
vn 0.2768 -0.2612 -0.9248
vn -0.7569 -0.6503 -0.0643
vn -0.7496 -0.6433 -0.1560
vn -0.1851 -0.0926 -0.9783
vn -0.1253 -0.0270 -0.9917
vn 0.5838 0.8077 -0.0823
vn -0.3690 -0.6963 0.6156
vn -0.2199 -0.1654 0.9614
vn -0.2085 -0.1789 0.9615
vn -0.1621 -0.0622 0.9848
vn -0.2115 -0.1278 0.9690
vn -0.2722 -0.4449 -0.8532
vn 0.0256 -0.0206 0.9995
vn -0.2005 -0.1619 -0.9662
vn -0.2051 -0.1399 -0.9687
vn -0.7516 -0.6456 0.1354
vn -0.7578 -0.6513 0.0388
vn 0.2935 0.4151 -0.8611
vn 0.0291 -0.0188 -0.9994
vn -0.4363 -0.8265 0.3557
vn -0.4206 -0.6814 -0.5990
vn 0.0272 -0.0187 -0.9995
vn -0.4866 -0.8736 0.0061
vn -0.5068 -0.8617 -0.0259
vn 0.4377 0.6453 0.6261
vn 0.4730 0.6632 -0.5800
vn 0.5774 0.7996 -0.1648
vn -0.2439 -0.4502 0.8590
vn 0.8266 -0.5588 -0.0664
vn 0.6253 0.7795 0.0368
vn 0.6266 0.7791 -0.0174
vn 0.6261 0.7795 -0.0195
vn 0.6337 0.7726 -0.0380
vn 0.6344 0.7722 -0.0344
vn 0.6346 0.7725 0.0221
vn 0.6259 0.7792 0.0334
vn 0.6334 0.7721 0.0520
vn 0.6325 0.7723 0.0583
vn 0.8266 -0.5588 0.0664
vn -0.4539 -0.8910 0.0093
vn -0.2464 -0.4562 0.8551
vn -0.2208 -0.4605 0.8598
vn 0.5755 0.8003 -0.1683
vn 0.6336 0.7519 -0.1824
vn 0.6361 0.7531 -0.1678
vn 0.5648 0.8250 -0.0170
vn 0.2765 0.3942 -0.8765
vn 0.4034 0.5799 -0.7078
vn 0.5648 0.8251 0.0119
vn 0.4581 0.6719 0.5820
vn 0.4184 0.6573 0.6268
vn -0.4950 -0.8685 -0.0256
vn -0.0006 -0.9503 -0.3114
vn -0.0452 -0.9269 -0.3726
vn -0.5068 -0.8620 0.0052
vn -0.4226 -0.6804 0.5987
vn -0.3817 -0.6718 0.6348
vn 0.1866 -0.0018 -0.9824
vn -0.3989 -0.6627 -0.6339
vn -0.2430 -0.3758 -0.8943
vn -0.3734 -0.5877 -0.7178
vn 0.0422 0.0057 0.9991
vn 0.0423 0.0030 0.9991
vn -0.4316 -0.8095 0.3981
vn 0.0902 -0.8959 0.4351
vn 0.0887 -0.9800 0.1784
vn 0.0305 -0.0198 -0.9993
vn 0.0352 -0.0062 -0.9994
vn 0.5145 0.8567 -0.0354
vn 0.1452 0.2084 -0.9672
vn 0.1668 0.2308 -0.9586
vn -0.6133 -0.7890 0.0363
vn -0.6127 -0.7893 0.0407
vn 0.0090 -0.0054 -0.9999
vn -0.6139 -0.7892 0.0153
vn -0.8244 0.5588 0.0897
vn -0.8179 0.5545 0.1532
vn -0.7569 -0.6503 0.0643
vn -0.7879 0.5343 0.3061
vn -0.7747 0.5258 0.3512
vn -0.7496 -0.6433 0.1560
vn -0.1648 0.1101 -0.9802
vn -0.2199 -0.1654 -0.9614
vn -0.1343 0.0902 -0.9868
vn -0.2085 -0.1789 -0.9615
vn 0.1935 -0.1332 0.9720
vn 0.1912 -0.1360 0.9721
vn -0.4539 -0.8910 -0.0104
vn -0.1349 -0.2106 -0.9682
vn -0.1534 -0.2297 -0.9611
vn -0.1855 0.1228 0.9749
vn -0.1773 0.1162 0.9773
vn -0.1851 -0.0926 0.9783
vn -0.1699 0.1102 0.9793
vn -0.1489 0.0946 0.9843
vn -0.1253 -0.0270 0.9917
vn -0.1344 0.0903 0.9868
vn -0.2005 -0.1619 0.9662
vn -0.1648 0.1101 0.9802
vn -0.2051 -0.1399 0.9687
vn -0.3721 -0.6867 0.6245
vn 0.0636 -0.7807 0.6216
vn 0.0824 -0.8167 0.5712
vn 0.5824 0.8073 -0.0952
vn 0.6400 0.7565 -0.1342
vn 0.6413 0.7663 -0.0379
vn -0.1489 0.0946 -0.9843
vn -0.1621 -0.0622 -0.9848
vn -0.1855 0.1228 -0.9749
vn -0.2115 -0.1278 -0.9690
vn -0.7748 0.5258 -0.3512
vn -0.7879 0.5343 -0.3061
vn -0.7516 -0.6456 -0.1354
vn -0.8179 0.5545 -0.1532
vn -0.8244 0.5588 -0.0897
vn -0.7578 -0.6513 -0.0388
vn -0.6845 0.5062 -0.5246
vn 0.2559 -0.2359 -0.9375
vn 0.2520 -0.2505 -0.9348
vn 0.2695 -0.2773 -0.9222
vn 0.5216 -0.5471 0.6547
vn 0.3911 -0.4017 0.8281
vn 0.4157 -0.4451 0.7931
vn 0.2520 -0.2505 0.9348
vn 0.2559 -0.2359 0.9375
vn 0.2768 -0.2612 0.9248
vn -0.0711 0.0648 0.9954
vn 0.3911 -0.4017 -0.8281
vn 0.5216 -0.5471 -0.6547
vn 0.5263 -0.5798 -0.6220
vn -0.7787 0.6053 -0.1648
vn -0.8015 0.5728 -0.1719
vn 0.5841 0.8117 0.0019
vn 0.6419 0.7653 0.0479
vn 0.6365 0.7677 0.0735
vn 0.4004 -0.3212 -0.8582
vn 0.5702 -0.4602 -0.6805
vn 0.5601 -0.4942 -0.6649
vn 0.2576 -0.2044 -0.9444
vn 0.2632 -0.2229 -0.9386
vn -0.0794 0.0621 0.9949
vn -0.7969 0.0599 0.6012
vn -0.9120 0.0820 0.4018
vn -0.8784 0.0213 0.4774
vn -0.8813 0.1327 0.4536
vn -0.9479 0.1530 0.2795
vn -0.9357 0.1268 0.3291
vn -0.6219 0.0651 0.7804
vn -0.6883 0.0994 0.7185
vn -0.6277 0.0759 0.7747
vn -0.0475 0.9322 0.3588
vn -0.0607 0.9752 0.2129
vn -0.0396 0.9836 0.1758
vn -0.2546 0.8273 0.5008
vn -0.3051 0.9004 0.3103
vn -0.3076 0.9167 0.2551
vn -0.1589 0.5732 0.8038
vn -0.1688 0.6297 0.7583
vn -0.2241 0.6908 0.6874
vn -0.1638 0.7238 0.6703
vn -0.2396 0.8612 0.4482
vn -0.2604 0.8948 0.3627
vn -0.1245 0.5631 0.8169
vn -0.2027 0.7565 0.6218
vn -0.2774 0.8134 0.5113
vn -0.0244 0.2996 0.9538
vn -0.0585 0.3381 0.9393
vn -0.0934 0.4148 0.9051
vn -0.0812 0.4838 -0.8714
vn -0.0316 0.4351 -0.8998
vn -0.0978 0.5159 -0.8511
vn -0.0585 0.3381 -0.9393
vn -0.0244 0.2996 -0.9538
vn -0.0452 0.3706 -0.9277
vn -0.2027 0.7565 -0.6218
vn -0.1245 0.5631 -0.8169
vn -0.1861 0.6523 -0.7348
vn -0.0340 0.6728 -0.7391
vn -0.0717 0.6259 -0.7766
vn -0.0938 0.5789 -0.8100
vn -0.1688 0.6297 -0.7583
vn -0.1589 0.5732 -0.8038
vn -0.1764 0.6469 -0.7419
vn -0.3051 0.9004 -0.3103
vn -0.2547 0.8272 -0.5008
vn -0.2653 0.8660 -0.4238
vn -0.9292 0.1245 0.3481
vn -0.9686 0.1383 0.2069
vn -0.9618 0.1321 0.2396
vn -0.9601 0.0686 0.2711
vn -0.9842 0.0777 0.1591
vn -0.9798 0.0835 0.1819
vn -0.8191 0.0298 0.5729
vn -0.8617 0.0560 0.5042
vn -0.8282 0.0598 0.5572
vn -0.7892 0.1005 -0.6058
vn -0.7341 0.0689 -0.6755
vn -0.6813 0.0612 -0.7294
vn -0.8617 0.0560 -0.5042
vn -0.8191 0.0298 -0.5729
vn -0.7787 0.0339 -0.6265
vn -0.9842 0.0777 -0.1591
vn -0.9601 0.0686 -0.2711
vn -0.9478 0.0741 -0.3100
vn -0.5491 0.0381 -0.8349
vn -0.4792 0.0098 -0.8776
vn -0.4142 -0.0180 -0.9100
vn -0.6883 0.0994 -0.7185
vn -0.6219 0.0651 -0.7804
vn -0.5594 0.0453 -0.8276
vn -0.9479 0.1530 -0.2795
vn -0.8813 0.1327 -0.4536
vn -0.8484 0.1061 -0.5186
vn -0.1600 0.0972 0.9823
vn -0.1620 0.0958 0.9821
vn -0.1395 0.0750 0.9874
vn -0.1422 0.0726 0.9872
vn -0.1579 0.0849 0.9838
vn -0.1583 0.0844 0.9838
vn -0.1516 0.0742 0.9857
vn -0.1497 0.0671 0.9865
vn -0.1692 0.0822 0.9821
vn -0.0406 0.0733 0.9965
vn 0.7040 -0.3891 -0.5942
vn 0.8082 -0.4269 -0.4058
vn 0.7813 -0.4343 -0.4482
vn 0.8128 -0.4225 -0.4011
vn 0.8574 -0.4268 -0.2877
vn 0.8401 -0.4152 -0.3491
vn 0.6685 -0.3801 -0.6392
vn 0.6761 -0.3618 -0.6419
vn 0.6001 -0.3177 -0.7342
vn 0.5318 -0.3000 0.7919
vn 0.5233 -0.3116 0.7931
vn 0.4606 -0.2789 0.8427
vn 0.6761 -0.3618 0.6419
vn 0.6685 -0.3801 0.6392
vn 0.5911 -0.3327 0.7348
vn 0.8574 -0.4268 0.2877
vn 0.8128 -0.4225 0.4011
vn 0.7701 -0.3983 0.4983
vn -0.4748 -0.8801 -0.0088
vn 0.0717 -0.9954 -0.0637
vn 0.0334 -0.9789 -0.2016
vn 0.2607 -0.2107 0.9421
vn 0.5702 -0.4602 0.6805
vn 0.4004 -0.3212 0.8582
vn 0.4082 -0.3565 0.8404
vn -0.1791 0.1041 -0.9783
vn -0.1904 0.1162 -0.9748
vn -0.1497 0.0671 -0.9865
vn -0.1516 0.0742 -0.9857
vn -0.1722 0.0898 -0.9810
vn -0.1315 0.0819 -0.9879
vn -0.1285 0.0750 -0.9889
vn -0.1422 0.0726 -0.9872
vn -0.1395 0.0750 -0.9874
vn -0.1551 0.0869 -0.9841
vn -0.8431 0.5308 -0.0863
vn -0.8015 0.5043 -0.3213
vn -0.8133 0.5095 -0.2809
vn -0.8078 0.5108 -0.2942
vn -0.7989 0.5213 0.2999
vn -0.7857 0.5141 0.3440
vn -0.8133 0.5095 0.2809
vn -0.8014 0.5043 0.3216
vn -0.7951 0.5046 0.3366
vn -0.8367 0.5278 0.1461
vn -0.6517 0.5020 0.5686
vn -0.7795 0.5569 0.2867
vn -0.7599 0.5900 0.2729
vn -0.8284 0.5397 0.1498
vn -0.1620 0.0958 -0.9821
vn -0.1601 0.0972 -0.9823
vn 0.5145 0.8569 0.0317
vn 0.2627 0.4314 0.8631
vn 0.2370 0.4332 0.8696
vn 0.8082 -0.4269 0.4058
vn 0.7040 -0.3891 0.5942
vn 0.6477 -0.3716 0.6651
vn 0.5233 -0.3116 -0.7932
vn 0.5319 -0.3000 -0.7919
vn 0.4723 -0.2742 -0.8377
vn -0.1791 0.1041 0.9783
vn -0.1838 0.1086 0.9769
vn -0.9120 0.0820 -0.4018
vn -0.7969 0.0599 -0.6012
vn -0.7401 0.0059 -0.6725
vn -0.9686 0.1383 -0.2069
vn -0.9292 0.1245 -0.3481
vn -0.9092 0.1173 -0.3994
vn -0.7341 0.0689 0.6755
vn -0.7892 0.1005 0.6058
vn -0.7425 0.0917 0.6635
vn -0.0607 0.9751 -0.2133
vn -0.0475 0.9322 -0.3588
vn -0.0273 0.9536 -0.3000
vn -0.2396 0.8612 -0.4482
vn -0.1638 0.7238 -0.6703
vn -0.1910 0.7951 -0.5756
vn -0.0316 0.4351 0.8998
vn -0.0812 0.4838 0.8714
vn -0.1008 0.5728 0.8134
vn -0.0717 0.6259 0.7766
vn -0.0340 0.6728 0.7391
vn -0.0657 0.6120 0.7881
vn -0.4792 0.0098 0.8776
vn -0.5491 0.0381 0.8349
vn -0.4784 0.0033 0.8781
vn -0.0595 0.0544 0.9967
vn 0.5800 0.8146 0.0053
vn 0.6336 0.7647 0.1169
vn 0.6294 0.7671 0.1242
vn -0.6794 0.5268 -0.5108
vn 0.6517 0.5020 0.5686
vn 0.0406 0.0732 0.9965
vn -0.5777 0.8163 -0.0056
vn 0.4142 -0.0180 -0.9100
vn 0.0938 0.5789 -0.8100
vn 0.0978 0.5159 -0.8511
vn 0.2604 0.8948 0.3627
vn 0.0396 0.9836 0.1758
vn 0.6814 0.0612 -0.7294
vn 0.9618 0.1320 0.2397
vn 0.8784 0.0213 0.4774
vn 0.1904 0.1162 -0.9748
vn -0.4606 -0.2789 0.8426
vn -0.7813 -0.4343 -0.4482
vn -0.2633 0.4188 -0.8691
vn 0.1583 0.0844 0.9838
vn 0.7787 0.6053 -0.1648
vn 0.8014 0.5728 -0.1721
vn 0.6910 0.4934 -0.5283
vn 0.6794 0.5267 -0.5108
vn 0.8431 0.5308 -0.0864
vn 0.8078 0.5108 -0.2943
vn 0.7949 0.5046 0.3369
vn 0.8368 0.5278 0.1459
vn 0.0578 0.0540 0.9969
vn 0.1579 0.0849 0.9838
vn 0.1331 0.0755 0.9882
vn 0.1692 0.0822 0.9821
vn -0.5601 -0.4942 -0.6649
vn -0.2632 -0.2229 -0.9386
vn 0.4836 -0.8752 0.0118
vn -0.8401 -0.4152 -0.3491
vn -0.6001 -0.3177 -0.7342
vn -0.4722 -0.2742 -0.8377
vn -0.5912 -0.3328 0.7347
vn -0.7701 -0.3983 0.4982
vn -0.6477 -0.3716 0.6651
vn 0.1722 0.0898 -0.9810
vn 0.1773 0.1012 -0.9789
vn 0.1551 0.0869 -0.9841
vn 0.9357 0.1269 0.3292
vn 0.6277 0.0759 0.7747
vn 0.4784 0.0032 0.8781
vn 0.9798 0.0835 0.1819
vn 0.8282 0.0597 0.5572
vn 0.7425 0.0917 0.6636
vn 0.7787 0.0339 -0.6265
vn 0.9478 0.0741 -0.3102
vn 0.9093 0.1173 -0.3993
vn 0.3076 0.9167 0.2551
vn 0.2241 0.6908 0.6875
vn 0.0657 0.6120 0.7881
vn 0.2774 0.8134 0.5113
vn 0.0934 0.4148 0.9051
vn 0.1008 0.5729 0.8134
vn 0.0452 0.3706 -0.9277
vn 0.1861 0.6523 -0.7348
vn 0.1910 0.7951 -0.5756
vn 0.1764 0.6469 -0.7419
vn 0.2653 0.8660 -0.4238
vn 0.0273 0.9536 -0.3000
vn 0.5594 0.0453 -0.8277
vn 0.8485 0.1061 -0.5185
vn 0.7401 0.0058 -0.6725
vn -0.4082 -0.3564 0.8404
vn -0.5823 0.8130 -0.0026
vn 0.0657 0.0605 0.9960
vn 0.7795 0.5569 0.2867
vn 0.7599 0.5899 0.2729
vn -0.4157 -0.4451 0.7931
vn -0.2695 -0.2773 -0.9222
vn -0.5263 -0.5798 -0.6220
vn -0.2768 -0.2611 0.9248
vn 0.7569 -0.6503 0.0643
vn 0.7496 -0.6433 0.1560
vn 0.1851 -0.0926 0.9783
vn 0.1253 -0.0270 0.9917
vn -0.5838 0.8077 0.0823
vn 0.3690 -0.6963 -0.6156
vn 0.2199 -0.1654 -0.9614
vn 0.2085 -0.1789 -0.9615
vn 0.1621 -0.0622 -0.9848
vn 0.2114 -0.1278 -0.9690
vn 0.2722 -0.4450 0.8532
vn -0.0256 -0.0206 -0.9995
vn 0.2005 -0.1619 0.9662
vn 0.2051 -0.1399 0.9687
vn 0.7516 -0.6456 -0.1354
vn 0.7578 -0.6513 -0.0391
vn -0.8108 -0.5577 0.1779
vn -0.2935 0.4151 0.8611
vn -0.0291 -0.0188 0.9994
vn 0.4363 -0.8265 -0.3557
vn 0.4206 -0.6814 0.5990
vn -0.0272 -0.0187 0.9995
vn 0.4866 -0.8736 -0.0061
vn 0.5068 -0.8617 0.0259
vn -0.4377 0.6453 -0.6261
vn -0.4730 0.6632 0.5801
vn -0.5774 0.7996 0.1649
vn 0.2439 -0.4501 -0.8590
vn -0.8266 -0.5588 0.0664
vn -0.6253 0.7795 -0.0370
vn -0.6266 0.7791 0.0174
vn -0.6261 0.7795 0.0195
vn -0.6337 0.7726 0.0379
vn -0.6344 0.7722 0.0345
vn -0.6346 0.7726 -0.0220
vn -0.6259 0.7792 -0.0334
vn -0.6334 0.7721 -0.0520
vn -0.6325 0.7723 -0.0584
vn -0.8283 -0.5600 -0.0192
vn -0.8266 -0.5588 -0.0664
vn 0.4539 -0.8910 -0.0093
vn 0.2464 -0.4562 -0.8551
vn 0.2208 -0.4605 -0.8598
vn -0.5755 0.8003 0.1682
vn -0.6336 0.7519 0.1825
vn -0.6361 0.7531 0.1677
vn -0.5648 0.8250 0.0168
vn -0.2765 0.3942 0.8765
vn -0.4034 0.5799 0.7078
vn -0.5648 0.8251 -0.0118
vn -0.4581 0.6719 -0.5820
vn -0.4184 0.6573 -0.6268
vn 0.4950 -0.8685 0.0256
vn 0.0006 -0.9503 0.3114
vn 0.0452 -0.9269 0.3726
vn 0.5068 -0.8620 -0.0052
vn 0.4226 -0.6804 -0.5987
vn 0.3817 -0.6718 -0.6348
vn -0.1866 -0.0018 0.9824
vn 0.3988 -0.6626 0.6339
vn 0.2430 -0.3758 0.8943
vn 0.3734 -0.5877 0.7178
vn -0.0422 0.0057 -0.9991
vn -0.0423 0.0030 -0.9991
vn 0.4316 -0.8095 -0.3981
vn -0.0902 -0.8959 -0.4351
vn -0.0887 -0.9800 -0.1784
vn -0.0305 -0.0198 0.9993
vn -0.0352 -0.0062 0.9994
vn -0.5145 0.8567 0.0356
vn -0.1453 0.2084 0.9672
vn -0.1668 0.2308 0.9586
vn -0.8216 -0.5649 0.0768
vn -0.8108 -0.5576 -0.1779
vn 0.6133 -0.7890 -0.0363
vn 0.6127 -0.7893 -0.0407
vn -0.0090 -0.0054 0.9999
vn 0.6139 -0.7892 -0.0153
vn 0.8180 0.5545 -0.1532
vn 0.7569 -0.6503 -0.0643
vn 0.7879 0.5343 -0.3061
vn 0.7748 0.5258 -0.3512
vn 0.7496 -0.6433 -0.1560
vn 0.1648 0.1101 0.9802
vn 0.2199 -0.1654 0.9614
vn 0.1344 0.0902 0.9868
vn 0.2085 -0.1788 0.9615
vn -0.1935 -0.1332 -0.9720
vn -0.1912 -0.1360 -0.9721
vn 0.4539 -0.8910 0.0104
vn 0.1349 -0.2106 0.9682
vn 0.1534 -0.2297 0.9611
vn 0.1855 0.1228 -0.9749
vn 0.1773 0.1162 -0.9773
vn 0.1851 -0.0926 -0.9783
vn 0.1699 0.1102 -0.9793
vn 0.1489 0.0946 -0.9843
vn 0.1253 -0.0270 -0.9917
vn 0.1343 0.0902 -0.9868
vn 0.2005 -0.1619 -0.9662
vn 0.1648 0.1101 -0.9802
vn 0.2051 -0.1399 -0.9687
vn 0.3720 -0.6867 -0.6245
vn -0.0636 -0.7807 -0.6216
vn -0.0824 -0.8167 -0.5712
vn -0.5824 0.8073 0.0951
vn -0.6400 0.7565 0.1342
vn -0.6413 0.7663 0.0380
vn 0.1489 0.0946 0.9843
vn 0.1621 -0.0622 0.9848
vn 0.1855 0.1228 0.9749
vn 0.2114 -0.1278 0.9690
vn 0.7748 0.5258 0.3512
vn 0.7879 0.5343 0.3061
vn 0.7516 -0.6456 0.1354
vn 0.8180 0.5545 0.1532
vn 0.7578 -0.6513 0.0391
vn 0.6844 0.5062 0.5247
vn -0.2559 -0.2359 0.9375
vn -0.2520 -0.2505 0.9348
vn -0.2695 -0.2773 0.9222
vn -0.5216 -0.5472 -0.6546
vn -0.3910 -0.4017 -0.8281
vn -0.4157 -0.4451 -0.7931
vn -0.2520 -0.2505 -0.9348
vn -0.2559 -0.2359 -0.9375
vn -0.2768 -0.2612 -0.9248
vn 0.0711 0.0648 -0.9954
vn -0.3910 -0.4017 0.8281
vn -0.5216 -0.5472 0.6546
vn -0.5263 -0.5798 0.6220
vn 0.7787 0.6053 0.1648
vn 0.8014 0.5728 0.1721
vn -0.5841 0.8116 -0.0019
vn -0.6419 0.7653 -0.0479
vn -0.6365 0.7677 -0.0734
vn -0.4004 -0.3212 0.8582
vn -0.5702 -0.4602 0.6805
vn -0.5601 -0.4942 0.6649
vn -0.2576 -0.2044 0.9444
vn -0.2632 -0.2229 0.9386
vn 0.0794 0.0621 -0.9949
vn 0.7969 0.0600 -0.6011
vn 0.9120 0.0820 -0.4018
vn 0.8784 0.0213 -0.4774
vn 0.8813 0.1327 -0.4535
vn 0.9479 0.1530 -0.2795
vn 0.9357 0.1269 -0.3292
vn 0.6219 0.0651 -0.7804
vn 0.6883 0.0994 -0.7185
vn 0.6277 0.0759 -0.7747
vn 0.0475 0.9322 -0.3588
vn 0.0607 0.9751 -0.2133
vn 0.0396 0.9836 -0.1758
vn 0.2547 0.8272 -0.5009
vn 0.3051 0.9004 -0.3102
vn 0.3076 0.9167 -0.2551
vn 0.1589 0.5733 -0.8038
vn 0.1688 0.6297 -0.7583
vn 0.2241 0.6908 -0.6875
vn 0.1638 0.7238 -0.6703
vn 0.2396 0.8612 -0.4482
vn 0.2604 0.8947 -0.3628
vn 0.1245 0.5631 -0.8169
vn 0.2027 0.7565 -0.6218
vn 0.2774 0.8134 -0.5112
vn 0.0244 0.2996 -0.9538
vn 0.0585 0.3381 -0.9393
vn 0.0934 0.4148 -0.9051
vn 0.0812 0.4838 0.8714
vn 0.0316 0.4351 0.8998
vn 0.0978 0.5159 0.8511
vn 0.0585 0.3381 0.9393
vn 0.0244 0.2996 0.9538
vn 0.0452 0.3706 0.9277
vn 0.2027 0.7565 0.6218
vn 0.1245 0.5631 0.8169
vn 0.1861 0.6523 0.7348
vn 0.0340 0.6728 0.7391
vn 0.0717 0.6259 0.7766
vn 0.0938 0.5789 0.8100
vn 0.1688 0.6297 0.7583
vn 0.1589 0.5733 0.8038
vn 0.1764 0.6469 0.7419
vn 0.3051 0.9004 0.3102
vn 0.2547 0.8272 0.5008
vn 0.2653 0.8660 0.4238
vn 0.9292 0.1244 -0.3480
vn 0.9685 0.1383 -0.2070
vn 0.9618 0.1320 -0.2397
vn 0.9601 0.0686 -0.2711
vn 0.9842 0.0777 -0.1591
vn 0.9798 0.0835 -0.1819
vn 0.8192 0.0298 -0.5728
vn 0.8617 0.0560 -0.5043
vn 0.8282 0.0597 -0.5572
vn 0.7892 0.1006 0.6058
vn 0.7341 0.0689 0.6755
vn 0.6814 0.0612 0.7294
vn 0.8617 0.0560 0.5043
vn 0.8192 0.0298 0.5728
vn 0.7787 0.0339 0.6265
vn 0.9842 0.0777 0.1591
vn 0.9601 0.0686 0.2711
vn 0.9478 0.0741 0.3102
vn 0.5491 0.0381 0.8349
vn 0.4792 0.0098 0.8776
vn 0.4142 -0.0180 0.9100
vn 0.6883 0.0994 0.7185
vn 0.6219 0.0651 0.7804
vn 0.5594 0.0453 0.8277
vn 0.9479 0.1530 0.2795
vn 0.8813 0.1327 0.4535
vn 0.8485 0.1061 0.5185
vn 0.1601 0.0973 -0.9823
vn 0.1620 0.0958 -0.9821
vn 0.1395 0.0750 -0.9874
vn 0.1422 0.0726 -0.9872
vn 0.1579 0.0849 -0.9838
vn 0.1583 0.0844 -0.9838
vn 0.1516 0.0742 -0.9857
vn 0.1497 0.0671 -0.9865
vn 0.1692 0.0822 -0.9821
vn 0.0406 0.0733 -0.9965
vn -0.7040 -0.3891 0.5942
vn -0.8082 -0.4269 0.4058
vn -0.7813 -0.4343 0.4482
vn -0.8128 -0.4225 0.4011
vn -0.8574 -0.4268 0.2877
vn -0.8401 -0.4152 0.3491
vn -0.6686 -0.3801 0.6392
vn -0.6760 -0.3618 0.6419
vn -0.6001 -0.3177 0.7342
vn -0.5319 -0.3000 -0.7919
vn -0.5233 -0.3116 -0.7932
vn -0.4606 -0.2789 -0.8426
vn -0.6760 -0.3618 -0.6419
vn -0.6686 -0.3801 -0.6392
vn -0.5912 -0.3328 -0.7347
vn -0.8574 -0.4268 -0.2877
vn -0.8128 -0.4225 -0.4011
vn -0.7701 -0.3983 -0.4983
vn 0.4748 -0.8801 0.0087
vn -0.0717 -0.9954 0.0637
vn -0.0334 -0.9789 0.2016
vn -0.2607 -0.2107 -0.9421
vn -0.5702 -0.4602 -0.6805
vn -0.4004 -0.3212 -0.8582
vn -0.4082 -0.3565 -0.8404
vn 0.1791 0.1041 0.9783
vn 0.1904 0.1162 0.9748
vn 0.1497 0.0671 0.9865
vn 0.1516 0.0742 0.9857
vn 0.1722 0.0898 0.9810
vn 0.1315 0.0819 0.9879
vn 0.1285 0.0750 0.9889
vn 0.1422 0.0726 0.9872
vn 0.1395 0.0750 0.9874
vn 0.1551 0.0869 0.9841
vn 0.8431 0.5308 0.0864
vn 0.8014 0.5044 0.3215
vn 0.8133 0.5095 0.2809
vn 0.8078 0.5108 0.2943
vn 0.7989 0.5213 -0.2999
vn 0.7857 0.5141 -0.3440
vn 0.8133 0.5095 -0.2809
vn 0.8014 0.5044 -0.3215
vn 0.7949 0.5046 -0.3369
vn 0.8368 0.5278 -0.1459
vn 0.6517 0.5020 -0.5686
vn 0.7795 0.5569 -0.2867
vn 0.7599 0.5900 -0.2729
vn 0.8285 0.5397 -0.1497
vn 0.1620 0.0958 0.9821
vn 0.1600 0.0972 0.9823
vn -0.5145 0.8569 -0.0317
vn -0.2627 0.4314 -0.8631
vn -0.2370 0.4332 -0.8696
vn -0.8082 -0.4269 -0.4058
vn -0.7040 -0.3891 -0.5942
vn -0.6477 -0.3716 -0.6651
vn -0.5233 -0.3116 0.7931
vn -0.5318 -0.3000 0.7919
vn -0.4722 -0.2742 0.8377
vn 0.1791 0.1041 -0.9783
vn 0.1838 0.1085 -0.9770
vn 0.9120 0.0820 0.4018
vn 0.7969 0.0600 0.6011
vn 0.7401 0.0058 0.6725
vn 0.9685 0.1383 0.2070
vn 0.9292 0.1244 0.3480
vn 0.9093 0.1173 0.3993
vn 0.7341 0.0689 -0.6755
vn 0.7892 0.1006 -0.6058
vn 0.7425 0.0917 -0.6636
vn 0.0607 0.9751 0.2133
vn 0.0475 0.9322 0.3588
vn 0.0273 0.9536 0.3000
vn 0.2396 0.8612 0.4482
vn 0.1638 0.7238 0.6703
vn 0.1910 0.7951 0.5756
vn 0.0316 0.4351 -0.8998
vn 0.0812 0.4838 -0.8714
vn 0.1008 0.5729 -0.8134
vn 0.0717 0.6259 -0.7766
vn 0.0340 0.6728 -0.7391
vn 0.0657 0.6120 -0.7881
vn 0.4792 0.0098 -0.8776
vn 0.5491 0.0381 -0.8349
vn 0.4784 0.0032 -0.8781
vn 0.0595 0.0544 -0.9967
vn -0.5800 0.8146 -0.0054
vn -0.6337 0.7647 -0.1170
vn -0.6293 0.7672 -0.1241
vn 0.6794 0.5267 0.5108
vt 0.152447 0.402447
vt 0.161596 0.411596
vt 0.152447 0.411596
vt 0.152447 0.475638
vt 0.161596 0.484787
vt 0.152447 0.484787
vt 0.152447 0.548830
vt 0.161596 0.557979
vt 0.152447 0.557979
vt 0.152447 0.622022
vt 0.161596 0.631171
vt 0.152447 0.631171
vt 0.079255 0.548830
vt 0.088404 0.557979
vt 0.079255 0.557979
vt 0.225638 0.548830
vt 0.234787 0.557979
vt 0.225638 0.557979
vt 0.198192 0.548830
vt 0.189043 0.557979
vt 0.189043 0.548830
vt 0.189043 0.512234
vt 0.198192 0.521383
vt 0.189043 0.521383
vt 0.234787 0.512234
vt 0.225638 0.521383
vt 0.225638 0.512234
vt 0.051808 0.548830
vt 0.042659 0.557979
vt 0.042659 0.548830
vt 0.042659 0.512234
vt 0.051808 0.521383
vt 0.042659 0.521383
vt 0.088404 0.512234
vt 0.079255 0.521383
vt 0.079255 0.512234
vt 0.125000 0.622022
vt 0.115851 0.631171
vt 0.115851 0.622022
vt 0.134149 0.585426
vt 0.134149 0.594575
vt 0.161596 0.585426
vt 0.152447 0.594575
vt 0.152447 0.585426
vt 0.125000 0.548830
vt 0.115851 0.557979
vt 0.115851 0.548830
vt 0.115851 0.512234
vt 0.125000 0.521383
vt 0.115851 0.521383
vt 0.161596 0.512234
vt 0.152447 0.521383
vt 0.152447 0.512234
vt 0.125000 0.475638
vt 0.115851 0.484787
vt 0.115851 0.475638
vt 0.115851 0.439043
vt 0.125000 0.448192
vt 0.115851 0.448192
vt 0.161596 0.439043
vt 0.152447 0.448192
vt 0.152447 0.439043
vt 0.125000 0.402447
vt 0.115851 0.411596
vt 0.115851 0.402447
vt 0.115851 0.365851
vt 0.125000 0.375000
vt 0.115851 0.375000
vt 0.161596 0.365851
vt 0.152447 0.375000
vt 0.152447 0.365851
vt 0.143298 0.365851
vt 0.134149 0.375000
vt 0.134149 0.365851
vt 0.143298 0.347553
vt 0.134149 0.356702
vt 0.134149 0.347553
vt 0.161596 0.347553
vt 0.152447 0.356702
vt 0.152447 0.347553
vt 0.097553 0.365851
vt 0.106702 0.375000
vt 0.097553 0.375000
vt 0.097553 0.347553
vt 0.106702 0.356702
vt 0.097553 0.356702
vt 0.115851 0.347553
vt 0.125000 0.356702
vt 0.115851 0.356702
vt 0.106702 0.402447
vt 0.097553 0.411596
vt 0.097553 0.402447
vt 0.106702 0.384149
vt 0.097553 0.393298
vt 0.097553 0.384149
vt 0.125000 0.384149
vt 0.115851 0.393298
vt 0.115851 0.384149
vt 0.143298 0.439043
vt 0.134149 0.448192
vt 0.134149 0.439043
vt 0.143298 0.420745
vt 0.134149 0.429894
vt 0.134149 0.420745
vt 0.161596 0.420745
vt 0.152447 0.429894
vt 0.152447 0.420745
vt 0.097553 0.439043
vt 0.106702 0.448192
vt 0.097553 0.448192
vt 0.097553 0.420745
vt 0.106702 0.429894
vt 0.097553 0.429894
vt 0.115851 0.420745
vt 0.125000 0.429894
vt 0.115851 0.429894
vt 0.106702 0.475638
vt 0.097553 0.484787
vt 0.097553 0.475638
vt 0.106702 0.457341
vt 0.097553 0.466489
vt 0.097553 0.457341
vt 0.125000 0.457341
vt 0.115851 0.466489
vt 0.115851 0.457341
vt 0.143298 0.512234
vt 0.134149 0.521383
vt 0.134149 0.512234
vt 0.143298 0.493936
vt 0.134149 0.503085
vt 0.134149 0.493936
vt 0.161596 0.493936
vt 0.152447 0.503085
vt 0.152447 0.493936
vt 0.097553 0.512234
vt 0.106702 0.521383
vt 0.097553 0.521383
vt 0.097553 0.493936
vt 0.106702 0.503085
vt 0.097553 0.503085
vt 0.115851 0.493936
vt 0.125000 0.503085
vt 0.115851 0.503085
vt 0.106702 0.548830
vt 0.097553 0.557979
vt 0.097553 0.548830
vt 0.106702 0.530532
vt 0.097553 0.539681
vt 0.097553 0.530532
vt 0.125000 0.530532
vt 0.115851 0.539681
vt 0.115851 0.530532
vt 0.143298 0.585426
vt 0.143298 0.567128
vt 0.134149 0.576277
vt 0.134149 0.567128
vt 0.161596 0.567128
vt 0.152447 0.576277
vt 0.152447 0.567128
vt 0.097553 0.576277
vt 0.106702 0.576277
vt 0.097553 0.567128
vt 0.115851 0.567128
vt 0.125000 0.576277
vt 0.115851 0.576277
vt 0.106702 0.622022
vt 0.097553 0.631171
vt 0.097553 0.622022
vt 0.134149 0.603724
vt 0.106702 0.612873
vt 0.115851 0.612873
vt 0.070106 0.512234
vt 0.060957 0.521383
vt 0.060957 0.512234
vt 0.070106 0.493936
vt 0.060957 0.503085
vt 0.060957 0.493936
vt 0.088404 0.493936
vt 0.079255 0.503085
vt 0.079255 0.493936
vt 0.024362 0.512234
vt 0.033510 0.521383
vt 0.024362 0.521383
vt 0.024362 0.493936
vt 0.033510 0.503085
vt 0.024362 0.503085
vt 0.042659 0.493936
vt 0.051808 0.503085
vt 0.042659 0.503085
vt 0.033510 0.548830
vt 0.024362 0.557979
vt 0.024362 0.548830
vt 0.033510 0.530532
vt 0.024362 0.539681
vt 0.024362 0.530532
vt 0.051808 0.530532
vt 0.042659 0.539681
vt 0.042659 0.530532
vt 0.216489 0.512234
vt 0.207341 0.521383
vt 0.207341 0.512234
vt 0.216489 0.493936
vt 0.207341 0.503085
vt 0.207341 0.493936
vt 0.234787 0.493936
vt 0.225638 0.503085
vt 0.225638 0.493936
vt 0.170745 0.512234
vt 0.179894 0.521383
vt 0.170745 0.521383
vt 0.170745 0.493936
vt 0.179894 0.503085
vt 0.170745 0.503085
vt 0.189043 0.493936
vt 0.198192 0.503085
vt 0.189043 0.503085
vt 0.179894 0.548830
vt 0.170745 0.557979
vt 0.170745 0.548830
vt 0.179894 0.530532
vt 0.170745 0.539681
vt 0.170745 0.530532
vt 0.198192 0.530532
vt 0.189043 0.539681
vt 0.189043 0.530532
vt 0.207341 0.548830
vt 0.216489 0.557979
vt 0.207341 0.557979
vt 0.207341 0.530532
vt 0.216489 0.539681
vt 0.207341 0.539681
vt 0.225638 0.530532
vt 0.234787 0.539681
vt 0.225638 0.539681
vt 0.060957 0.548830
vt 0.070106 0.557979
vt 0.060957 0.557979
vt 0.060957 0.530532
vt 0.070106 0.539681
vt 0.060957 0.539681
vt 0.079255 0.530532
vt 0.088404 0.539681
vt 0.079255 0.539681
vt 0.134149 0.622022
vt 0.143298 0.631171
vt 0.134149 0.631171
vt 0.143298 0.612873
vt 0.134149 0.612873
vt 0.152447 0.603724
vt 0.161596 0.612873
vt 0.152447 0.612873
vt 0.134149 0.548830
vt 0.143298 0.557979
vt 0.134149 0.557979
vt 0.134149 0.530532
vt 0.143298 0.539681
vt 0.134149 0.539681
vt 0.152447 0.530532
vt 0.161596 0.539681
vt 0.152447 0.539681
vt 0.134149 0.475638
vt 0.143298 0.484787
vt 0.134149 0.484787
vt 0.134149 0.457341
vt 0.143298 0.466489
vt 0.134149 0.466489
vt 0.152447 0.457341
vt 0.161596 0.466489
vt 0.152447 0.466489
vt 0.134149 0.402447
vt 0.143298 0.411596
vt 0.134149 0.411596
vt 0.134149 0.384149
vt 0.143298 0.393298
vt 0.134149 0.393298
vt 0.152447 0.384149
vt 0.161596 0.393298
vt 0.152447 0.393298
vt 0.143298 0.384149
vt 0.143298 0.375000
vt 0.161596 0.384149
vt 0.125000 0.393298
vt 0.125000 0.411596
vt 0.143298 0.402447
vt 0.143298 0.457341
vt 0.143298 0.448192
vt 0.161596 0.457341
vt 0.125000 0.466489
vt 0.125000 0.484787
vt 0.143298 0.475638
vt 0.143298 0.530532
vt 0.143298 0.521383
vt 0.161596 0.530532
vt 0.125000 0.539681
vt 0.125000 0.557979
vt 0.143298 0.548830
vt 0.143298 0.603724
vt 0.143298 0.594575
vt 0.161596 0.603724
vt 0.125000 0.612873
vt 0.125000 0.631171
vt 0.143298 0.622022
vt 0.070106 0.530532
vt 0.070106 0.521383
vt 0.088404 0.530532
vt 0.051808 0.539681
vt 0.051808 0.557979
vt 0.070106 0.548830
vt 0.216489 0.530532
vt 0.216489 0.521383
vt 0.234787 0.530532
vt 0.198192 0.539681
vt 0.198192 0.557979
vt 0.216489 0.548830
vt 0.179894 0.539681
vt 0.161596 0.521383
vt 0.161596 0.548830
vt 0.179894 0.493936
vt 0.179894 0.484787
vt 0.189043 0.484787
vt 0.198192 0.493936
vt 0.161596 0.503085
vt 0.170745 0.484787
vt 0.179894 0.512234
vt 0.216489 0.503085
vt 0.225638 0.484787
vt 0.216489 0.484787
vt 0.234787 0.484787
vt 0.207341 0.484787
vt 0.198192 0.484787
vt 0.198192 0.512234
vt 0.033510 0.539681
vt 0.015213 0.539681
vt 0.015213 0.530532
vt 0.015213 0.521383
vt 0.015213 0.557979
vt 0.015213 0.548830
vt 0.033510 0.493936
vt 0.033510 0.484787
vt 0.042659 0.484787
vt 0.051808 0.493936
vt 0.015213 0.493936
vt 0.015213 0.503085
vt 0.015213 0.484787
vt 0.024362 0.484787
vt 0.015213 0.512234
vt 0.033510 0.512234
vt 0.070106 0.503085
vt 0.079255 0.484787
vt 0.070106 0.484787
vt 0.088404 0.484787
vt 0.060957 0.484787
vt 0.051808 0.484787
vt 0.051808 0.512234
vt 0.097553 0.585426
vt 0.097553 0.612873
vt 0.097553 0.603724
vt 0.088404 0.612873
vt 0.088404 0.603724
vt 0.097553 0.594575
vt 0.088404 0.594575
vt 0.088404 0.631171
vt 0.088404 0.622022
vt 0.106702 0.567128
vt 0.106702 0.557979
vt 0.125000 0.567128
vt 0.088404 0.567128
vt 0.088404 0.576277
vt 0.088404 0.585426
vt 0.143298 0.576277
vt 0.106702 0.539681
vt 0.088404 0.521383
vt 0.088404 0.548830
vt 0.106702 0.493936
vt 0.106702 0.484787
vt 0.125000 0.493936
vt 0.088404 0.503085
vt 0.106702 0.512234
vt 0.143298 0.503085
vt 0.125000 0.512234
vt 0.106702 0.466489
vt 0.088404 0.466489
vt 0.088404 0.457341
vt 0.088404 0.448192
vt 0.088404 0.475638
vt 0.106702 0.420745
vt 0.106702 0.411596
vt 0.125000 0.420745
vt 0.088404 0.420745
vt 0.088404 0.429894
vt 0.088404 0.411596
vt 0.088404 0.439043
vt 0.106702 0.439043
vt 0.143298 0.429894
vt 0.125000 0.439043
vt 0.106702 0.393298
vt 0.088404 0.393298
vt 0.088404 0.384149
vt 0.088404 0.375000
vt 0.088404 0.402447
vt 0.106702 0.347553
vt 0.106702 0.338404
vt 0.115851 0.338404
vt 0.125000 0.347553
vt 0.088404 0.347553
vt 0.088404 0.356702
vt 0.088404 0.338404
vt 0.097553 0.338404
vt 0.088404 0.365851
vt 0.106702 0.365851
vt 0.143298 0.356702
vt 0.152447 0.338404
vt 0.143298 0.338404
vt 0.161596 0.338404
vt 0.134149 0.338404
vt 0.125000 0.338404
vt 0.125000 0.365851
vt 0.161596 0.356702
vt 0.161596 0.429894
vt 0.161596 0.576277
vt 0.106702 0.631171
vt 0.033510 0.557979
vt 0.234787 0.503085
vt 0.179894 0.557979
vt 0.234787 0.548830
vt 0.161596 0.622022
vt 0.161596 0.475638
vt 0.161596 0.402447
vt 0.115851 0.585426
vt 0.125000 0.594575
vt 0.115851 0.594575
vt 0.106702 0.594575
vt 0.106702 0.603724
vt 0.125000 0.603724
vt 0.115851 0.603724
vt 0.106702 0.585426
vt 0.125000 0.585426
vt 0.402447 0.402447
vt 0.411596 0.411596
vt 0.402447 0.411596
vt 0.402447 0.475638
vt 0.411596 0.484787
vt 0.402447 0.484787
vt 0.402447 0.548830
vt 0.411596 0.557979
vt 0.402447 0.557979
vt 0.402447 0.622022
vt 0.411596 0.631171
vt 0.402447 0.631171
vt 0.329255 0.548830
vt 0.338404 0.557979
vt 0.329255 0.557979
vt 0.475638 0.548830
vt 0.484787 0.557979
vt 0.475638 0.557979
vt 0.448192 0.548830
vt 0.439043 0.557979
vt 0.439043 0.548830
vt 0.439043 0.512234
vt 0.448192 0.521383
vt 0.439043 0.521383
vt 0.484787 0.512234
vt 0.475638 0.521383
vt 0.475638 0.512234
vt 0.301808 0.548830
vt 0.292659 0.557979
vt 0.292659 0.548830
vt 0.292659 0.512234
vt 0.301808 0.521383
vt 0.292659 0.521383
vt 0.338404 0.512234
vt 0.329255 0.521383
vt 0.329255 0.512234
vt 0.375000 0.622022
vt 0.365851 0.631171
vt 0.365851 0.622022
vt 0.365851 0.585426
vt 0.375000 0.594575
vt 0.365851 0.594575
vt 0.411596 0.585426
vt 0.402447 0.594575
vt 0.402447 0.585426
vt 0.375000 0.548830
vt 0.365851 0.557979
vt 0.365851 0.548830
vt 0.365851 0.512234
vt 0.375000 0.521383
vt 0.365851 0.521383
vt 0.411596 0.512234
vt 0.402447 0.521383
vt 0.402447 0.512234
vt 0.375000 0.475638
vt 0.365851 0.484787
vt 0.365851 0.475638
vt 0.365851 0.439043
vt 0.375000 0.448192
vt 0.365851 0.448192
vt 0.411596 0.439043
vt 0.402447 0.448192
vt 0.402447 0.439043
vt 0.375000 0.402447
vt 0.365851 0.411596
vt 0.365851 0.402447
vt 0.365851 0.365851
vt 0.375000 0.375000
vt 0.365851 0.375000
vt 0.411596 0.365851
vt 0.402447 0.375000
vt 0.402447 0.365851
vt 0.393298 0.365851
vt 0.384149 0.375000
vt 0.384149 0.365851
vt 0.393298 0.347553
vt 0.384149 0.356702
vt 0.384149 0.347553
vt 0.411596 0.347553
vt 0.402447 0.356702
vt 0.402447 0.347553
vt 0.347553 0.365851
vt 0.356702 0.375000
vt 0.347553 0.375000
vt 0.347553 0.347553
vt 0.356702 0.356702
vt 0.347553 0.356702
vt 0.365851 0.347553
vt 0.375000 0.356702
vt 0.365851 0.356702
vt 0.356702 0.402447
vt 0.347553 0.411596
vt 0.347553 0.402447
vt 0.356702 0.384149
vt 0.347553 0.393298
vt 0.347553 0.384149
vt 0.375000 0.384149
vt 0.365851 0.393298
vt 0.365851 0.384149
vt 0.393298 0.439043
vt 0.384149 0.448192
vt 0.384149 0.439043
vt 0.393298 0.420745
vt 0.384149 0.429894
vt 0.384149 0.420745
vt 0.411596 0.420745
vt 0.402447 0.429894
vt 0.402447 0.420745
vt 0.347553 0.439043
vt 0.356702 0.448192
vt 0.347553 0.448192
vt 0.347553 0.420745
vt 0.356702 0.429894
vt 0.347553 0.429894
vt 0.365851 0.420745
vt 0.375000 0.429894
vt 0.365851 0.429894
vt 0.356702 0.475638
vt 0.347553 0.484787
vt 0.347553 0.475638
vt 0.356702 0.457341
vt 0.347553 0.466489
vt 0.347553 0.457341
vt 0.375000 0.457341
vt 0.365851 0.466489
vt 0.365851 0.457341
vt 0.393298 0.512234
vt 0.384149 0.521383
vt 0.384149 0.512234
vt 0.393298 0.493936
vt 0.384149 0.503085
vt 0.384149 0.493936
vt 0.411596 0.493936
vt 0.402447 0.503085
vt 0.402447 0.493936
vt 0.347553 0.512234
vt 0.356702 0.521383
vt 0.347553 0.521383
vt 0.347553 0.493936
vt 0.356702 0.503085
vt 0.347553 0.503085
vt 0.365851 0.493936
vt 0.375000 0.503085
vt 0.365851 0.503085
vt 0.356702 0.548830
vt 0.347553 0.557979
vt 0.347553 0.548830
vt 0.356702 0.530532
vt 0.347553 0.539681
vt 0.347553 0.530532
vt 0.375000 0.530532
vt 0.365851 0.539681
vt 0.365851 0.530532
vt 0.393298 0.585426
vt 0.384149 0.594575
vt 0.384149 0.585426
vt 0.393298 0.567128
vt 0.384149 0.576277
vt 0.384149 0.567128
vt 0.411596 0.567128
vt 0.402447 0.576277
vt 0.402447 0.567128
vt 0.347553 0.585426
vt 0.356702 0.594575
vt 0.347553 0.594575
vt 0.347553 0.567128
vt 0.356702 0.576277
vt 0.347553 0.576277
vt 0.365851 0.567128
vt 0.375000 0.576277
vt 0.365851 0.576277
vt 0.356702 0.622022
vt 0.347553 0.631171
vt 0.347553 0.622022
vt 0.356702 0.603724
vt 0.347553 0.612873
vt 0.347553 0.603724
vt 0.375000 0.603724
vt 0.365851 0.612873
vt 0.365851 0.603724
vt 0.320106 0.512234
vt 0.310957 0.521383
vt 0.310957 0.512234
vt 0.320106 0.493936
vt 0.310957 0.503085
vt 0.310957 0.493936
vt 0.338404 0.493936
vt 0.329255 0.503085
vt 0.329255 0.493936
vt 0.274362 0.512234
vt 0.283510 0.521383
vt 0.274362 0.521383
vt 0.274362 0.493936
vt 0.283510 0.503085
vt 0.274362 0.503085
vt 0.292659 0.493936
vt 0.301808 0.503085
vt 0.292659 0.503085
vt 0.283510 0.548830
vt 0.274362 0.557979
vt 0.274362 0.548830
vt 0.283510 0.530532
vt 0.274362 0.539681
vt 0.274362 0.530532
vt 0.301808 0.530532
vt 0.292659 0.539681
vt 0.292659 0.530532
vt 0.466489 0.512234
vt 0.457341 0.521383
vt 0.457341 0.512234
vt 0.466489 0.493936
vt 0.457341 0.503085
vt 0.457341 0.493936
vt 0.484787 0.493936
vt 0.475638 0.503085
vt 0.475638 0.493936
vt 0.420745 0.512234
vt 0.429894 0.521383
vt 0.420745 0.521383
vt 0.420745 0.493936
vt 0.429894 0.503085
vt 0.420745 0.503085
vt 0.439043 0.493936
vt 0.448192 0.503085
vt 0.439043 0.503085
vt 0.429894 0.548830
vt 0.420745 0.557979
vt 0.420745 0.548830
vt 0.429894 0.530532
vt 0.420745 0.539681
vt 0.420745 0.530532
vt 0.448192 0.530532
vt 0.439043 0.539681
vt 0.439043 0.530532
vt 0.457341 0.548830
vt 0.466489 0.557979
vt 0.457341 0.557979
vt 0.457341 0.530532
vt 0.466489 0.539681
vt 0.457341 0.539681
vt 0.475638 0.530532
vt 0.484787 0.539681
vt 0.475638 0.539681
vt 0.310957 0.548830
vt 0.320106 0.557979
vt 0.310957 0.557979
vt 0.310957 0.530532
vt 0.320106 0.539681
vt 0.310957 0.539681
vt 0.329255 0.530532
vt 0.338404 0.539681
vt 0.329255 0.539681
vt 0.384149 0.622022
vt 0.393298 0.631171
vt 0.384149 0.631171
vt 0.384149 0.603724
vt 0.393298 0.612873
vt 0.384149 0.612873
vt 0.402447 0.603724
vt 0.411596 0.612873
vt 0.402447 0.612873
vt 0.384149 0.548830
vt 0.393298 0.557979
vt 0.384149 0.557979
vt 0.384149 0.530532
vt 0.393298 0.539681
vt 0.384149 0.539681
vt 0.402447 0.530532
vt 0.411596 0.539681
vt 0.402447 0.539681
vt 0.384149 0.475638
vt 0.393298 0.484787
vt 0.384149 0.484787
vt 0.384149 0.457341
vt 0.393298 0.466489
vt 0.384149 0.466489
vt 0.402447 0.457341
vt 0.411596 0.466489
vt 0.402447 0.466489
vt 0.384149 0.402447
vt 0.393298 0.411596
vt 0.384149 0.411596
vt 0.384149 0.384149
vt 0.393298 0.393298
vt 0.384149 0.393298
vt 0.402447 0.384149
vt 0.411596 0.393298
vt 0.402447 0.393298
vt 0.393298 0.384149
vt 0.393298 0.375000
vt 0.411596 0.384149
vt 0.375000 0.393298
vt 0.375000 0.411596
vt 0.393298 0.402447
vt 0.393298 0.457341
vt 0.393298 0.448192
vt 0.411596 0.457341
vt 0.375000 0.466489
vt 0.375000 0.484787
vt 0.393298 0.475638
vt 0.393298 0.530532
vt 0.393298 0.521383
vt 0.411596 0.530532
vt 0.375000 0.539681
vt 0.375000 0.557979
vt 0.393298 0.548830
vt 0.393298 0.603724
vt 0.393298 0.594575
vt 0.411596 0.603724
vt 0.375000 0.612873
vt 0.375000 0.631171
vt 0.393298 0.622022
vt 0.320106 0.530532
vt 0.320106 0.521383
vt 0.338404 0.530532
vt 0.301808 0.539681
vt 0.301808 0.557979
vt 0.320106 0.548830
vt 0.466489 0.530532
vt 0.466489 0.521383
vt 0.484787 0.530532
vt 0.448192 0.539681
vt 0.448192 0.557979
vt 0.466489 0.548830
vt 0.429894 0.539681
vt 0.411596 0.521383
vt 0.411596 0.548830
vt 0.429894 0.493936
vt 0.429894 0.484787
vt 0.439043 0.484787
vt 0.448192 0.493936
vt 0.411596 0.503085
vt 0.420745 0.484787
vt 0.429894 0.512234
vt 0.466489 0.503085
vt 0.475638 0.484787
vt 0.466489 0.484787
vt 0.484787 0.484787
vt 0.457341 0.484787
vt 0.448192 0.484787
vt 0.448192 0.512234
vt 0.283510 0.539681
vt 0.265213 0.539681
vt 0.265213 0.530532
vt 0.265213 0.521383
vt 0.265213 0.557979
vt 0.265213 0.548830
vt 0.283510 0.493936
vt 0.283510 0.484787
vt 0.292659 0.484787
vt 0.301808 0.493936
vt 0.265213 0.493936
vt 0.265213 0.503085
vt 0.265213 0.484787
vt 0.274362 0.484787
vt 0.265213 0.512234
vt 0.283510 0.512234
vt 0.320106 0.503085
vt 0.329255 0.484787
vt 0.320106 0.484787
vt 0.338404 0.484787
vt 0.310957 0.484787
vt 0.301808 0.484787
vt 0.301808 0.512234
vt 0.356702 0.612873
vt 0.338404 0.612873
vt 0.338404 0.603724
vt 0.338404 0.594575
vt 0.338404 0.631171
vt 0.338404 0.622022
vt 0.356702 0.567128
vt 0.356702 0.557979
vt 0.375000 0.567128
vt 0.338404 0.567128
vt 0.338404 0.576277
vt 0.338404 0.585426
vt 0.356702 0.585426
vt 0.393298 0.576277
vt 0.375000 0.585426
vt 0.356702 0.539681
vt 0.338404 0.521383
vt 0.338404 0.548830
vt 0.356702 0.493936
vt 0.356702 0.484787
vt 0.375000 0.493936
vt 0.338404 0.503085
vt 0.356702 0.512234
vt 0.393298 0.503085
vt 0.375000 0.512234
vt 0.356702 0.466489
vt 0.338404 0.466489
vt 0.338404 0.457341
vt 0.338404 0.448192
vt 0.338404 0.475638
vt 0.356702 0.420745
vt 0.356702 0.411596
vt 0.375000 0.420745
vt 0.338404 0.420745
vt 0.338404 0.429894
vt 0.338404 0.411596
vt 0.338404 0.439043
vt 0.356702 0.439043
vt 0.393298 0.429894
vt 0.375000 0.439043
vt 0.356702 0.393298
vt 0.338404 0.393298
vt 0.338404 0.384149
vt 0.338404 0.375000
vt 0.338404 0.402447
vt 0.356702 0.347553
vt 0.356702 0.338404
vt 0.365851 0.338404
vt 0.375000 0.347553
vt 0.338404 0.347553
vt 0.338404 0.356702
vt 0.338404 0.338404
vt 0.347553 0.338404
vt 0.338404 0.365851
vt 0.356702 0.365851
vt 0.393298 0.356702
vt 0.402447 0.338404
vt 0.393298 0.338404
vt 0.411596 0.338404
vt 0.384149 0.338404
vt 0.375000 0.338404
vt 0.375000 0.365851
vt 0.411596 0.356702
vt 0.411596 0.429894
vt 0.411596 0.576277
vt 0.356702 0.631171
vt 0.283510 0.557979
vt 0.484787 0.503085
vt 0.429894 0.557979
vt 0.484787 0.548830
vt 0.411596 0.622022
vt 0.411596 0.475638
vt 0.411596 0.402447
vt 0.411596 0.725638
vt 0.402447 0.734787
vt 0.402447 0.725638
vt 0.402447 0.798830
vt 0.411596 0.807979
vt 0.402447 0.807979
vt 0.411596 0.872022
vt 0.402447 0.881171
vt 0.402447 0.872022
vt 0.402447 0.945213
vt 0.411596 0.954362
vt 0.402447 0.954362
vt 0.329255 0.872022
vt 0.338404 0.881171
vt 0.329255 0.881171
vt 0.475638 0.872022
vt 0.484787 0.881171
vt 0.475638 0.881171
vt 0.448192 0.872022
vt 0.439043 0.881171
vt 0.439043 0.872022
vt 0.439043 0.835426
vt 0.448192 0.844575
vt 0.439043 0.844575
vt 0.484787 0.835426
vt 0.475638 0.844575
vt 0.475638 0.835426
vt 0.301808 0.872022
vt 0.292659 0.881171
vt 0.292659 0.872022
vt 0.292659 0.835426
vt 0.301808 0.844575
vt 0.292659 0.844575
vt 0.338404 0.835426
vt 0.329255 0.844575
vt 0.329255 0.835426
vt 0.375000 0.945213
vt 0.365851 0.954362
vt 0.365851 0.945213
vt 0.365851 0.908617
vt 0.375000 0.917766
vt 0.365851 0.917766
vt 0.411596 0.908617
vt 0.402447 0.917766
vt 0.402447 0.908617
vt 0.365851 0.872022
vt 0.375000 0.881171
vt 0.365851 0.881171
vt 0.375000 0.835426
vt 0.365851 0.844575
vt 0.365851 0.835426
vt 0.402447 0.835426
vt 0.411596 0.844575
vt 0.402447 0.844575
vt 0.375000 0.798830
vt 0.365851 0.807979
vt 0.365851 0.798830
vt 0.365851 0.762234
vt 0.375000 0.771383
vt 0.365851 0.771383
vt 0.411596 0.762234
vt 0.402447 0.771383
vt 0.402447 0.762234
vt 0.365851 0.725638
vt 0.375000 0.734787
vt 0.365851 0.734787
vt 0.375000 0.689043
vt 0.365851 0.698192
vt 0.365851 0.689043
vt 0.402447 0.689043
vt 0.411596 0.698192
vt 0.402447 0.698192
vt 0.384149 0.689043
vt 0.393298 0.698192
vt 0.384149 0.698192
vt 0.384149 0.670745
vt 0.393298 0.679894
vt 0.384149 0.679894
vt 0.402447 0.670745
vt 0.411596 0.679894
vt 0.402447 0.679894
vt 0.356702 0.689043
vt 0.347553 0.698192
vt 0.347553 0.689043
vt 0.356702 0.670745
vt 0.347553 0.679894
vt 0.347553 0.670745
vt 0.375000 0.670745
vt 0.365851 0.679894
vt 0.365851 0.670745
vt 0.347553 0.725638
vt 0.356702 0.734787
vt 0.347553 0.734787
vt 0.347553 0.707340
vt 0.356702 0.716489
vt 0.347553 0.716489
vt 0.365851 0.707340
vt 0.375000 0.716489
vt 0.365851 0.716489
vt 0.393298 0.762234
vt 0.384149 0.771383
vt 0.384149 0.762234
vt 0.393298 0.743936
vt 0.384149 0.753085
vt 0.384149 0.743936
vt 0.411596 0.743936
vt 0.402447 0.753085
vt 0.402447 0.743936
vt 0.347553 0.762234
vt 0.356702 0.771383
vt 0.347553 0.771383
vt 0.347553 0.743936
vt 0.356702 0.753085
vt 0.347553 0.753085
vt 0.365851 0.743936
vt 0.375000 0.753085
vt 0.365851 0.753085
vt 0.356702 0.798830
vt 0.347553 0.807979
vt 0.347553 0.798830
vt 0.356702 0.780532
vt 0.347553 0.789681
vt 0.347553 0.780532
vt 0.375000 0.780532
vt 0.365851 0.789681
vt 0.365851 0.780532
vt 0.384149 0.835426
vt 0.393298 0.844575
vt 0.384149 0.844575
vt 0.384149 0.817128
vt 0.393298 0.826277
vt 0.384149 0.826277
vt 0.402447 0.817128
vt 0.411596 0.826277
vt 0.402447 0.826277
vt 0.356702 0.835426
vt 0.347553 0.844575
vt 0.347553 0.835426
vt 0.356702 0.817128
vt 0.347553 0.826277
vt 0.347553 0.817128
vt 0.375000 0.817128
vt 0.365851 0.826277
vt 0.365851 0.817128
vt 0.347553 0.872022
vt 0.356702 0.881171
vt 0.347553 0.881171
vt 0.347553 0.853724
vt 0.356702 0.862873
vt 0.347553 0.862873
vt 0.365851 0.853724
vt 0.375000 0.862873
vt 0.365851 0.862873
vt 0.393298 0.908617
vt 0.384149 0.917766
vt 0.384149 0.908617
vt 0.393298 0.890320
vt 0.384149 0.899468
vt 0.384149 0.890320
vt 0.411596 0.890320
vt 0.402447 0.899468
vt 0.402447 0.890320
vt 0.347553 0.908617
vt 0.356702 0.917766
vt 0.347553 0.917766
vt 0.347553 0.890320
vt 0.356702 0.899468
vt 0.347553 0.899468
vt 0.365851 0.890320
vt 0.375000 0.899468
vt 0.365851 0.899468
vt 0.356702 0.945213
vt 0.347553 0.954362
vt 0.347553 0.945213
vt 0.356702 0.926915
vt 0.347553 0.936064
vt 0.347553 0.926915
vt 0.375000 0.926915
vt 0.365851 0.936064
vt 0.365851 0.926915
vt 0.320106 0.835426
vt 0.310957 0.844575
vt 0.310957 0.835426
vt 0.320106 0.817128
vt 0.310957 0.826277
vt 0.310957 0.817128
vt 0.338404 0.817128
vt 0.329255 0.826277
vt 0.329255 0.817128
vt 0.274362 0.835426
vt 0.283510 0.844575
vt 0.274362 0.844575
vt 0.274362 0.817128
vt 0.283510 0.826277
vt 0.274362 0.826277
vt 0.292659 0.817128
vt 0.301808 0.826277
vt 0.292659 0.826277
vt 0.283510 0.872022
vt 0.274362 0.881171
vt 0.274362 0.872022
vt 0.283510 0.853724
vt 0.274362 0.862873
vt 0.274362 0.853724
vt 0.301808 0.853724
vt 0.292659 0.862873
vt 0.292659 0.853724
vt 0.466489 0.835426
vt 0.457341 0.844575
vt 0.457341 0.835426
vt 0.466489 0.817128
vt 0.457341 0.826277
vt 0.457341 0.817128
vt 0.484787 0.817128
vt 0.475638 0.826277
vt 0.475638 0.817128
vt 0.420745 0.835426
vt 0.429894 0.844575
vt 0.420745 0.844575
vt 0.420745 0.817128
vt 0.429894 0.826277
vt 0.420745 0.826277
vt 0.439043 0.817128
vt 0.448192 0.826277
vt 0.439043 0.826277
vt 0.429894 0.872022
vt 0.420745 0.881171
vt 0.420745 0.872022
vt 0.429894 0.853724
vt 0.420745 0.862873
vt 0.420745 0.853724
vt 0.448192 0.853724
vt 0.439043 0.862873
vt 0.439043 0.853724
vt 0.457341 0.872022
vt 0.466489 0.881171
vt 0.457341 0.881171
vt 0.457341 0.853724
vt 0.466489 0.862873
vt 0.457341 0.862873
vt 0.475638 0.853724
vt 0.484787 0.862873
vt 0.475638 0.862873
vt 0.310957 0.872022
vt 0.320106 0.881171
vt 0.310957 0.881171
vt 0.310957 0.853724
vt 0.320106 0.862873
vt 0.310957 0.862873
vt 0.329255 0.853724
vt 0.338404 0.862873
vt 0.329255 0.862873
vt 0.384149 0.945213
vt 0.393298 0.954362
vt 0.384149 0.954362
vt 0.384149 0.926915
vt 0.393298 0.936064
vt 0.384149 0.936064
vt 0.402447 0.926915
vt 0.411596 0.936064
vt 0.402447 0.936064
vt 0.393298 0.872022
vt 0.384149 0.881171
vt 0.384149 0.872022
vt 0.393298 0.853724
vt 0.384149 0.862873
vt 0.384149 0.853724
vt 0.411596 0.853724
vt 0.402447 0.862873
vt 0.402447 0.853724
vt 0.384149 0.798830
vt 0.393298 0.807979
vt 0.384149 0.807979
vt 0.384149 0.780532
vt 0.393298 0.789681
vt 0.384149 0.789681
vt 0.402447 0.780532
vt 0.411596 0.789681
vt 0.402447 0.789681
vt 0.393298 0.725638
vt 0.384149 0.734787
vt 0.384149 0.725638
vt 0.393298 0.707340
vt 0.384149 0.716489
vt 0.384149 0.707340
vt 0.411596 0.707340
vt 0.402447 0.716489
vt 0.402447 0.707340
vt 0.393298 0.716489
vt 0.375000 0.707340
vt 0.375000 0.698192
vt 0.375000 0.725638
vt 0.393298 0.780532
vt 0.393298 0.771383
vt 0.411596 0.780532
vt 0.375000 0.789681
vt 0.375000 0.807979
vt 0.393298 0.798830
vt 0.393298 0.862873
vt 0.375000 0.853724
vt 0.375000 0.844575
vt 0.375000 0.872022
vt 0.393298 0.926915
vt 0.393298 0.917766
vt 0.411596 0.926915
vt 0.375000 0.936064
vt 0.375000 0.954362
vt 0.393298 0.945213
vt 0.320106 0.853724
vt 0.320106 0.844575
vt 0.338404 0.853724
vt 0.301808 0.862873
vt 0.301808 0.881171
vt 0.320106 0.872022
vt 0.466489 0.853724
vt 0.466489 0.844575
vt 0.484787 0.853724
vt 0.448192 0.862873
vt 0.448192 0.881171
vt 0.466489 0.872022
vt 0.429894 0.862873
vt 0.411596 0.862873
vt 0.411596 0.881171
vt 0.429894 0.817128
vt 0.429894 0.807979
vt 0.439043 0.807979
vt 0.448192 0.817128
vt 0.411596 0.817128
vt 0.420745 0.807979
vt 0.411596 0.835426
vt 0.429894 0.835426
vt 0.466489 0.826277
vt 0.475638 0.807979
vt 0.466489 0.807979
vt 0.484787 0.807979
vt 0.457341 0.807979
vt 0.448192 0.807979
vt 0.448192 0.835426
vt 0.283510 0.862873
vt 0.265213 0.862873
vt 0.265213 0.853724
vt 0.265213 0.844575
vt 0.265213 0.881171
vt 0.265213 0.872022
vt 0.283510 0.817128
vt 0.283510 0.807979
vt 0.292659 0.807979
vt 0.301808 0.817128
vt 0.265213 0.817128
vt 0.265213 0.826277
vt 0.265213 0.807979
vt 0.274362 0.807979
vt 0.265213 0.835426
vt 0.283510 0.835426
vt 0.320106 0.826277
vt 0.329255 0.807979
vt 0.320106 0.807979
vt 0.338404 0.807979
vt 0.310957 0.807979
vt 0.301808 0.807979
vt 0.301808 0.835426
vt 0.356702 0.936064
vt 0.338404 0.936064
vt 0.338404 0.926915
vt 0.338404 0.917766
vt 0.338404 0.954362
vt 0.338404 0.945213
vt 0.356702 0.890320
vt 0.375000 0.890320
vt 0.338404 0.890320
vt 0.338404 0.899468
vt 0.338404 0.908617
vt 0.356702 0.908617
vt 0.393298 0.899468
vt 0.393298 0.881171
vt 0.375000 0.908617
vt 0.356702 0.853724
vt 0.356702 0.844575
vt 0.338404 0.844575
vt 0.338404 0.872022
vt 0.356702 0.872022
vt 0.356702 0.826277
vt 0.356702 0.807979
vt 0.338404 0.826277
vt 0.393298 0.817128
vt 0.375000 0.826277
vt 0.393298 0.835426
vt 0.356702 0.789681
vt 0.338404 0.789681
vt 0.338404 0.780532
vt 0.338404 0.771383
vt 0.338404 0.798830
vt 0.356702 0.743936
vt 0.375000 0.743936
vt 0.338404 0.743936
vt 0.338404 0.753085
vt 0.338404 0.734787
vt 0.338404 0.762234
vt 0.356702 0.762234
vt 0.393298 0.753085
vt 0.393298 0.734787
vt 0.411596 0.734787
vt 0.375000 0.762234
vt 0.356702 0.707340
vt 0.356702 0.698192
vt 0.338404 0.707340
vt 0.338404 0.716489
vt 0.338404 0.670745
vt 0.338404 0.725638
vt 0.356702 0.725638
vt 0.356702 0.679894
vt 0.365851 0.661596
vt 0.356702 0.661596
vt 0.375000 0.661596
vt 0.338404 0.679894
vt 0.347553 0.661596
vt 0.338404 0.689043
vt 0.393298 0.670745
vt 0.393298 0.661596
vt 0.402447 0.661596
vt 0.411596 0.670745
vt 0.375000 0.679894
vt 0.384149 0.661596
vt 0.393298 0.689043
vt 0.411596 0.689043
vt 0.411596 0.753085
vt 0.411596 0.899468
vt 0.356702 0.954362
vt 0.283510 0.881171
vt 0.484787 0.826277
vt 0.429894 0.881171
vt 0.484787 0.872022
vt 0.411596 0.945213
vt 0.411596 0.798830
vt 0.411596 0.716489
vt 0.338404 0.698192
vt 0.338404 0.661596
vt 0.661596 0.725638
vt 0.652447 0.734787
vt 0.652447 0.725638
vt 0.652447 0.798830
vt 0.661596 0.807979
vt 0.652447 0.807979
vt 0.661596 0.872022
vt 0.652447 0.881171
vt 0.652447 0.872022
vt 0.652447 0.945213
vt 0.661596 0.954362
vt 0.652447 0.954362
vt 0.579255 0.872022
vt 0.588404 0.881171
vt 0.579255 0.881171
vt 0.725638 0.872022
vt 0.734787 0.881171
vt 0.725638 0.881171
vt 0.698192 0.872022
vt 0.689043 0.881171
vt 0.689043 0.872022
vt 0.689043 0.835426
vt 0.698192 0.844575
vt 0.689043 0.844575
vt 0.734787 0.835426
vt 0.725638 0.844575
vt 0.725638 0.835426
vt 0.551808 0.872022
vt 0.542659 0.881171
vt 0.542659 0.872022
vt 0.542659 0.835426
vt 0.551808 0.844575
vt 0.542659 0.844575
vt 0.588404 0.835426
vt 0.579255 0.844575
vt 0.579255 0.835426
vt 0.625000 0.945213
vt 0.615851 0.954362
vt 0.615851 0.945213
vt 0.615851 0.908617
vt 0.625000 0.917766
vt 0.615851 0.917766
vt 0.661596 0.908617
vt 0.652447 0.917766
vt 0.652447 0.908617
vt 0.615851 0.872022
vt 0.625000 0.881171
vt 0.615851 0.881171
vt 0.625000 0.835426
vt 0.615851 0.844575
vt 0.615851 0.835426
vt 0.652447 0.835426
vt 0.661596 0.844575
vt 0.652447 0.844575
vt 0.625000 0.798830
vt 0.615851 0.807979
vt 0.615851 0.798830
vt 0.615851 0.762234
vt 0.625000 0.771383
vt 0.615851 0.771383
vt 0.661596 0.762234
vt 0.652447 0.771383
vt 0.652447 0.762234
vt 0.615851 0.725638
vt 0.625000 0.734787
vt 0.615851 0.734787
vt 0.625000 0.689043
vt 0.615851 0.698192
vt 0.615851 0.689043
vt 0.652447 0.689043
vt 0.661596 0.698192
vt 0.652447 0.698192
vt 0.634149 0.689043
vt 0.643298 0.698192
vt 0.634149 0.698192
vt 0.634149 0.670745
vt 0.643298 0.679894
vt 0.634149 0.679894
vt 0.652447 0.670745
vt 0.661596 0.679894
vt 0.652447 0.679894
vt 0.606702 0.689043
vt 0.597553 0.698192
vt 0.597553 0.689043
vt 0.606702 0.670745
vt 0.597553 0.679894
vt 0.597553 0.670745
vt 0.625000 0.670745
vt 0.615851 0.679894
vt 0.615851 0.670745
vt 0.597553 0.725638
vt 0.606702 0.734787
vt 0.597553 0.734787
vt 0.597553 0.707340
vt 0.606702 0.716489
vt 0.597553 0.716489
vt 0.615851 0.707340
vt 0.625000 0.716489
vt 0.615851 0.716489
vt 0.643298 0.762234
vt 0.634149 0.771383
vt 0.634149 0.762234
vt 0.643298 0.743936
vt 0.634149 0.753085
vt 0.634149 0.743936
vt 0.661596 0.743936
vt 0.652447 0.753085
vt 0.652447 0.743936
vt 0.597553 0.762234
vt 0.606702 0.771383
vt 0.597553 0.771383
vt 0.597553 0.743936
vt 0.606702 0.753085
vt 0.597553 0.753085
vt 0.615851 0.743936
vt 0.625000 0.753085
vt 0.615851 0.753085
vt 0.606702 0.798830
vt 0.597553 0.807979
vt 0.597553 0.798830
vt 0.606702 0.780532
vt 0.597553 0.789681
vt 0.597553 0.780532
vt 0.625000 0.780532
vt 0.615851 0.789681
vt 0.615851 0.780532
vt 0.634149 0.835426
vt 0.643298 0.844575
vt 0.634149 0.844575
vt 0.634149 0.817128
vt 0.643298 0.826277
vt 0.634149 0.826277
vt 0.652447 0.817128
vt 0.661596 0.826277
vt 0.652447 0.826277
vt 0.606702 0.835426
vt 0.597553 0.844575
vt 0.597553 0.835426
vt 0.606702 0.817128
vt 0.597553 0.826277
vt 0.597553 0.817128
vt 0.625000 0.817128
vt 0.615851 0.826277
vt 0.615851 0.817128
vt 0.597553 0.872022
vt 0.606702 0.881171
vt 0.597553 0.881171
vt 0.597553 0.853724
vt 0.606702 0.862873
vt 0.597553 0.862873
vt 0.615851 0.853724
vt 0.625000 0.862873
vt 0.615851 0.862873
vt 0.643298 0.908617
vt 0.634149 0.917766
vt 0.634149 0.908617
vt 0.643298 0.890320
vt 0.634149 0.899468
vt 0.634149 0.890320
vt 0.661596 0.890320
vt 0.652447 0.899468
vt 0.652447 0.890320
vt 0.597553 0.908617
vt 0.606702 0.917766
vt 0.597553 0.917766
vt 0.597553 0.890320
vt 0.606702 0.899468
vt 0.597553 0.899468
vt 0.615851 0.890320
vt 0.625000 0.899468
vt 0.615851 0.899468
vt 0.606702 0.945213
vt 0.597553 0.954362
vt 0.597553 0.945213
vt 0.606702 0.926915
vt 0.597553 0.936064
vt 0.597553 0.926915
vt 0.625000 0.926915
vt 0.615851 0.936064
vt 0.615851 0.926915
vt 0.570106 0.835426
vt 0.560957 0.844575
vt 0.560957 0.835426
vt 0.570106 0.817128
vt 0.560957 0.826277
vt 0.560957 0.817128
vt 0.588404 0.817128
vt 0.579255 0.826277
vt 0.579255 0.817128
vt 0.524361 0.835426
vt 0.533510 0.844575
vt 0.524361 0.844575
vt 0.524361 0.817128
vt 0.533510 0.826277
vt 0.524361 0.826277
vt 0.542659 0.817128
vt 0.551808 0.826277
vt 0.542659 0.826277
vt 0.533510 0.872022
vt 0.524361 0.881171
vt 0.524361 0.872022
vt 0.533510 0.853724
vt 0.524361 0.862873
vt 0.524361 0.853724
vt 0.551808 0.853724
vt 0.542659 0.862873
vt 0.542659 0.853724
vt 0.716489 0.835426
vt 0.707340 0.844575
vt 0.707340 0.835426
vt 0.716489 0.817128
vt 0.707340 0.826277
vt 0.707340 0.817128
vt 0.734787 0.817128
vt 0.725638 0.826277
vt 0.725638 0.817128
vt 0.670745 0.835426
vt 0.679894 0.844575
vt 0.670745 0.844575
vt 0.670745 0.817128
vt 0.679894 0.826277
vt 0.670745 0.826277
vt 0.689043 0.817128
vt 0.698192 0.826277
vt 0.689043 0.826277
vt 0.679894 0.872022
vt 0.670745 0.881171
vt 0.670745 0.872022
vt 0.679894 0.853724
vt 0.670745 0.862873
vt 0.670745 0.853724
vt 0.698192 0.853724
vt 0.689043 0.862873
vt 0.689043 0.853724
vt 0.707340 0.872022
vt 0.716489 0.881171
vt 0.707340 0.881171
vt 0.707340 0.853724
vt 0.716489 0.862873
vt 0.707340 0.862873
vt 0.725638 0.853724
vt 0.734787 0.862873
vt 0.725638 0.862873
vt 0.560957 0.872022
vt 0.570106 0.881171
vt 0.560957 0.881171
vt 0.560957 0.853724
vt 0.570106 0.862873
vt 0.560957 0.862873
vt 0.579255 0.853724
vt 0.588404 0.862873
vt 0.579255 0.862873
vt 0.634149 0.945213
vt 0.643298 0.954362
vt 0.634149 0.954362
vt 0.634149 0.926915
vt 0.643298 0.936064
vt 0.634149 0.936064
vt 0.652447 0.926915
vt 0.661596 0.936064
vt 0.652447 0.936064
vt 0.643298 0.872022
vt 0.634149 0.881171
vt 0.634149 0.872022
vt 0.643298 0.853724
vt 0.634149 0.862873
vt 0.634149 0.853724
vt 0.661596 0.853724
vt 0.652447 0.862873
vt 0.652447 0.853724
vt 0.634149 0.798830
vt 0.643298 0.807979
vt 0.634149 0.807979
vt 0.634149 0.780532
vt 0.643298 0.789681
vt 0.634149 0.789681
vt 0.652447 0.780532
vt 0.661596 0.789681
vt 0.652447 0.789681
vt 0.643298 0.725638
vt 0.634149 0.734787
vt 0.634149 0.725638
vt 0.643298 0.707340
vt 0.634149 0.716489
vt 0.634149 0.707340
vt 0.661596 0.707340
vt 0.652447 0.716489
vt 0.652447 0.707340
vt 0.643298 0.716489
vt 0.625000 0.707340
vt 0.625000 0.698192
vt 0.625000 0.725638
vt 0.643298 0.780532
vt 0.643298 0.771383
vt 0.661596 0.780532
vt 0.625000 0.789681
vt 0.625000 0.807979
vt 0.643298 0.798830
vt 0.643298 0.862873
vt 0.625000 0.853724
vt 0.625000 0.844575
vt 0.625000 0.872022
vt 0.643298 0.926915
vt 0.643298 0.917766
vt 0.661596 0.926915
vt 0.625000 0.936064
vt 0.625000 0.954362
vt 0.643298 0.945213
vt 0.570106 0.853724
vt 0.570106 0.844575
vt 0.588404 0.853724
vt 0.551808 0.862873
vt 0.551808 0.881171
vt 0.570106 0.872022
vt 0.716489 0.853724
vt 0.716489 0.844575
vt 0.734787 0.853724
vt 0.698192 0.862873
vt 0.698192 0.881171
vt 0.716489 0.872022
vt 0.679894 0.862873
vt 0.661596 0.862873
vt 0.661596 0.881171
vt 0.679894 0.817128
vt 0.679894 0.807979
vt 0.689043 0.807979
vt 0.698192 0.817128
vt 0.661596 0.817128
vt 0.670745 0.807979
vt 0.661596 0.835426
vt 0.679894 0.835426
vt 0.716489 0.826277
vt 0.725638 0.807979
vt 0.716489 0.807979
vt 0.734787 0.807979
vt 0.707340 0.807979
vt 0.698192 0.807979
vt 0.698192 0.835426
vt 0.533510 0.862873
vt 0.515213 0.862873
vt 0.515213 0.853724
vt 0.515213 0.844575
vt 0.515213 0.881171
vt 0.515213 0.872022
vt 0.533510 0.817128
vt 0.533510 0.807979
vt 0.542659 0.807979
vt 0.551808 0.817128
vt 0.515213 0.817128
vt 0.515213 0.826277
vt 0.515213 0.807979
vt 0.524361 0.807979
vt 0.515213 0.835426
vt 0.533510 0.835426
vt 0.570106 0.826277
vt 0.579255 0.807979
vt 0.570106 0.807979
vt 0.588404 0.807979
vt 0.560957 0.807979
vt 0.551808 0.807979
vt 0.551808 0.835426
vt 0.606702 0.936064
vt 0.588404 0.936064
vt 0.588404 0.926915
vt 0.588404 0.917766
vt 0.588404 0.954362
vt 0.588404 0.945213
vt 0.606702 0.890320
vt 0.625000 0.890320
vt 0.588404 0.890320
vt 0.588404 0.899468
vt 0.588404 0.908617
vt 0.606702 0.908617
vt 0.643298 0.899468
vt 0.643298 0.881171
vt 0.625000 0.908617
vt 0.606702 0.853724
vt 0.606702 0.844575
vt 0.588404 0.872022
vt 0.606702 0.872022
vt 0.606702 0.826277
vt 0.606702 0.807979
vt 0.588404 0.826277
vt 0.643298 0.817128
vt 0.625000 0.826277
vt 0.643298 0.835426
vt 0.606702 0.789681
vt 0.588404 0.789681
vt 0.588404 0.780532
vt 0.588404 0.771383
vt 0.588404 0.798830
vt 0.606702 0.743936
vt 0.625000 0.743936
vt 0.588404 0.743936
vt 0.588404 0.753085
vt 0.588404 0.734787
vt 0.588404 0.762234
vt 0.606702 0.762234
vt 0.643298 0.753085
vt 0.643298 0.734787
vt 0.661596 0.734787
vt 0.625000 0.762234
vt 0.606702 0.707340
vt 0.606702 0.698192
vt 0.588404 0.707340
vt 0.588404 0.716489
vt 0.588404 0.725638
vt 0.606702 0.725638
vt 0.606702 0.679894
vt 0.615851 0.661596
vt 0.606702 0.661596
vt 0.625000 0.661596
vt 0.588404 0.679894
vt 0.588404 0.670745
vt 0.588404 0.689043
vt 0.597553 0.661596
vt 0.643298 0.670745
vt 0.643298 0.661596
vt 0.652447 0.661596
vt 0.661596 0.670745
vt 0.625000 0.679894
vt 0.634149 0.661596
vt 0.643298 0.689043
vt 0.661596 0.689043
vt 0.661596 0.753085
vt 0.661596 0.899468
vt 0.606702 0.954362
vt 0.533510 0.881171
vt 0.734787 0.826277
vt 0.679894 0.881171
vt 0.734787 0.872022
vt 0.661596 0.945213
vt 0.661596 0.798830
vt 0.661596 0.716489
vt 0.588404 0.844575
vt 0.588404 0.698192
vt 0.588404 0.661596
vt 0.152447 0.079255
vt 0.161596 0.088404
vt 0.152447 0.088404
vt 0.152447 0.152447
vt 0.161596 0.161596
vt 0.152447 0.161596
vt 0.152447 0.225638
vt 0.161596 0.234787
vt 0.152447 0.234787
vt 0.152447 0.298830
vt 0.161596 0.307979
vt 0.152447 0.307979
vt 0.079255 0.225638
vt 0.088404 0.234787
vt 0.079255 0.234787
vt 0.225638 0.225638
vt 0.234787 0.234787
vt 0.225638 0.234787
vt 0.198192 0.225638
vt 0.189043 0.234787
vt 0.189043 0.225638
vt 0.189043 0.189043
vt 0.198192 0.198192
vt 0.189043 0.198192
vt 0.234787 0.189043
vt 0.225638 0.198192
vt 0.225638 0.189043
vt 0.051808 0.225638
vt 0.042659 0.234787
vt 0.042659 0.225638
vt 0.042659 0.189043
vt 0.051808 0.198192
vt 0.042659 0.198192
vt 0.088404 0.189043
vt 0.079255 0.198192
vt 0.079255 0.189043
vt 0.125000 0.298830
vt 0.115851 0.307979
vt 0.115851 0.298830
vt 0.115851 0.262234
vt 0.125000 0.271383
vt 0.115851 0.271383
vt 0.161596 0.262234
vt 0.152447 0.271383
vt 0.152447 0.262234
vt 0.125000 0.225638
vt 0.115851 0.234787
vt 0.115851 0.225638
vt 0.115851 0.189043
vt 0.125000 0.198192
vt 0.115851 0.198192
vt 0.161596 0.189043
vt 0.152447 0.198192
vt 0.152447 0.189043
vt 0.125000 0.152447
vt 0.115851 0.161596
vt 0.115851 0.152447
vt 0.115851 0.115851
vt 0.125000 0.125000
vt 0.115851 0.125000
vt 0.161596 0.115851
vt 0.152447 0.125000
vt 0.152447 0.115851
vt 0.125000 0.079255
vt 0.115851 0.088404
vt 0.115851 0.079255
vt 0.115851 0.042659
vt 0.125000 0.051808
vt 0.115851 0.051808
vt 0.161596 0.042659
vt 0.152447 0.051808
vt 0.152447 0.042659
vt 0.143298 0.042659
vt 0.134149 0.051808
vt 0.134149 0.042659
vt 0.143298 0.024362
vt 0.134149 0.033510
vt 0.134149 0.024362
vt 0.161596 0.024362
vt 0.152447 0.033510
vt 0.152447 0.024362
vt 0.097553 0.042659
vt 0.106702 0.051808
vt 0.097553 0.051808
vt 0.097553 0.024362
vt 0.106702 0.033510
vt 0.097553 0.033510
vt 0.115851 0.024362
vt 0.125000 0.033510
vt 0.115851 0.033510
vt 0.106702 0.079255
vt 0.097553 0.088404
vt 0.097553 0.079255
vt 0.106702 0.060957
vt 0.097553 0.070106
vt 0.097553 0.060957
vt 0.125000 0.060957
vt 0.115851 0.070106
vt 0.115851 0.060957
vt 0.143298 0.115851
vt 0.134149 0.125000
vt 0.134149 0.115851
vt 0.143298 0.097553
vt 0.134149 0.106702
vt 0.134149 0.097553
vt 0.161596 0.097553
vt 0.152447 0.106702
vt 0.152447 0.097553
vt 0.097553 0.115851
vt 0.106702 0.125000
vt 0.097553 0.125000
vt 0.097553 0.097553
vt 0.106702 0.106702
vt 0.097553 0.106702
vt 0.115851 0.097553
vt 0.125000 0.106702
vt 0.115851 0.106702
vt 0.106702 0.152447
vt 0.097553 0.161596
vt 0.097553 0.152447
vt 0.106702 0.134149
vt 0.097553 0.143298
vt 0.097553 0.134149
vt 0.125000 0.134149
vt 0.115851 0.143298
vt 0.115851 0.134149
vt 0.143298 0.189043
vt 0.134149 0.198192
vt 0.134149 0.189043
vt 0.143298 0.170745
vt 0.134149 0.179894
vt 0.134149 0.170745
vt 0.161596 0.170745
vt 0.152447 0.179894
vt 0.152447 0.170745
vt 0.097553 0.189043
vt 0.106702 0.198192
vt 0.097553 0.198192
vt 0.097553 0.170745
vt 0.106702 0.179894
vt 0.097553 0.179894
vt 0.115851 0.170745
vt 0.125000 0.179894
vt 0.115851 0.179894
vt 0.106702 0.225638
vt 0.097553 0.234787
vt 0.097553 0.225638
vt 0.106702 0.207341
vt 0.097553 0.216489
vt 0.097553 0.207341
vt 0.125000 0.207341
vt 0.115851 0.216489
vt 0.115851 0.207341
vt 0.143298 0.262234
vt 0.134149 0.271383
vt 0.134149 0.262234
vt 0.143298 0.243936
vt 0.134149 0.253085
vt 0.134149 0.243936
vt 0.161596 0.243936
vt 0.152447 0.253085
vt 0.152447 0.243936
vt 0.097553 0.262234
vt 0.106702 0.271383
vt 0.097553 0.271383
vt 0.097553 0.243936
vt 0.106702 0.253085
vt 0.097553 0.253085
vt 0.115851 0.243936
vt 0.125000 0.253085
vt 0.115851 0.253085
vt 0.106702 0.298830
vt 0.097553 0.307979
vt 0.097553 0.298830
vt 0.106702 0.280532
vt 0.097553 0.289681
vt 0.097553 0.280532
vt 0.125000 0.280532
vt 0.115851 0.289681
vt 0.115851 0.280532
vt 0.070106 0.189043
vt 0.060957 0.198192
vt 0.060957 0.189043
vt 0.070106 0.170745
vt 0.060957 0.179894
vt 0.060957 0.170745
vt 0.088404 0.170745
vt 0.079255 0.179894
vt 0.079255 0.170745
vt 0.024362 0.189043
vt 0.033510 0.198192
vt 0.024362 0.198192
vt 0.024362 0.170745
vt 0.033510 0.179894
vt 0.024362 0.179894
vt 0.042659 0.170745
vt 0.051808 0.179894
vt 0.042659 0.179894
vt 0.033510 0.225638
vt 0.024362 0.234787
vt 0.024362 0.225638
vt 0.033510 0.207341
vt 0.024362 0.216489
vt 0.024362 0.207341
vt 0.051808 0.207341
vt 0.042659 0.216489
vt 0.042659 0.207341
vt 0.216489 0.189043
vt 0.207341 0.198192
vt 0.207341 0.189043
vt 0.216489 0.170745
vt 0.207341 0.179894
vt 0.207341 0.170745
vt 0.234787 0.170745
vt 0.225638 0.179894
vt 0.225638 0.170745
vt 0.170745 0.189043
vt 0.179894 0.198192
vt 0.170745 0.198192
vt 0.170745 0.170745
vt 0.179894 0.179894
vt 0.170745 0.179894
vt 0.189043 0.170745
vt 0.198192 0.179894
vt 0.189043 0.179894
vt 0.179894 0.225638
vt 0.170745 0.234787
vt 0.170745 0.225638
vt 0.179894 0.207341
vt 0.170745 0.216489
vt 0.170745 0.207341
vt 0.198192 0.207341
vt 0.189043 0.216489
vt 0.189043 0.207341
vt 0.207341 0.225638
vt 0.216489 0.234787
vt 0.207341 0.234787
vt 0.207341 0.207341
vt 0.216489 0.216489
vt 0.207341 0.216489
vt 0.225638 0.207341
vt 0.234787 0.216489
vt 0.225638 0.216489
vt 0.060957 0.225638
vt 0.070106 0.234787
vt 0.060957 0.234787
vt 0.060957 0.207341
vt 0.070106 0.216489
vt 0.060957 0.216489
vt 0.079255 0.207341
vt 0.088404 0.216489
vt 0.079255 0.216489
vt 0.134149 0.298830
vt 0.143298 0.307979
vt 0.134149 0.307979
vt 0.134149 0.280532
vt 0.143298 0.289681
vt 0.134149 0.289681
vt 0.152447 0.280532
vt 0.161596 0.289681
vt 0.152447 0.289681
vt 0.134149 0.225638
vt 0.143298 0.234787
vt 0.134149 0.234787
vt 0.134149 0.207341
vt 0.143298 0.216489
vt 0.134149 0.216489
vt 0.152447 0.207341
vt 0.161596 0.216489
vt 0.152447 0.216489
vt 0.134149 0.152447
vt 0.143298 0.161596
vt 0.134149 0.161596
vt 0.134149 0.134149
vt 0.143298 0.143298
vt 0.134149 0.143298
vt 0.152447 0.134149
vt 0.161596 0.143298
vt 0.152447 0.143298
vt 0.134149 0.079255
vt 0.143298 0.088404
vt 0.134149 0.088404
vt 0.134149 0.060957
vt 0.143298 0.070106
vt 0.134149 0.070106
vt 0.152447 0.060957
vt 0.161596 0.070106
vt 0.152447 0.070106
vt 0.143298 0.060957
vt 0.143298 0.051808
vt 0.161596 0.060957
vt 0.125000 0.070106
vt 0.125000 0.088404
vt 0.143298 0.079255
vt 0.143298 0.134149
vt 0.143298 0.125000
vt 0.161596 0.134149
vt 0.125000 0.143298
vt 0.125000 0.161596
vt 0.143298 0.152447
vt 0.143298 0.207341
vt 0.143298 0.198192
vt 0.161596 0.207341
vt 0.125000 0.216489
vt 0.125000 0.234787
vt 0.143298 0.225638
vt 0.143298 0.280532
vt 0.143298 0.271383
vt 0.161596 0.280532
vt 0.125000 0.289681
vt 0.125000 0.307979
vt 0.143298 0.298830
vt 0.070106 0.207341
vt 0.070106 0.198192
vt 0.088404 0.207341
vt 0.051808 0.216489
vt 0.051808 0.234787
vt 0.070106 0.225638
vt 0.216489 0.207341
vt 0.216489 0.198192
vt 0.234787 0.207341
vt 0.198192 0.216489
vt 0.198192 0.234787
vt 0.216489 0.225638
vt 0.179894 0.216489
vt 0.161596 0.198192
vt 0.161596 0.225638
vt 0.179894 0.170745
vt 0.179894 0.161596
vt 0.189043 0.161596
vt 0.198192 0.170745
vt 0.161596 0.179894
vt 0.170745 0.161596
vt 0.179894 0.189043
vt 0.216489 0.179894
vt 0.225638 0.161596
vt 0.216489 0.161596
vt 0.234787 0.161596
vt 0.207341 0.161596
vt 0.198192 0.161596
vt 0.198192 0.189043
vt 0.033510 0.216489
vt 0.015213 0.216489
vt 0.015213 0.207341
vt 0.015213 0.198192
vt 0.015213 0.234787
vt 0.015213 0.225638
vt 0.033510 0.170745
vt 0.033510 0.161596
vt 0.042659 0.161596
vt 0.051808 0.170745
vt 0.015213 0.170745
vt 0.015213 0.179894
vt 0.015213 0.161596
vt 0.024362 0.161596
vt 0.015213 0.189043
vt 0.033510 0.189043
vt 0.070106 0.179894
vt 0.079255 0.161596
vt 0.070106 0.161596
vt 0.088404 0.161596
vt 0.060957 0.161596
vt 0.051808 0.161596
vt 0.051808 0.189043
vt 0.106702 0.289681
vt 0.088404 0.289681
vt 0.088404 0.280532
vt 0.088404 0.271383
vt 0.088404 0.307979
vt 0.088404 0.298830
vt 0.106702 0.243936
vt 0.106702 0.234787
vt 0.125000 0.243936
vt 0.088404 0.243936
vt 0.088404 0.253085
vt 0.088404 0.262234
vt 0.106702 0.262234
vt 0.143298 0.253085
vt 0.125000 0.262234
vt 0.106702 0.216489
vt 0.088404 0.198192
vt 0.088404 0.225638
vt 0.106702 0.170745
vt 0.106702 0.161596
vt 0.125000 0.170745
vt 0.088404 0.179894
vt 0.106702 0.189043
vt 0.143298 0.179894
vt 0.125000 0.189043
vt 0.106702 0.143298
vt 0.088404 0.143298
vt 0.088404 0.134149
vt 0.088404 0.125000
vt 0.088404 0.152447
vt 0.106702 0.097553
vt 0.106702 0.088404
vt 0.125000 0.097553
vt 0.088404 0.097553
vt 0.088404 0.106702
vt 0.088404 0.088404
vt 0.088404 0.115851
vt 0.106702 0.115851
vt 0.143298 0.106702
vt 0.125000 0.115851
vt 0.106702 0.070106
vt 0.088404 0.070106
vt 0.088404 0.060957
vt 0.088404 0.051808
vt 0.088404 0.079255
vt 0.106702 0.024362
vt 0.106702 0.015213
vt 0.115851 0.015213
vt 0.125000 0.024362
vt 0.088404 0.024362
vt 0.088404 0.033510
vt 0.088404 0.015213
vt 0.097553 0.015213
vt 0.088404 0.042659
vt 0.106702 0.042659
vt 0.143298 0.033510
vt 0.152447 0.015213
vt 0.143298 0.015213
vt 0.161596 0.015213
vt 0.134149 0.015213
vt 0.125000 0.015213
vt 0.125000 0.042659
vt 0.161596 0.033510
vt 0.161596 0.106702
vt 0.161596 0.253085
vt 0.106702 0.307979
vt 0.033510 0.234787
vt 0.234787 0.179894
vt 0.179894 0.234787
vt 0.234787 0.225638
vt 0.161596 0.298830
vt 0.161596 0.152447
vt 0.161596 0.079255
vt 0.652447 0.079255
vt 0.661596 0.088404
vt 0.652447 0.088404
vt 0.652447 0.152447
vt 0.661596 0.161596
vt 0.652447 0.161596
vt 0.652447 0.225638
vt 0.661596 0.234787
vt 0.652447 0.234787
vt 0.652447 0.298830
vt 0.661596 0.307979
vt 0.652447 0.307979
vt 0.579255 0.225638
vt 0.588404 0.234787
vt 0.579255 0.234787
vt 0.725638 0.225638
vt 0.734787 0.234787
vt 0.725638 0.234787
vt 0.698192 0.225638
vt 0.689043 0.234787
vt 0.689043 0.225638
vt 0.689043 0.189043
vt 0.698192 0.198192
vt 0.689043 0.198192
vt 0.734787 0.189043
vt 0.725638 0.198192
vt 0.725638 0.189043
vt 0.551808 0.225638
vt 0.542659 0.234787
vt 0.542659 0.225638
vt 0.542659 0.189043
vt 0.551808 0.198192
vt 0.542659 0.198192
vt 0.588404 0.189043
vt 0.579255 0.198192
vt 0.579255 0.189043
vt 0.625000 0.298830
vt 0.615851 0.307979
vt 0.615851 0.298830
vt 0.615851 0.262234
vt 0.625000 0.271383
vt 0.615851 0.271383
vt 0.661596 0.262234
vt 0.652447 0.271383
vt 0.652447 0.262234
vt 0.625000 0.225638
vt 0.615851 0.234787
vt 0.615851 0.225638
vt 0.615851 0.189043
vt 0.625000 0.198192
vt 0.615851 0.198192
vt 0.661596 0.189043
vt 0.652447 0.198192
vt 0.652447 0.189043
vt 0.625000 0.152447
vt 0.615851 0.161596
vt 0.615851 0.152447
vt 0.615851 0.115851
vt 0.625000 0.125000
vt 0.615851 0.125000
vt 0.661596 0.115851
vt 0.652447 0.125000
vt 0.652447 0.115851
vt 0.625000 0.079255
vt 0.615851 0.088404
vt 0.615851 0.079255
vt 0.615851 0.042659
vt 0.625000 0.051808
vt 0.615851 0.051808
vt 0.661596 0.042659
vt 0.652447 0.051808
vt 0.652447 0.042659
vt 0.643298 0.042659
vt 0.634149 0.051808
vt 0.634149 0.042659
vt 0.643298 0.024362
vt 0.634149 0.033511
vt 0.634149 0.024362
vt 0.661596 0.024362
vt 0.652447 0.033511
vt 0.652447 0.024362
vt 0.597553 0.042659
vt 0.606702 0.051808
vt 0.597553 0.051808
vt 0.597553 0.024362
vt 0.606702 0.033511
vt 0.597553 0.033511
vt 0.615851 0.024362
vt 0.625000 0.033511
vt 0.615851 0.033511
vt 0.606702 0.079255
vt 0.597553 0.088404
vt 0.597553 0.079255
vt 0.606702 0.060957
vt 0.597553 0.070106
vt 0.597553 0.060957
vt 0.625000 0.060957
vt 0.615851 0.070106
vt 0.615851 0.060957
vt 0.643298 0.115851
vt 0.634149 0.125000
vt 0.634149 0.115851
vt 0.643298 0.097553
vt 0.634149 0.106702
vt 0.634149 0.097553
vt 0.661596 0.097553
vt 0.652447 0.106702
vt 0.652447 0.097553
vt 0.597553 0.115851
vt 0.606702 0.125000
vt 0.597553 0.125000
vt 0.597553 0.097553
vt 0.606702 0.106702
vt 0.597553 0.106702
vt 0.615851 0.097553
vt 0.625000 0.106702
vt 0.615851 0.106702
vt 0.606702 0.152447
vt 0.597553 0.161596
vt 0.597553 0.152447
vt 0.606702 0.134149
vt 0.597553 0.143298
vt 0.597553 0.134149
vt 0.625000 0.134149
vt 0.615851 0.143298
vt 0.615851 0.134149
vt 0.643298 0.189043
vt 0.634149 0.198192
vt 0.634149 0.189043
vt 0.643298 0.170745
vt 0.634149 0.179894
vt 0.634149 0.170745
vt 0.661596 0.170745
vt 0.652447 0.179894
vt 0.652447 0.170745
vt 0.597553 0.189043
vt 0.606702 0.198192
vt 0.597553 0.198192
vt 0.597553 0.170745
vt 0.606702 0.179894
vt 0.597553 0.179894
vt 0.615851 0.170745
vt 0.625000 0.179894
vt 0.615851 0.179894
vt 0.606702 0.225638
vt 0.597553 0.234787
vt 0.597553 0.225638
vt 0.606702 0.207341
vt 0.597553 0.216490
vt 0.597553 0.207341
vt 0.625000 0.207341
vt 0.615851 0.216490
vt 0.615851 0.207341
vt 0.643298 0.262234
vt 0.634149 0.271383
vt 0.634149 0.262234
vt 0.643298 0.243936
vt 0.634149 0.253085
vt 0.634149 0.243936
vt 0.661596 0.243936
vt 0.652447 0.253085
vt 0.652447 0.243936
vt 0.597553 0.262234
vt 0.606702 0.271383
vt 0.597553 0.271383
vt 0.597553 0.243936
vt 0.606702 0.253085
vt 0.597553 0.253085
vt 0.615851 0.243936
vt 0.625000 0.253085
vt 0.615851 0.253085
vt 0.606702 0.298830
vt 0.597553 0.307979
vt 0.597553 0.298830
vt 0.606702 0.280532
vt 0.597553 0.289681
vt 0.597553 0.280532
vt 0.625000 0.280532
vt 0.615851 0.289681
vt 0.615851 0.280532
vt 0.570106 0.189043
vt 0.560957 0.198192
vt 0.560957 0.189043
vt 0.570106 0.170745
vt 0.560957 0.179894
vt 0.560957 0.170745
vt 0.588404 0.170745
vt 0.579255 0.179894
vt 0.579255 0.170745
vt 0.524362 0.189043
vt 0.533511 0.198192
vt 0.524362 0.198192
vt 0.524362 0.170745
vt 0.533511 0.179894
vt 0.524362 0.179894
vt 0.542659 0.170745
vt 0.551808 0.179894
vt 0.542659 0.179894
vt 0.533511 0.225638
vt 0.524362 0.234787
vt 0.524362 0.225638
vt 0.533511 0.207341
vt 0.524362 0.216490
vt 0.524362 0.207341
vt 0.551808 0.207341
vt 0.542659 0.216490
vt 0.542659 0.207341
vt 0.716489 0.189043
vt 0.707341 0.198192
vt 0.707341 0.189043
vt 0.716489 0.170745
vt 0.707341 0.179894
vt 0.707341 0.170745
vt 0.734787 0.170745
vt 0.725638 0.179894
vt 0.725638 0.170745
vt 0.670745 0.189043
vt 0.679894 0.198192
vt 0.670745 0.198192
vt 0.670745 0.170745
vt 0.679894 0.179894
vt 0.670745 0.179894
vt 0.689043 0.170745
vt 0.698192 0.179894
vt 0.689043 0.179894
vt 0.679894 0.225638
vt 0.670745 0.234787
vt 0.670745 0.225638
vt 0.679894 0.207341
vt 0.670745 0.216490
vt 0.670745 0.207341
vt 0.698192 0.207341
vt 0.689043 0.216490
vt 0.689043 0.207341
vt 0.707341 0.225638
vt 0.716489 0.234787
vt 0.707341 0.234787
vt 0.707341 0.207341
vt 0.716489 0.216490
vt 0.707341 0.216490
vt 0.725638 0.207341
vt 0.734787 0.216490
vt 0.725638 0.216490
vt 0.560957 0.225638
vt 0.570106 0.234787
vt 0.560957 0.234787
vt 0.560957 0.207341
vt 0.570106 0.216490
vt 0.560957 0.216490
vt 0.579255 0.207341
vt 0.588404 0.216490
vt 0.579255 0.216490
vt 0.634149 0.298830
vt 0.643298 0.307979
vt 0.634149 0.307979
vt 0.634149 0.280532
vt 0.643298 0.289681
vt 0.634149 0.289681
vt 0.652447 0.280532
vt 0.661596 0.289681
vt 0.652447 0.289681
vt 0.634149 0.225638
vt 0.643298 0.234787
vt 0.634149 0.234787
vt 0.634149 0.207341
vt 0.643298 0.216490
vt 0.634149 0.216490
vt 0.652447 0.207341
vt 0.661596 0.216490
vt 0.652447 0.216490
vt 0.634149 0.152447
vt 0.643298 0.161596
vt 0.634149 0.161596
vt 0.634149 0.134149
vt 0.643298 0.143298
vt 0.634149 0.143298
vt 0.652447 0.134149
vt 0.661596 0.143298
vt 0.652447 0.143298
vt 0.634149 0.079255
vt 0.643298 0.088404
vt 0.634149 0.088404
vt 0.634149 0.060957
vt 0.643298 0.070106
vt 0.634149 0.070106
vt 0.652447 0.060957
vt 0.661596 0.070106
vt 0.652447 0.070106
vt 0.643298 0.060957
vt 0.643298 0.051808
vt 0.661596 0.060957
vt 0.625000 0.070106
vt 0.625000 0.088404
vt 0.643298 0.079255
vt 0.643298 0.134149
vt 0.643298 0.125000
vt 0.661596 0.134149
vt 0.625000 0.143298
vt 0.625000 0.161596
vt 0.643298 0.152447
vt 0.643298 0.207341
vt 0.643298 0.198192
vt 0.661596 0.207341
vt 0.625000 0.216490
vt 0.625000 0.234787
vt 0.643298 0.225638
vt 0.643298 0.280532
vt 0.643298 0.271383
vt 0.661596 0.280532
vt 0.625000 0.289681
vt 0.625000 0.307979
vt 0.643298 0.298830
vt 0.570106 0.207341
vt 0.570106 0.198192
vt 0.588404 0.207341
vt 0.551808 0.216490
vt 0.551808 0.234787
vt 0.570106 0.225638
vt 0.716489 0.207341
vt 0.716489 0.198192
vt 0.734787 0.207341
vt 0.698192 0.216490
vt 0.698192 0.234787
vt 0.716489 0.225638
vt 0.679894 0.216490
vt 0.661596 0.198192
vt 0.661596 0.225638
vt 0.679894 0.170745
vt 0.679894 0.161596
vt 0.689043 0.161596
vt 0.698192 0.170745
vt 0.661596 0.179894
vt 0.670745 0.161596
vt 0.679894 0.189043
vt 0.716489 0.179894
vt 0.725638 0.161596
vt 0.716489 0.161596
vt 0.734787 0.161596
vt 0.707341 0.161596
vt 0.698192 0.161596
vt 0.698192 0.189043
vt 0.533511 0.216490
vt 0.515213 0.216490
vt 0.515213 0.207341
vt 0.515213 0.198192
vt 0.515213 0.234787
vt 0.515213 0.225638
vt 0.533511 0.170745
vt 0.533511 0.161596
vt 0.542659 0.161596
vt 0.551808 0.170745
vt 0.515213 0.170745
vt 0.515213 0.179894
vt 0.515213 0.161596
vt 0.524362 0.161596
vt 0.515213 0.189043
vt 0.533511 0.189043
vt 0.570106 0.179894
vt 0.579255 0.161596
vt 0.570106 0.161596
vt 0.588404 0.161596
vt 0.560957 0.161596
vt 0.551808 0.161596
vt 0.551808 0.189043
vt 0.606702 0.289681
vt 0.588404 0.289681
vt 0.588404 0.280532
vt 0.588404 0.271383
vt 0.588404 0.307979
vt 0.588404 0.298830
vt 0.606702 0.243936
vt 0.606702 0.234787
vt 0.625000 0.243936
vt 0.588404 0.243936
vt 0.588404 0.253085
vt 0.588404 0.262234
vt 0.606702 0.262234
vt 0.643298 0.253085
vt 0.625000 0.262234
vt 0.606702 0.216490
vt 0.588404 0.198192
vt 0.588404 0.225638
vt 0.606702 0.170745
vt 0.606702 0.161596
vt 0.625000 0.170745
vt 0.588404 0.179894
vt 0.606702 0.189043
vt 0.643298 0.179894
vt 0.625000 0.189043
vt 0.606702 0.143298
vt 0.588404 0.143298
vt 0.588404 0.134149
vt 0.588404 0.125000
vt 0.588404 0.152447
vt 0.606702 0.097553
vt 0.606702 0.088404
vt 0.625000 0.097553
vt 0.588404 0.097553
vt 0.588404 0.106702
vt 0.588404 0.088404
vt 0.588404 0.115851
vt 0.606702 0.115851
vt 0.643298 0.106702
vt 0.625000 0.115851
vt 0.606702 0.070106
vt 0.588404 0.070106
vt 0.588404 0.060957
vt 0.588404 0.051808
vt 0.588404 0.079255
vt 0.606702 0.024362
vt 0.606702 0.015213
vt 0.615851 0.015213
vt 0.625000 0.024362
vt 0.588404 0.024362
vt 0.588404 0.033511
vt 0.588404 0.015213
vt 0.597553 0.015213
vt 0.588404 0.042659
vt 0.606702 0.042659
vt 0.643298 0.033511
vt 0.652447 0.015213
vt 0.643298 0.015213
vt 0.661596 0.015213
vt 0.634149 0.015213
vt 0.625000 0.015213
vt 0.625000 0.042659
vt 0.661596 0.033511
vt 0.661596 0.106702
vt 0.661596 0.253085
vt 0.606702 0.307979
vt 0.533511 0.234787
vt 0.734787 0.179894
vt 0.679894 0.234787
vt 0.734787 0.225638
vt 0.661596 0.298830
vt 0.661596 0.152447
vt 0.661596 0.079255
vt 0.661596 0.393298
vt 0.643298 0.411596
vt 0.643298 0.393298
vt 0.661596 0.466489
vt 0.643298 0.484787
vt 0.643298 0.466489
vt 0.661596 0.539681
vt 0.643298 0.557979
vt 0.643298 0.539681
vt 0.661596 0.612873
vt 0.643298 0.631171
vt 0.643298 0.612873
vt 0.588404 0.539681
vt 0.570106 0.557979
vt 0.570106 0.539681
vt 0.661596 0.631171
vt 0.661596 0.338404
vt 0.661596 0.356702
vt 0.661596 0.429894
vt 0.661596 0.448192
vt 0.661596 0.411596
vt 0.551808 0.539681
vt 0.533511 0.557979
vt 0.533511 0.539681
vt 0.551808 0.503085
vt 0.533511 0.521383
vt 0.533511 0.503085
vt 0.588404 0.503085
vt 0.570106 0.521383
vt 0.570106 0.503085
vt 0.625000 0.612873
vt 0.606702 0.631171
vt 0.606702 0.612873
vt 0.625000 0.576277
vt 0.606702 0.594575
vt 0.606702 0.576277
vt 0.661596 0.576277
vt 0.643298 0.594575
vt 0.643298 0.576277
vt 0.625000 0.539681
vt 0.606702 0.557979
vt 0.606702 0.539681
vt 0.625000 0.503085
vt 0.606702 0.521383
vt 0.606702 0.503085
vt 0.643298 0.503085
vt 0.661596 0.521383
vt 0.643298 0.521383
vt 0.625000 0.466489
vt 0.606702 0.484787
vt 0.606702 0.466489
vt 0.625000 0.429894
vt 0.606702 0.448192
vt 0.606702 0.429894
vt 0.643298 0.448192
vt 0.643298 0.429894
vt 0.625000 0.393298
vt 0.606702 0.411596
vt 0.606702 0.393298
vt 0.625000 0.356702
vt 0.606702 0.375000
vt 0.606702 0.356702
vt 0.643298 0.356702
vt 0.661596 0.375000
vt 0.643298 0.375000
vt 0.625000 0.375000
vt 0.625000 0.338404
vt 0.643298 0.338404
vt 0.588404 0.375000
vt 0.588404 0.356702
vt 0.606702 0.338404
vt 0.588404 0.338404
vt 0.588404 0.393298
vt 0.588404 0.411596
vt 0.625000 0.448192
vt 0.625000 0.411596
vt 0.588404 0.448192
vt 0.588404 0.429894
vt 0.588404 0.484787
vt 0.588404 0.466489
vt 0.625000 0.521383
vt 0.625000 0.484787
vt 0.661596 0.484787
vt 0.588404 0.521383
vt 0.588404 0.557979
vt 0.625000 0.594575
vt 0.625000 0.557979
vt 0.661596 0.557979
vt 0.588404 0.594575
vt 0.588404 0.576277
vt 0.588404 0.631171
vt 0.588404 0.612873
vt 0.551808 0.521383
vt 0.570106 0.484787
vt 0.551808 0.484787
vt 0.515213 0.521383
vt 0.515213 0.503085
vt 0.533511 0.484787
vt 0.515213 0.484787
vt 0.515213 0.557979
vt 0.515213 0.539681
vt 0.661596 0.503085
vt 0.661596 0.594575
vt 0.551808 0.557979
vt 0.625000 0.631171
vt 0.716489 0.557979
vt 0.716489 0.539681
vt 0.698192 0.539681
vt 0.679894 0.557979
vt 0.679894 0.539681
vt 0.698192 0.503085
vt 0.679894 0.521383
vt 0.679894 0.503085
vt 0.734787 0.503085
vt 0.716489 0.521383
vt 0.716489 0.503085
vt 0.698192 0.521383
vt 0.716489 0.484787
vt 0.698192 0.484787
vt 0.679894 0.484787
vt 0.698192 0.557979
vt 0.734787 0.521383
vt 0.734787 0.539681
vt 0.734787 0.484787
vt 0.161596 0.716489
vt 0.143298 0.734787
vt 0.143298 0.716489
vt 0.161596 0.789681
vt 0.143298 0.807979
vt 0.143298 0.789681
vt 0.161596 0.862873
vt 0.143298 0.881171
vt 0.143298 0.862873
vt 0.161596 0.936064
vt 0.143298 0.954362
vt 0.143298 0.936064
vt 0.070106 0.862873
vt 0.088404 0.881171
vt 0.070106 0.881171
vt 0.161596 0.954362
vt 0.161596 0.661596
vt 0.161596 0.679894
vt 0.161596 0.753085
vt 0.161596 0.771383
vt 0.161596 0.734787
vt 0.051808 0.862873
vt 0.033510 0.881171
vt 0.033510 0.862873
vt 0.051808 0.826277
vt 0.033510 0.844575
vt 0.033510 0.826277
vt 0.088404 0.826277
vt 0.070106 0.844575
vt 0.070106 0.826277
vt 0.125000 0.936064
vt 0.106702 0.954362
vt 0.106702 0.936064
vt 0.125000 0.899468
vt 0.106702 0.917766
vt 0.106702 0.899468
vt 0.161596 0.899468
vt 0.143298 0.917766
vt 0.143298 0.899468
vt 0.106702 0.862873
vt 0.125000 0.881171
vt 0.106702 0.881171
vt 0.125000 0.826277
vt 0.106702 0.844575
vt 0.106702 0.826277
vt 0.143298 0.826277
vt 0.161596 0.844575
vt 0.143298 0.844575
vt 0.106702 0.789681
vt 0.125000 0.807979
vt 0.106702 0.807979
vt 0.125000 0.753085
vt 0.106702 0.771383
vt 0.106702 0.753085
vt 0.143298 0.771383
vt 0.143298 0.753085
vt 0.125000 0.716489
vt 0.106702 0.734787
vt 0.106702 0.716489
vt 0.125000 0.679894
vt 0.106702 0.698192
vt 0.106702 0.679894
vt 0.143298 0.698192
vt 0.143298 0.679894
vt 0.125000 0.698192
vt 0.125000 0.661596
vt 0.143298 0.661596
vt 0.088404 0.698192
vt 0.088404 0.679894
vt 0.106702 0.661596
vt 0.088404 0.661596
vt 0.088404 0.734787
vt 0.088404 0.716489
vt 0.125000 0.771383
vt 0.125000 0.734787
vt 0.088404 0.771383
vt 0.088404 0.753085
vt 0.088404 0.789681
vt 0.088404 0.807979
vt 0.125000 0.844575
vt 0.161596 0.807979
vt 0.088404 0.844575
vt 0.088404 0.862873
vt 0.125000 0.917766
vt 0.161596 0.881171
vt 0.088404 0.917766
vt 0.088404 0.899468
vt 0.088404 0.954362
vt 0.088404 0.936064
vt 0.051808 0.844575
vt 0.051808 0.807979
vt 0.070106 0.807979
vt 0.015213 0.844575
vt 0.015213 0.826277
vt 0.015213 0.807979
vt 0.033510 0.807979
vt 0.015213 0.881171
vt 0.015213 0.862873
vt 0.161596 0.826277
vt 0.161596 0.917766
vt 0.161596 0.698192
vt 0.051808 0.881171
vt 0.125000 0.954362
vt 0.125000 0.862873
vt 0.125000 0.789681
vt 0.216489 0.881171
vt 0.216489 0.862873
vt 0.198192 0.862873
vt 0.179894 0.881171
vt 0.179894 0.862873
vt 0.198192 0.826277
vt 0.179894 0.844575
vt 0.179894 0.826277
vt 0.234787 0.826277
vt 0.216489 0.844575
vt 0.216489 0.826277
vt 0.198192 0.844575
vt 0.216489 0.807979
vt 0.198192 0.807979
vt 0.179894 0.807979
vt 0.198192 0.881171
vt 0.234787 0.844575
vt 0.234787 0.862873
vt 0.234787 0.807979
vt 0.411596 0.070106
vt 0.393298 0.088404
vt 0.393298 0.070106
vt 0.411596 0.143298
vt 0.393298 0.161596
vt 0.393298 0.143298
vt 0.411596 0.216489
vt 0.393298 0.234787
vt 0.393298 0.216489
vt 0.411596 0.289681
vt 0.393298 0.307979
vt 0.393298 0.289681
vt 0.338404 0.216489
vt 0.320106 0.234787
vt 0.320106 0.216489
vt 0.411596 0.307979
vt 0.411596 0.015213
vt 0.411596 0.033511
vt 0.411596 0.106702
vt 0.411596 0.125000
vt 0.411596 0.088404
vt 0.301808 0.216489
vt 0.283511 0.234787
vt 0.283511 0.216489
vt 0.301808 0.179894
vt 0.283511 0.198192
vt 0.283511 0.179894
vt 0.338404 0.179894
vt 0.320106 0.198192
vt 0.320106 0.179894
vt 0.375000 0.289681
vt 0.356702 0.307979
vt 0.356702 0.289681
vt 0.356702 0.253085
vt 0.375000 0.271383
vt 0.356702 0.271383
vt 0.393298 0.253085
vt 0.411596 0.271383
vt 0.393298 0.271383
vt 0.375000 0.216489
vt 0.356702 0.234787
vt 0.356702 0.216489
vt 0.375000 0.179894
vt 0.356702 0.198192
vt 0.356702 0.179894
vt 0.393298 0.179894
vt 0.411596 0.198192
vt 0.393298 0.198192
vt 0.375000 0.143298
vt 0.356702 0.161596
vt 0.356702 0.143298
vt 0.375000 0.106702
vt 0.356702 0.125000
vt 0.356702 0.106702
vt 0.393298 0.125000
vt 0.393298 0.106702
vt 0.356702 0.070106
vt 0.375000 0.088404
vt 0.356702 0.088404
vt 0.375000 0.033511
vt 0.356702 0.051808
vt 0.356702 0.033511
vt 0.393298 0.051808
vt 0.393298 0.033511
vt 0.375000 0.051808
vt 0.393298 0.015213
vt 0.375000 0.015213
vt 0.338404 0.051808
vt 0.338404 0.033511
vt 0.356702 0.015213
vt 0.338404 0.015213
vt 0.338404 0.088404
vt 0.338404 0.070106
vt 0.375000 0.125000
vt 0.338404 0.125000
vt 0.338404 0.106702
vt 0.338404 0.161596
vt 0.338404 0.143298
vt 0.375000 0.198192
vt 0.375000 0.161596
vt 0.411596 0.161596
vt 0.338404 0.198192
vt 0.338404 0.234787
vt 0.375000 0.253085
vt 0.375000 0.234787
vt 0.411596 0.253085
vt 0.338404 0.271383
vt 0.338404 0.253085
vt 0.338404 0.289681
vt 0.338404 0.307979
vt 0.301808 0.198192
vt 0.320106 0.161596
vt 0.301808 0.161596
vt 0.265213 0.198192
vt 0.265213 0.179894
vt 0.283511 0.161596
vt 0.265213 0.161596
vt 0.265213 0.234787
vt 0.265213 0.216489
vt 0.411596 0.179894
vt 0.411596 0.234787
vt 0.411596 0.051808
vt 0.301808 0.234787
vt 0.375000 0.307979
vt 0.375000 0.070106
vt 0.466490 0.234787
vt 0.466490 0.216489
vt 0.448192 0.216489
vt 0.429894 0.234787
vt 0.429894 0.216489
vt 0.448192 0.179894
vt 0.429894 0.198192
vt 0.429894 0.179894
vt 0.484787 0.179894
vt 0.466490 0.198192
vt 0.466490 0.179894
vt 0.448192 0.198192
vt 0.466490 0.161596
vt 0.448192 0.161596
vt 0.429894 0.161596
vt 0.448192 0.234787
vt 0.484787 0.198192
vt 0.484787 0.216489
vt 0.484787 0.161596
vt 0.911596 0.070106
vt 0.893298 0.088404
vt 0.893298 0.070106
vt 0.911596 0.143298
vt 0.893298 0.161596
vt 0.893298 0.143298
vt 0.911596 0.216489
vt 0.893298 0.234787
vt 0.893298 0.216489
vt 0.911596 0.289681
vt 0.893298 0.307979
vt 0.893298 0.289681
vt 0.838404 0.216489
vt 0.820106 0.234787
vt 0.820106 0.216489
vt 0.911596 0.307979
vt 0.911596 0.015213
vt 0.911596 0.033510
vt 0.911596 0.106702
vt 0.911596 0.125000
vt 0.911596 0.088404
vt 0.801808 0.216489
vt 0.783511 0.234787
vt 0.783511 0.216489
vt 0.801808 0.179894
vt 0.783511 0.198192
vt 0.783511 0.179894
vt 0.838404 0.179894
vt 0.820106 0.198192
vt 0.820106 0.179894
vt 0.875000 0.289681
vt 0.856702 0.307979
vt 0.856702 0.289681
vt 0.875000 0.253085
vt 0.856702 0.271383
vt 0.856702 0.253085
vt 0.911596 0.253085
vt 0.893298 0.271383
vt 0.893298 0.253085
vt 0.875000 0.216489
vt 0.856702 0.234787
vt 0.856702 0.216489
vt 0.875000 0.179894
vt 0.856702 0.198192
vt 0.856702 0.179894
vt 0.911596 0.179894
vt 0.893298 0.198192
vt 0.893298 0.179894
vt 0.875000 0.143298
vt 0.856702 0.161596
vt 0.856702 0.143298
vt 0.875000 0.106702
vt 0.856702 0.125000
vt 0.856702 0.106702
vt 0.893298 0.125000
vt 0.893298 0.106702
vt 0.875000 0.070106
vt 0.856702 0.088404
vt 0.856702 0.070106
vt 0.875000 0.033510
vt 0.856702 0.051808
vt 0.856702 0.033510
vt 0.893298 0.051808
vt 0.893298 0.033510
vt 0.875000 0.051808
vt 0.893298 0.015213
vt 0.875000 0.015213
vt 0.838404 0.051808
vt 0.838404 0.033510
vt 0.856702 0.015213
vt 0.838404 0.015213
vt 0.838404 0.088404
vt 0.838404 0.070106
vt 0.875000 0.125000
vt 0.875000 0.088404
vt 0.838404 0.125000
vt 0.838404 0.106702
vt 0.838404 0.161596
vt 0.838404 0.143298
vt 0.875000 0.198192
vt 0.875000 0.161596
vt 0.911596 0.161596
vt 0.838404 0.198192
vt 0.838404 0.234787
vt 0.875000 0.271383
vt 0.875000 0.234787
vt 0.911596 0.234787
vt 0.838404 0.271383
vt 0.838404 0.253085
vt 0.838404 0.307979
vt 0.838404 0.289681
vt 0.801808 0.198192
vt 0.820106 0.161596
vt 0.801808 0.161596
vt 0.765213 0.198192
vt 0.765213 0.179894
vt 0.783511 0.161596
vt 0.765213 0.161596
vt 0.765213 0.234787
vt 0.765213 0.216489
vt 0.911596 0.271383
vt 0.911596 0.051808
vt 0.911596 0.198192
vt 0.801808 0.234787
vt 0.875000 0.307979
vt 0.966490 0.216489
vt 0.966490 0.234787
vt 0.948192 0.216489
vt 0.929894 0.234787
vt 0.929894 0.216489
vt 0.948192 0.179894
vt 0.929894 0.198192
vt 0.929894 0.179894
vt 0.984787 0.179894
vt 0.966490 0.198192
vt 0.966490 0.179894
vt 0.948192 0.198192
vt 0.966490 0.161596
vt 0.948192 0.161596
vt 0.929894 0.161596
vt 0.948192 0.234787
vt 0.984787 0.198192
vt 0.984787 0.216489
vt 0.984787 0.161596
vt 0.907021 0.725638
vt 0.911596 0.734787
vt 0.907021 0.734787
vt 0.911596 0.798830
vt 0.907021 0.807979
vt 0.907021 0.798830
vt 0.884149 0.881171
vt 0.884149 0.872022
vt 0.907021 0.945213
vt 0.911596 0.954362
vt 0.907021 0.954362
vt 0.829255 0.872022
vt 0.838404 0.881171
vt 0.829255 0.881171
vt 0.984787 0.872022
vt 0.975639 0.881171
vt 0.975639 0.872022
vt 0.939043 0.872022
vt 0.948192 0.881171
vt 0.939043 0.881171
vt 0.939043 0.835426
vt 0.948192 0.844575
vt 0.939043 0.844575
vt 0.984787 0.835426
vt 0.975639 0.844575
vt 0.975639 0.835426
vt 0.792659 0.872022
vt 0.801808 0.881171
vt 0.792659 0.881171
vt 0.801808 0.835426
vt 0.792659 0.844575
vt 0.792659 0.835426
vt 0.838404 0.835426
vt 0.829255 0.844575
vt 0.829255 0.835426
vt 0.875000 0.945213
vt 0.865851 0.954362
vt 0.865851 0.945213
vt 0.875000 0.908617
vt 0.865851 0.917766
vt 0.865851 0.908617
vt 0.907021 0.908617
vt 0.911596 0.917766
vt 0.907021 0.917766
vt 0.875000 0.872022
vt 0.865851 0.881171
vt 0.865851 0.872022
vt 0.865851 0.835426
vt 0.875000 0.844575
vt 0.865851 0.844575
vt 0.911596 0.872022
vt 0.911596 0.881171
vt 0.865851 0.798830
vt 0.875000 0.807979
vt 0.865851 0.807979
vt 0.865851 0.762234
vt 0.875000 0.771383
vt 0.865851 0.771383
vt 0.911596 0.762234
vt 0.907021 0.771383
vt 0.907021 0.762234
vt 0.875000 0.725638
vt 0.865851 0.734787
vt 0.865851 0.725638
vt 0.865851 0.689043
vt 0.875000 0.698192
vt 0.865851 0.698192
vt 0.911596 0.689043
vt 0.907021 0.698192
vt 0.907021 0.689043
vt 0.893298 0.689043
vt 0.888723 0.698192
vt 0.888723 0.689043
vt 0.893298 0.670745
vt 0.888723 0.679894
vt 0.888723 0.670745
vt 0.911596 0.670745
vt 0.907021 0.679894
vt 0.907021 0.670745
vt 0.847553 0.689043
vt 0.856702 0.698192
vt 0.847553 0.698192
vt 0.847553 0.670745
vt 0.856702 0.679894
vt 0.847553 0.679894
vt 0.865851 0.670745
vt 0.875000 0.679894
vt 0.865851 0.679894
vt 0.856702 0.725638
vt 0.847553 0.734787
vt 0.847553 0.725638
vt 0.856702 0.707340
vt 0.847553 0.716489
vt 0.847553 0.707340
vt 0.875000 0.707340
vt 0.865851 0.716489
vt 0.865851 0.707340
vt 0.893298 0.762234
vt 0.888723 0.771383
vt 0.888723 0.762234
vt 0.893298 0.743936
vt 0.888723 0.753085
vt 0.888723 0.743936
vt 0.911596 0.743936
vt 0.907021 0.753085
vt 0.907021 0.743936
vt 0.847553 0.762234
vt 0.856702 0.771383
vt 0.847553 0.771383
vt 0.847553 0.743936
vt 0.856702 0.753085
vt 0.847553 0.753085
vt 0.865851 0.743936
vt 0.875000 0.753085
vt 0.865851 0.753085
vt 0.847553 0.798830
vt 0.856702 0.807979
vt 0.847553 0.807979
vt 0.847553 0.780532
vt 0.856702 0.789681
vt 0.847553 0.789681
vt 0.865851 0.780532
vt 0.875000 0.789681
vt 0.865851 0.789681
vt 0.893298 0.835426
vt 0.888723 0.844575
vt 0.888723 0.835426
vt 0.893298 0.817128
vt 0.888723 0.826277
vt 0.888723 0.817128
vt 0.875000 0.826277
vt 0.875000 0.835426
vt 0.847553 0.835426
vt 0.856702 0.844575
vt 0.847553 0.844575
vt 0.847553 0.817128
vt 0.856702 0.826277
vt 0.847553 0.826277
vt 0.865851 0.817128
vt 0.865851 0.826277
vt 0.856702 0.872022
vt 0.847553 0.881171
vt 0.847553 0.872022
vt 0.856702 0.853724
vt 0.847553 0.862873
vt 0.847553 0.853724
vt 0.875000 0.853724
vt 0.865851 0.862873
vt 0.865851 0.853724
vt 0.888723 0.908617
vt 0.893298 0.917766
vt 0.888723 0.917766
vt 0.888723 0.890320
vt 0.893298 0.899468
vt 0.888723 0.899468
vt 0.907021 0.890320
vt 0.911596 0.899468
vt 0.907021 0.899468
vt 0.856702 0.908617
vt 0.847553 0.917766
vt 0.847553 0.908617
vt 0.856702 0.890320
vt 0.847553 0.899468
vt 0.847553 0.890320
vt 0.875000 0.890320
vt 0.865851 0.899468
vt 0.865851 0.890320
vt 0.856702 0.945213
vt 0.847553 0.954362
vt 0.847553 0.945213
vt 0.856702 0.926915
vt 0.847553 0.936064
vt 0.847553 0.926915
vt 0.875000 0.926915
vt 0.865851 0.936064
vt 0.865851 0.926915
vt 0.820106 0.835426
vt 0.810957 0.844575
vt 0.810957 0.835426
vt 0.820106 0.817128
vt 0.810957 0.826277
vt 0.810957 0.817128
vt 0.838404 0.817128
vt 0.829255 0.826277
vt 0.829255 0.817128
vt 0.783511 0.835426
vt 0.774362 0.844575
vt 0.774362 0.835426
vt 0.783511 0.817128
vt 0.774362 0.826277
vt 0.774362 0.817128
vt 0.801808 0.817128
vt 0.792659 0.826277
vt 0.792659 0.817128
vt 0.774362 0.872022
vt 0.783511 0.881171
vt 0.774362 0.881171
vt 0.774362 0.853724
vt 0.783511 0.862873
vt 0.774362 0.862873
vt 0.792659 0.853724
vt 0.801808 0.862873
vt 0.792659 0.862873
vt 0.957341 0.835426
vt 0.966490 0.844575
vt 0.957341 0.844575
vt 0.966490 0.817128
vt 0.957341 0.826277
vt 0.957341 0.817128
vt 0.975639 0.817128
vt 0.984787 0.826277
vt 0.975639 0.826277
vt 0.920745 0.835426
vt 0.929894 0.844575
vt 0.920745 0.844575
vt 0.920745 0.817128
vt 0.929894 0.826277
vt 0.920745 0.826277
vt 0.939043 0.817128
vt 0.948192 0.826277
vt 0.939043 0.826277
vt 0.929894 0.872022
vt 0.920745 0.881171
vt 0.920745 0.872022
vt 0.929894 0.853724
vt 0.920745 0.862873
vt 0.920745 0.853724
vt 0.948192 0.853724
vt 0.939043 0.862873
vt 0.939043 0.853724
vt 0.957341 0.872022
vt 0.966490 0.881171
vt 0.957341 0.881171
vt 0.966490 0.853724
vt 0.957341 0.862873
vt 0.957341 0.853724
vt 0.975639 0.853724
vt 0.984787 0.862873
vt 0.975639 0.862873
vt 0.810957 0.872022
vt 0.820106 0.881171
vt 0.810957 0.881171
vt 0.810957 0.853724
vt 0.820106 0.862873
vt 0.810957 0.862873
vt 0.829255 0.853724
vt 0.838404 0.862873
vt 0.829255 0.862873
vt 0.888723 0.945213
vt 0.893298 0.954362
vt 0.888723 0.954362
vt 0.888723 0.926915
vt 0.893298 0.936064
vt 0.888723 0.936064
vt 0.907021 0.926915
vt 0.911596 0.936064
vt 0.907021 0.936064
vt 0.888723 0.872022
vt 0.893298 0.881171
vt 0.888723 0.881171
vt 0.888723 0.853724
vt 0.893298 0.862873
vt 0.888723 0.862873
vt 0.884149 0.862873
vt 0.884149 0.853724
vt 0.893298 0.798830
vt 0.888723 0.807979
vt 0.888723 0.798830
vt 0.893298 0.780532
vt 0.888723 0.789681
vt 0.888723 0.780532
vt 0.911596 0.780532
vt 0.907021 0.789681
vt 0.907021 0.780532
vt 0.888723 0.725638
vt 0.893298 0.734787
vt 0.888723 0.734787
vt 0.888723 0.707340
vt 0.893298 0.716489
vt 0.888723 0.716489
vt 0.907021 0.707340
vt 0.911596 0.716489
vt 0.907021 0.716489
vt 0.897872 0.707340
vt 0.902447 0.716489
vt 0.897872 0.716489
vt 0.902447 0.780532
vt 0.897872 0.789681
vt 0.897872 0.780532
vt 0.897872 0.853724
vt 0.902447 0.862873
vt 0.897872 0.862873
vt 0.897872 0.926915
vt 0.902447 0.936064
vt 0.897872 0.936064
vt 0.897872 0.890320
vt 0.902447 0.899468
vt 0.897872 0.899468
vt 0.902447 0.817128
vt 0.897872 0.826277
vt 0.897872 0.817128
vt 0.902447 0.743936
vt 0.897872 0.753085
vt 0.897872 0.743936
vt 0.902447 0.670745
vt 0.897872 0.679894
vt 0.897872 0.670745
vt 0.902447 0.689043
vt 0.897872 0.698192
vt 0.897872 0.689043
vt 0.902447 0.762234
vt 0.897872 0.771383
vt 0.897872 0.762234
vt 0.902447 0.835426
vt 0.897872 0.844575
vt 0.897872 0.835426
vt 0.897872 0.908617
vt 0.902447 0.917766
vt 0.897872 0.917766
vt 0.897872 0.945213
vt 0.902447 0.954362
vt 0.897872 0.954362
vt 0.897872 0.872022
vt 0.902447 0.881171
vt 0.897872 0.881171
vt 0.902447 0.798830
vt 0.897872 0.807979
vt 0.897872 0.798830
vt 0.897872 0.725638
vt 0.902447 0.734787
vt 0.897872 0.734787
vt 0.879575 0.707340
vt 0.884149 0.716489
vt 0.879575 0.716489
vt 0.879575 0.725638
vt 0.884149 0.734787
vt 0.879575 0.734787
vt 0.879575 0.780532
vt 0.884149 0.789681
vt 0.879575 0.789681
vt 0.879575 0.798830
vt 0.884149 0.807979
vt 0.879575 0.807979
vt 0.884149 0.835426
vt 0.884149 0.844575
vt 0.875000 0.862873
vt 0.884149 0.926915
vt 0.879575 0.936064
vt 0.879575 0.926915
vt 0.884149 0.945213
vt 0.879575 0.954362
vt 0.879575 0.945213
vt 0.884149 0.890320
vt 0.879575 0.899468
vt 0.879575 0.890320
vt 0.884149 0.908617
vt 0.879575 0.917766
vt 0.879575 0.908617
vt 0.902447 0.872022
vt 0.879575 0.881171
vt 0.875000 0.881171
vt 0.879575 0.743936
vt 0.884149 0.753085
vt 0.879575 0.753085
vt 0.879575 0.762234
vt 0.884149 0.771383
vt 0.879575 0.771383
vt 0.884149 0.670745
vt 0.879575 0.679894
vt 0.879575 0.670745
vt 0.884149 0.689043
vt 0.879575 0.698192
vt 0.879575 0.689043
vt 0.902447 0.826277
vt 0.911596 0.807979
vt 0.902447 0.807979
vt 0.911596 0.844575
vt 0.911596 0.835426
vt 0.879575 0.862873
vt 0.879575 0.853724
vt 0.879575 0.872022
vt 0.879575 0.817128
vt 0.884149 0.826277
vt 0.879575 0.826277
vt 0.879575 0.835426
vt 0.879575 0.844575
vt 0.911596 0.817128
vt 0.911596 0.826277
vt 0.907021 0.881171
vt 0.902447 0.853724
vt 0.902447 0.844575
vt 0.875000 0.817128
vt 0.911596 0.853724
vt 0.911596 0.862873
vt 0.884149 0.817128
vt 0.907021 0.872022
vt 0.907021 0.844575
vt 0.907021 0.835426
vt 0.907021 0.826277
vt 0.907021 0.817128
vt 0.907021 0.853724
vt 0.907021 0.862873
vt 0.875000 0.689043
vt 0.884149 0.679894
vt 0.875000 0.670745
vt 0.875000 0.661596
vt 0.884149 0.661596
vt 0.879575 0.661596
vt 0.875000 0.762234
vt 0.884149 0.762234
vt 0.875000 0.743936
vt 0.875000 0.734787
vt 0.884149 0.743936
vt 0.875000 0.917766
vt 0.875000 0.899468
vt 0.884149 0.899468
vt 0.875000 0.954362
vt 0.875000 0.936064
vt 0.884149 0.936064
vt 0.884149 0.917766
vt 0.875000 0.798830
vt 0.884149 0.798830
vt 0.875000 0.780532
vt 0.884149 0.780532
vt 0.875000 0.716489
vt 0.884149 0.725638
vt 0.884149 0.707340
vt 0.893298 0.725638
vt 0.902447 0.725638
vt 0.893298 0.807979
vt 0.893298 0.789681
vt 0.902447 0.789681
vt 0.893298 0.872022
vt 0.893298 0.945213
vt 0.902447 0.945213
vt 0.893298 0.908617
vt 0.902447 0.908617
vt 0.893298 0.844575
vt 0.893298 0.826277
vt 0.893298 0.771383
vt 0.893298 0.753085
vt 0.902447 0.753085
vt 0.893298 0.698192
vt 0.893298 0.679894
vt 0.902447 0.679894
vt 0.897872 0.661596
vt 0.893298 0.661596
vt 0.902447 0.661596
vt 0.893298 0.890320
vt 0.902447 0.890320
vt 0.893298 0.926915
vt 0.902447 0.926915
vt 0.893298 0.853724
vt 0.902447 0.771383
vt 0.893298 0.707340
vt 0.902447 0.707340
vt 0.902447 0.698192
vt 0.911596 0.707340
vt 0.884149 0.698192
vt 0.911596 0.771383
vt 0.911596 0.926915
vt 0.884149 0.954362
vt 0.820106 0.853724
vt 0.820106 0.844575
vt 0.838404 0.853724
vt 0.801808 0.853724
vt 0.801808 0.844575
vt 0.801808 0.872022
vt 0.820106 0.872022
vt 0.966490 0.862873
vt 0.984787 0.853724
vt 0.948192 0.862873
vt 0.948192 0.872022
vt 0.966490 0.872022
vt 0.929894 0.862873
vt 0.929894 0.817128
vt 0.929894 0.807979
vt 0.948192 0.807979
vt 0.939043 0.807979
vt 0.920745 0.807979
vt 0.929894 0.835426
vt 0.966490 0.826277
vt 0.975639 0.807979
vt 0.966490 0.807979
vt 0.984787 0.817128
vt 0.948192 0.817128
vt 0.957341 0.807979
vt 0.948192 0.835426
vt 0.966490 0.835426
vt 0.783511 0.853724
vt 0.783511 0.844575
vt 0.765213 0.853724
vt 0.765213 0.862873
vt 0.765213 0.844575
vt 0.765213 0.872022
vt 0.765213 0.881171
vt 0.783511 0.872022
vt 0.783511 0.826277
vt 0.792659 0.807979
vt 0.783511 0.807979
vt 0.801808 0.807979
vt 0.765213 0.826277
vt 0.765213 0.817128
vt 0.774362 0.807979
vt 0.765213 0.807979
vt 0.765213 0.835426
vt 0.820106 0.826277
vt 0.829255 0.807979
vt 0.820106 0.807979
vt 0.838404 0.807979
vt 0.801808 0.826277
vt 0.810957 0.807979
vt 0.856702 0.936064
vt 0.856702 0.917766
vt 0.838404 0.936064
vt 0.838404 0.926915
vt 0.838404 0.917766
vt 0.838404 0.954362
vt 0.838404 0.945213
vt 0.856702 0.899468
vt 0.856702 0.881171
vt 0.838404 0.899468
vt 0.838404 0.890320
vt 0.838404 0.908617
vt 0.911596 0.890320
vt 0.856702 0.862873
vt 0.838404 0.844575
vt 0.838404 0.872022
vt 0.856702 0.817128
vt 0.838404 0.826277
vt 0.856702 0.835426
vt 0.856702 0.780532
vt 0.838404 0.780532
vt 0.838404 0.789681
vt 0.838404 0.771383
vt 0.838404 0.798830
vt 0.856702 0.798830
vt 0.856702 0.743936
vt 0.856702 0.734787
vt 0.838404 0.743936
vt 0.838404 0.753085
vt 0.838404 0.734787
vt 0.838404 0.762234
vt 0.856702 0.762234
vt 0.856702 0.716489
vt 0.838404 0.716489
vt 0.838404 0.707340
vt 0.838404 0.698192
vt 0.838404 0.725638
vt 0.856702 0.670745
vt 0.856702 0.661596
vt 0.865851 0.661596
vt 0.838404 0.670745
vt 0.838404 0.679894
vt 0.838404 0.661596
vt 0.847553 0.661596
vt 0.838404 0.689043
vt 0.856702 0.689043
vt 0.907021 0.661596
vt 0.911596 0.661596
vt 0.888723 0.661596
vt 0.911596 0.679894
vt 0.911596 0.753085
vt 0.911596 0.908617
vt 0.856702 0.954362
vt 0.929894 0.881171
vt 0.911596 0.945213
vt 0.911596 0.789681
vt 0.911596 0.725638
vt 0.907021 0.402447
vt 0.911596 0.411596
vt 0.907021 0.411596
vt 0.911596 0.475638
vt 0.907021 0.484787
vt 0.907021 0.475638
vt 0.884149 0.557979
vt 0.884149 0.548830
vt 0.907021 0.622022
vt 0.911596 0.631171
vt 0.907021 0.631171
vt 0.829255 0.548830
vt 0.838404 0.557979
vt 0.829255 0.557979
vt 0.984787 0.548830
vt 0.975639 0.557979
vt 0.975639 0.548830
vt 0.939043 0.548830
vt 0.948192 0.557979
vt 0.939043 0.557979
vt 0.939043 0.512234
vt 0.948192 0.521383
vt 0.939043 0.521383
vt 0.984787 0.512234
vt 0.975639 0.521383
vt 0.975639 0.512234
vt 0.792659 0.548830
vt 0.801808 0.557979
vt 0.792659 0.557979
vt 0.801808 0.512234
vt 0.792659 0.521383
vt 0.792659 0.512234
vt 0.838404 0.512234
vt 0.829255 0.521383
vt 0.829255 0.512234
vt 0.875000 0.622022
vt 0.865851 0.631171
vt 0.865851 0.622022
vt 0.875000 0.585426
vt 0.865851 0.594575
vt 0.865851 0.585426
vt 0.907021 0.585426
vt 0.911596 0.594575
vt 0.907021 0.594575
vt 0.875000 0.548830
vt 0.865851 0.557979
vt 0.865851 0.548830
vt 0.865851 0.512234
vt 0.875000 0.521383
vt 0.865851 0.521383
vt 0.911596 0.548830
vt 0.911596 0.557979
vt 0.865851 0.475638
vt 0.875000 0.484787
vt 0.865851 0.484787
vt 0.865851 0.439043
vt 0.875000 0.448192
vt 0.865851 0.448192
vt 0.911596 0.439043
vt 0.907021 0.448192
vt 0.907021 0.439043
vt 0.875000 0.402447
vt 0.865851 0.411596
vt 0.865851 0.402447
vt 0.865851 0.365851
vt 0.875000 0.375000
vt 0.865851 0.375000
vt 0.911596 0.365851
vt 0.907021 0.375000
vt 0.907021 0.365851
vt 0.893298 0.365851
vt 0.888723 0.375000
vt 0.888723 0.365851
vt 0.893298 0.347553
vt 0.888723 0.356702
vt 0.888723 0.347553
vt 0.911596 0.347553
vt 0.907021 0.356702
vt 0.907021 0.347553
vt 0.847553 0.365851
vt 0.856702 0.375000
vt 0.847553 0.375000
vt 0.847553 0.347553
vt 0.856702 0.356702
vt 0.847553 0.356702
vt 0.865851 0.347553
vt 0.875000 0.356702
vt 0.865851 0.356702
vt 0.856702 0.402447
vt 0.847553 0.411596
vt 0.847553 0.402447
vt 0.856702 0.384149
vt 0.847553 0.393298
vt 0.847553 0.384149
vt 0.875000 0.384149
vt 0.865851 0.393298
vt 0.865851 0.384149
vt 0.893298 0.439043
vt 0.888723 0.448192
vt 0.888723 0.439043
vt 0.893298 0.420745
vt 0.888723 0.429894
vt 0.888723 0.420745
vt 0.911596 0.420745
vt 0.907021 0.429894
vt 0.907021 0.420745
vt 0.847553 0.439043
vt 0.856702 0.448192
vt 0.847553 0.448192
vt 0.847553 0.420745
vt 0.856702 0.429894
vt 0.847553 0.429894
vt 0.865851 0.420745
vt 0.875000 0.429894
vt 0.865851 0.429894
vt 0.847553 0.475638
vt 0.856702 0.484787
vt 0.847553 0.484787
vt 0.847553 0.457341
vt 0.856702 0.466489
vt 0.847553 0.466489
vt 0.865851 0.457341
vt 0.875000 0.466489
vt 0.865851 0.466489
vt 0.893298 0.512234
vt 0.888723 0.521383
vt 0.888723 0.512234
vt 0.893298 0.493936
vt 0.888723 0.503085
vt 0.888723 0.493936
vt 0.875000 0.503085
vt 0.875000 0.512234
vt 0.847553 0.512234
vt 0.856702 0.521383
vt 0.847553 0.521383
vt 0.847553 0.493936
vt 0.856702 0.503085
vt 0.847553 0.503085
vt 0.865851 0.493936
vt 0.865851 0.503085
vt 0.856702 0.548830
vt 0.847553 0.557979
vt 0.847553 0.548830
vt 0.856702 0.530532
vt 0.847553 0.539681
vt 0.847553 0.530532
vt 0.875000 0.530532
vt 0.865851 0.539681
vt 0.865851 0.530532
vt 0.888723 0.585426
vt 0.893298 0.594575
vt 0.888723 0.594575
vt 0.888723 0.567128
vt 0.893298 0.576277
vt 0.888723 0.576277
vt 0.907021 0.567128
vt 0.911596 0.576277
vt 0.907021 0.576277
vt 0.856702 0.585426
vt 0.847553 0.594575
vt 0.847553 0.585426
vt 0.856702 0.567128
vt 0.847553 0.576277
vt 0.847553 0.567128
vt 0.875000 0.567128
vt 0.865851 0.576277
vt 0.865851 0.567128
vt 0.856702 0.622022
vt 0.847553 0.631171
vt 0.847553 0.622022
vt 0.856702 0.603724
vt 0.847553 0.612873
vt 0.847553 0.603724
vt 0.875000 0.603724
vt 0.865851 0.612873
vt 0.865851 0.603724
vt 0.820106 0.512234
vt 0.810957 0.521383
vt 0.810957 0.512234
vt 0.820106 0.493936
vt 0.810957 0.503085
vt 0.810957 0.493936
vt 0.838404 0.493936
vt 0.829255 0.503085
vt 0.829255 0.493936
vt 0.783511 0.512234
vt 0.774362 0.521383
vt 0.774362 0.512234
vt 0.783511 0.493936
vt 0.774362 0.503085
vt 0.774362 0.493936
vt 0.801808 0.493936
vt 0.792659 0.503085
vt 0.792659 0.493936
vt 0.774362 0.548830
vt 0.783511 0.557979
vt 0.774362 0.557979
vt 0.774362 0.530532
vt 0.783511 0.539681
vt 0.774362 0.539681
vt 0.792659 0.530532
vt 0.801808 0.539681
vt 0.792659 0.539681
vt 0.957341 0.512234
vt 0.966490 0.521383
vt 0.957341 0.521383
vt 0.966490 0.493936
vt 0.957341 0.503085
vt 0.957341 0.493936
vt 0.975639 0.493936
vt 0.984787 0.503085
vt 0.975639 0.503085
vt 0.920745 0.512234
vt 0.929894 0.521383
vt 0.920745 0.521383
vt 0.920745 0.493936
vt 0.929894 0.503085
vt 0.920745 0.503085
vt 0.939043 0.493936
vt 0.948192 0.503085
vt 0.939043 0.503085
vt 0.929894 0.548830
vt 0.920745 0.557979
vt 0.920745 0.548830
vt 0.929894 0.530532
vt 0.920745 0.539681
vt 0.920745 0.530532
vt 0.948192 0.530532
vt 0.939043 0.539681
vt 0.939043 0.530532
vt 0.957341 0.548830
vt 0.966490 0.557979
vt 0.957341 0.557979
vt 0.966490 0.530532
vt 0.957341 0.539681
vt 0.957341 0.530532
vt 0.975639 0.530532
vt 0.984787 0.539681
vt 0.975639 0.539681
vt 0.810957 0.548830
vt 0.820106 0.557979
vt 0.810957 0.557979
vt 0.810957 0.530532
vt 0.820106 0.539681
vt 0.810957 0.539681
vt 0.829255 0.530532
vt 0.838404 0.539681
vt 0.829255 0.539681
vt 0.888723 0.622022
vt 0.893298 0.631171
vt 0.888723 0.631171
vt 0.888723 0.603724
vt 0.893298 0.612873
vt 0.888723 0.612873
vt 0.907021 0.603724
vt 0.911596 0.612873
vt 0.907021 0.612873
vt 0.888723 0.548830
vt 0.893298 0.557979
vt 0.888723 0.557979
vt 0.888723 0.530532
vt 0.893298 0.539681
vt 0.888723 0.539681
vt 0.884149 0.539681
vt 0.884149 0.530532
vt 0.893298 0.475638
vt 0.888723 0.484787
vt 0.888723 0.475638
vt 0.893298 0.457341
vt 0.888723 0.466489
vt 0.888723 0.457341
vt 0.911596 0.457341
vt 0.907021 0.466489
vt 0.907021 0.457341
vt 0.888723 0.402447
vt 0.893298 0.411596
vt 0.888723 0.411596
vt 0.888723 0.384149
vt 0.893298 0.393298
vt 0.888723 0.393298
vt 0.907021 0.384149
vt 0.911596 0.393298
vt 0.907021 0.393298
vt 0.897872 0.384149
vt 0.902447 0.393298
vt 0.897872 0.393298
vt 0.902447 0.457341
vt 0.897872 0.466489
vt 0.897872 0.457341
vt 0.897872 0.530532
vt 0.902447 0.539681
vt 0.897872 0.539681
vt 0.897872 0.603724
vt 0.902447 0.612873
vt 0.897872 0.612873
vt 0.897872 0.567128
vt 0.902447 0.576277
vt 0.897872 0.576277
vt 0.902447 0.493936
vt 0.897872 0.503085
vt 0.897872 0.493936
vt 0.902447 0.420745
vt 0.897872 0.429894
vt 0.897872 0.420745
vt 0.902447 0.347553
vt 0.897872 0.356702
vt 0.897872 0.347553
vt 0.902447 0.365851
vt 0.897872 0.375000
vt 0.897872 0.365851
vt 0.902447 0.439043
vt 0.897872 0.448192
vt 0.897872 0.439043
vt 0.902447 0.512234
vt 0.897872 0.521383
vt 0.897872 0.512234
vt 0.897872 0.585426
vt 0.902447 0.594575
vt 0.897872 0.594575
vt 0.897872 0.622022
vt 0.902447 0.631171
vt 0.897872 0.631171
vt 0.897872 0.548830
vt 0.902447 0.557979
vt 0.897872 0.557979
vt 0.902447 0.475638
vt 0.897872 0.484787
vt 0.897872 0.475638
vt 0.897872 0.402447
vt 0.902447 0.411596
vt 0.897872 0.411596
vt 0.879575 0.384149
vt 0.884149 0.393298
vt 0.879575 0.393298
vt 0.879575 0.402447
vt 0.884149 0.411596
vt 0.879575 0.411596
vt 0.879575 0.457341
vt 0.884149 0.466489
vt 0.879575 0.466489
vt 0.879575 0.475638
vt 0.884149 0.484787
vt 0.879575 0.484787
vt 0.884149 0.512234
vt 0.884149 0.521383
vt 0.875000 0.539681
vt 0.884149 0.603724
vt 0.879575 0.612873
vt 0.879575 0.603724
vt 0.884149 0.622022
vt 0.879575 0.631171
vt 0.879575 0.622022
vt 0.884149 0.567128
vt 0.879575 0.576277
vt 0.879575 0.567128
vt 0.884149 0.585426
vt 0.879575 0.594575
vt 0.879575 0.585426
vt 0.902447 0.548830
vt 0.879575 0.557979
vt 0.875000 0.557979
vt 0.879575 0.420745
vt 0.884149 0.429894
vt 0.879575 0.429894
vt 0.879575 0.439043
vt 0.884149 0.448192
vt 0.879575 0.448192
vt 0.884149 0.347553
vt 0.879575 0.356702
vt 0.879575 0.347553
vt 0.884149 0.365851
vt 0.879575 0.375000
vt 0.879575 0.365851
vt 0.902447 0.503085
vt 0.911596 0.484787
vt 0.902447 0.484787
vt 0.911596 0.521383
vt 0.911596 0.512234
vt 0.879575 0.539681
vt 0.879575 0.530532
vt 0.879575 0.548830
vt 0.879575 0.493936
vt 0.884149 0.503085
vt 0.879575 0.503085
vt 0.879575 0.512234
vt 0.879575 0.521383
vt 0.911596 0.493936
vt 0.911596 0.503085
vt 0.907021 0.557979
vt 0.902447 0.530532
vt 0.902447 0.521383
vt 0.875000 0.493936
vt 0.911596 0.530532
vt 0.911596 0.539681
vt 0.884149 0.493936
vt 0.907021 0.548830
vt 0.907021 0.521383
vt 0.907021 0.512234
vt 0.907021 0.503085
vt 0.907021 0.493936
vt 0.907021 0.530532
vt 0.907021 0.539681
vt 0.875000 0.365851
vt 0.884149 0.356702
vt 0.875000 0.347553
vt 0.875000 0.338404
vt 0.884149 0.338404
vt 0.879575 0.338404
vt 0.875000 0.439043
vt 0.884149 0.439043
vt 0.875000 0.420745
vt 0.875000 0.411596
vt 0.884149 0.420745
vt 0.875000 0.594575
vt 0.875000 0.576277
vt 0.884149 0.576277
vt 0.875000 0.631171
vt 0.875000 0.612873
vt 0.884149 0.612873
vt 0.884149 0.594575
vt 0.875000 0.475638
vt 0.884149 0.475638
vt 0.875000 0.457341
vt 0.884149 0.457341
vt 0.875000 0.393298
vt 0.884149 0.402447
vt 0.884149 0.384149
vt 0.893298 0.402447
vt 0.902447 0.402447
vt 0.893298 0.484787
vt 0.893298 0.466489
vt 0.902447 0.466489
vt 0.893298 0.548830
vt 0.893298 0.622022
vt 0.902447 0.622022
vt 0.893298 0.585426
vt 0.902447 0.585426
vt 0.893298 0.521383
vt 0.893298 0.503085
vt 0.893298 0.448192
vt 0.893298 0.429894
vt 0.902447 0.429894
vt 0.893298 0.375000
vt 0.893298 0.356702
vt 0.902447 0.356702
vt 0.897872 0.338404
vt 0.893298 0.338404
vt 0.902447 0.338404
vt 0.893298 0.567128
vt 0.902447 0.567128
vt 0.893298 0.603724
vt 0.902447 0.603724
vt 0.893298 0.530532
vt 0.902447 0.448192
vt 0.893298 0.384149
vt 0.902447 0.384149
vt 0.902447 0.375000
vt 0.911596 0.384149
vt 0.884149 0.375000
vt 0.911596 0.448192
vt 0.911596 0.603724
vt 0.884149 0.631171
vt 0.820106 0.530532
vt 0.820106 0.521383
vt 0.838404 0.530532
vt 0.801808 0.530532
vt 0.801808 0.521383
vt 0.801808 0.548830
vt 0.820106 0.548830
vt 0.966490 0.539681
vt 0.984787 0.530532
vt 0.948192 0.539681
vt 0.948192 0.548830
vt 0.966490 0.548830
vt 0.929894 0.539681
vt 0.929894 0.493936
vt 0.929894 0.484787
vt 0.948192 0.484787
vt 0.939043 0.484787
vt 0.920745 0.484787
vt 0.929894 0.512234
vt 0.966490 0.503085
vt 0.975639 0.484787
vt 0.966490 0.484787
vt 0.984787 0.493936
vt 0.948192 0.493936
vt 0.957341 0.484787
vt 0.948192 0.512234
vt 0.966490 0.512234
vt 0.783511 0.530532
vt 0.783511 0.521383
vt 0.765213 0.530532
vt 0.765213 0.539681
vt 0.765213 0.521383
vt 0.765213 0.548830
vt 0.765213 0.557979
vt 0.783511 0.548830
vt 0.783511 0.503085
vt 0.792659 0.484787
vt 0.783511 0.484787
vt 0.801808 0.484787
vt 0.765213 0.503085
vt 0.765213 0.493936
vt 0.774362 0.484787
vt 0.765213 0.484787
vt 0.765213 0.512234
vt 0.820106 0.503085
vt 0.829255 0.484787
vt 0.820106 0.484787
vt 0.838404 0.484787
vt 0.801808 0.503085
vt 0.810957 0.484787
vt 0.856702 0.612873
vt 0.856702 0.594575
vt 0.838404 0.612873
vt 0.838404 0.603724
vt 0.838404 0.594575
vt 0.838404 0.631171
vt 0.838404 0.622022
vt 0.856702 0.576277
vt 0.856702 0.557979
vt 0.838404 0.576277
vt 0.838404 0.567128
vt 0.838404 0.585426
vt 0.911596 0.567128
vt 0.856702 0.539681
vt 0.838404 0.521383
vt 0.838404 0.548830
vt 0.856702 0.493936
vt 0.838404 0.503085
vt 0.856702 0.512234
vt 0.856702 0.457341
vt 0.838404 0.457341
vt 0.838404 0.466489
vt 0.838404 0.448192
vt 0.838404 0.475638
vt 0.856702 0.475638
vt 0.856702 0.420745
vt 0.856702 0.411596
vt 0.838404 0.420745
vt 0.838404 0.429894
vt 0.838404 0.411596
vt 0.838404 0.439043
vt 0.856702 0.439043
vt 0.856702 0.393298
vt 0.838404 0.393298
vt 0.838404 0.384149
vt 0.838404 0.375000
vt 0.838404 0.402447
vt 0.856702 0.347553
vt 0.856702 0.338404
vt 0.865851 0.338404
vt 0.838404 0.347553
vt 0.838404 0.356702
vt 0.838404 0.338404
vt 0.847553 0.338404
vt 0.838404 0.365851
vt 0.856702 0.365851
vt 0.907021 0.338404
vt 0.911596 0.338404
vt 0.888723 0.338404
vt 0.911596 0.356702
vt 0.911596 0.429894
vt 0.911596 0.585426
vt 0.856702 0.631171
vt 0.929894 0.557979
vt 0.911596 0.622022
vt 0.911596 0.466489
vt 0.911596 0.402447
vt 0.234787 0.521383
vt 0.161596 0.594575
vt 0.161596 0.448192
vt 0.161596 0.375000
vt 0.484787 0.521383
vt 0.411596 0.594575
vt 0.411596 0.448192
vt 0.411596 0.375000
vt 0.484787 0.844575
vt 0.411596 0.917766
vt 0.411596 0.771383
vt 0.411596 0.661596
vt 0.734787 0.844575
vt 0.661596 0.917766
vt 0.661596 0.771383
vt 0.661596 0.661596
vt 0.234787 0.198192
vt 0.161596 0.271383
vt 0.161596 0.125000
vt 0.161596 0.051808
vt 0.734787 0.198192
vt 0.661596 0.271383
vt 0.661596 0.125000
vt 0.661596 0.051808
vt 0.734787 0.557979
vt 0.234787 0.881171
vt 0.484787 0.234787
vt 0.984787 0.234787
vt 0.984787 0.881171
vt 0.984787 0.844575
vt 0.911596 0.698192
vt 0.984787 0.807979
vt 0.984787 0.557979
vt 0.984787 0.521383
vt 0.911596 0.375000
vt 0.984787 0.484787
s 1
usemtl マテリアル.001
f 377/1/1 4/2/2 159/3/3
f 376/4/4 8/5/5 162/6/6
f 375/7/7 6/8/8 165/9/9
f 374/10/10 2/11/11 98/12/12
f 373/13/13 5/14/14 107/15/15
f 372/16/16 2/17/17 108/18/18
f 121/19/19 120/20/19 371/21/19
f 370/22/20 21/23/20 170/24/21
f 146/25/22 171/26/22 369/27/22
f 125/28/23 119/29/23 368/30/23
f 367/31/24 22/32/24 174/33/25
f 151/34/26 175/35/26 366/36/26
f 129/37/27 110/38/27 365/39/27
f 327/40/28 378/41/28 393/40/28
f 120/42/29 177/43/29 364/44/29
f 132/45/30 153/46/30 363/47/30
f 362/48/31 23/49/31 180/50/32
f 117/51/33 181/52/33 361/53/33
f 136/54/34 150/55/34 360/56/34
f 359/57/35 24/58/35 184/59/36
f 114/60/37 185/61/37 358/62/37
f 140/63/38 147/64/38 357/65/38
f 356/66/39 25/67/39 188/68/40
f 111/69/41 189/70/41 355/71/41
f 190/72/42 143/73/43 354/74/44
f 191/75/45 192/76/46 353/77/47
f 158/78/48 193/79/49 352/80/50
f 351/81/51 71/82/51 142/83/51
f 350/84/52 74/85/53 196/86/54
f 349/87/55 70/88/55 197/89/55
f 198/90/56 100/91/57 348/92/58
f 199/93/59 200/94/60 347/95/61
f 186/96/62 201/97/63 346/98/64
f 202/99/65 139/100/66 345/101/67
f 203/102/68 204/103/69 344/104/70
f 161/105/71 205/106/72 343/107/73
f 342/108/74 67/109/74 138/110/74
f 341/111/75 77/112/76 208/113/77
f 340/114/78 66/115/78 209/116/78
f 210/117/79 103/118/80 339/119/81
f 211/120/82 212/121/83 338/122/84
f 182/123/85 213/124/86 337/125/87
f 214/126/88 135/127/89 336/128/90
f 215/129/91 216/130/92 335/131/93
f 164/132/94 217/133/95 334/134/96
f 333/135/97 63/136/97 134/137/97
f 332/138/98 80/139/99 220/140/100
f 331/141/101 62/142/101 221/143/101
f 222/144/102 106/145/103 330/146/104
f 223/147/105 224/148/106 329/149/107
f 178/150/108 225/151/109 328/152/110
f 226/153/111 131/41/112 327/40/113
f 227/154/114 228/155/115 326/156/116
f 167/157/117 229/158/117 325/159/118
f 231/160/119 383/161/119 388/160/119
f 323/162/120 83/161/121 231/160/122
f 322/163/123 59/164/123 232/165/123
f 233/166/124 157/167/125 321/168/126
f 294/169/127 378/41/127 131/41/127
f 84/170/128 385/171/128 235/171/128
f 236/172/129 128/173/130 319/174/131
f 237/175/132 238/176/133 318/177/134
f 104/178/135 239/179/136 317/180/137
f 316/181/138 56/182/138 127/183/138
f 315/184/139 86/185/140 242/186/141
f 314/187/142 55/188/142 243/189/142
f 244/190/143 166/191/143 313/192/144
f 245/193/145 246/194/146 312/195/147
f 172/196/148 247/197/149 311/198/150
f 248/199/151 124/200/152 310/201/153
f 249/202/154 250/203/155 309/204/156
f 99/205/157 251/206/158 308/207/159
f 307/208/160 52/209/160 123/210/160
f 306/211/161 89/212/162 254/213/163
f 305/214/164 51/215/164 255/216/164
f 256/217/165 167/218/166 304/219/167
f 257/220/168 258/221/169 303/222/170
f 168/223/171 259/224/172 302/225/173
f 301/226/174 37/227/174 155/228/174
f 300/229/175 91/230/175 262/231/175
f 299/232/176 40/233/177 263/234/178
f 298/235/179 36/236/179 154/237/179
f 297/238/180 92/239/180 266/240/180
f 296/241/181 45/242/182 267/243/183
f 295/244/184 27/245/184 145/246/184
f 294/169/185 93/247/185 270/248/185
f 293/249/186 37/250/187 271/251/188
f 292/252/189 47/253/189 118/254/189
f 291/255/190 94/256/190 274/257/190
f 290/258/191 34/259/192 275/260/193
f 289/261/194 44/262/194 115/263/194
f 288/264/195 95/265/195 278/266/195
f 287/267/196 31/268/197 279/269/198
f 286/270/199 41/271/199 112/272/199
f 285/273/200 96/274/200 282/275/200
f 284/276/201 28/277/202 283/278/203
f 281/279/204 283/278/204 96/274/204
f 72/280/205 284/276/205 281/279/205
f 189/70/206 146/281/206 284/276/206
f 186/96/207 282/275/208 69/282/209
f 25/67/210 285/273/210 186/96/211
f 143/73/212 281/279/213 285/273/214
f 140/63/215 112/272/215 12/283/215
f 69/282/216 286/270/216 140/63/216
f 282/275/217 280/284/218 286/270/219
f 277/285/220 279/269/220 95/265/220
f 68/286/221 287/267/221 277/285/221
f 185/61/222 149/287/222 287/267/222
f 182/123/223 278/266/224 65/288/225
f 24/58/226 288/264/226 182/123/227
f 139/100/228 277/285/229 288/264/230
f 136/54/231 115/263/231 15/289/231
f 65/288/232 289/261/232 136/54/232
f 278/266/233 276/290/234 289/261/235
f 273/291/236 275/260/236 94/256/236
f 64/292/237 290/258/237 273/291/237
f 181/52/238 152/293/238 290/258/238
f 178/150/239 274/257/240 61/294/241
f 23/49/242 291/255/242 178/150/243
f 135/127/244 273/291/245 291/255/246
f 132/45/247 118/254/247 18/295/247
f 61/294/248 292/252/248 132/45/248
f 274/257/249 272/296/250 292/252/251
f 269/297/252 271/251/252 93/247/252
f 60/298/253 293/249/253 269/297/253
f 177/43/254 155/299/254 293/249/254
f 270/248/255 390/169/255 294/169/255
f 58/300/256 385/171/256 379/300/256
f 131/41/257 269/297/258 294/169/259
f 129/37/260 145/246/260 10/301/260
f 58/300/261 295/244/261 129/37/261
f 270/248/262 268/302/263 295/244/264
f 265/303/265 267/243/265 92/239/265
f 57/304/266 296/241/266 265/303/266
f 175/35/267 116/305/267 296/241/267
f 172/196/268 266/240/269 54/306/270
f 22/32/271 297/238/271 172/196/272
f 128/173/273 265/303/274 297/238/275
f 125/28/276 154/237/276 19/307/276
f 54/306/277 298/235/277 125/28/277
f 266/240/278 264/308/279 298/235/280
f 261/309/281 263/234/281 91/230/281
f 53/310/282 299/232/282 261/309/282
f 171/26/283 111/311/283 299/232/283
f 168/223/284 262/231/285 50/312/286
f 21/23/287 300/229/287 168/223/288
f 124/200/289 261/309/290 300/229/291
f 121/19/292 155/228/292 20/313/292
f 50/312/293 301/226/293 121/19/293
f 262/231/294 260/314/295 301/226/296
f 302/225/297 90/315/297 257/220/297
f 170/24/298 257/220/299 52/209/300
f 21/23/301 302/225/301 170/24/302
f 303/222/303 34/259/303 152/293/303
f 123/210/304 152/293/304 17/316/304
f 52/209/305 303/222/305 123/210/305
f 304/219/306 6/8/307 105/317/308
f 258/221/309 105/317/309 34/259/309
f 90/315/310 304/219/306 258/221/311
f 253/318/312 255/216/312 89/212/312
f 31/319/313 305/214/314 253/318/315
f 149/320/316 169/321/316 305/214/316
f 164/132/317 254/213/317 46/322/317
f 8/5/318 306/211/161 164/132/319
f 102/323/320 253/318/321 306/211/322
f 117/51/323 123/210/323 17/316/323
f 46/322/324 307/208/324 117/51/324
f 254/213/325 252/324/326 307/208/327
f 308/207/328 88/325/329 249/202/330
f 161/326/331 249/202/331 43/327/331
f 4/328/332 308/207/328 161/326/333
f 309/204/334 51/215/334 169/321/334
f 114/329/335 169/321/335 14/330/335
f 43/327/336 309/204/336 114/329/336
f 310/201/337 21/23/337 122/331/338
f 250/203/339 122/331/340 51/215/341
f 88/325/342 310/201/342 250/203/342
f 311/198/343 87/332/343 245/193/343
f 174/33/344 245/193/345 56/182/346
f 22/32/347 311/198/347 174/33/348
f 312/195/349 26/333/349 144/334/349
f 127/183/350 144/334/350 9/335/350
f 56/182/351 312/195/351 127/183/351
f 313/192/352 1/336/353 97/337/354
f 246/194/355 97/337/355 26/333/355
f 87/332/356 313/192/352 246/194/354
f 241/338/357 243/189/357 86/185/357
f 30/339/358 314/187/359 241/338/360
f 148/340/361 173/341/361 314/187/361
f 156/342/362 242/186/362 38/343/362
f 3/344/363 315/184/139 156/342/141
f 101/345/364 241/338/364 315/184/365
f 109/346/366 127/183/366 9/335/366
f 38/343/367 316/181/367 109/346/367
f 242/186/368 240/347/369 316/181/370
f 317/180/371 85/348/372 237/175/373
f 160/349/374 237/175/374 42/350/374
f 7/351/375 317/180/371 160/349/376
f 318/177/377 55/188/377 173/341/377
f 113/352/378 173/341/378 13/353/378
f 42/350/379 318/177/379 113/352/379
f 319/174/380 22/32/380 126/354/381
f 238/176/382 126/354/383 55/188/384
f 85/348/385 319/174/385 238/176/385
f 231/160/386 392/355/386 324/355/386
f 234/356/387 384/170/387 84/170/387
f 228/155/388 381/164/388 59/164/388
f 320/357/389 48/358/389 119/359/389
f 130/360/390 119/359/390 19/361/390
f 324/355/391 387/360/391 130/360/391
f 321/168/392 1/362/393 166/363/394
f 234/356/395 166/363/395 48/358/395
f 84/170/396 321/168/392 234/356/397
f 230/364/398 232/165/398 83/161/398
f 35/365/399 322/163/400 230/364/401
f 153/46/402 176/366/402 322/163/402
f 107/367/403 231/160/403 36/368/403
f 5/14/404 323/162/120 107/367/405
f 106/145/406 230/364/407 323/162/408
f 154/369/409 130/360/409 19/361/409
f 36/368/410 324/355/410 154/369/410
f 270/248/411 379/300/411 386/248/411
f 325/159/412 82/370/413 227/154/414
f 165/9/415 227/154/415 47/253/415
f 6/8/416 325/159/412 165/9/417
f 326/156/418 59/164/418 176/366/418
f 118/254/419 176/366/419 18/295/419
f 47/253/420 326/156/420 118/254/420
f 320/357/421 387/360/421 391/357/421
f 234/356/422 391/357/422 389/356/422
f 82/370/423 327/40/423 228/155/423
f 328/152/424 81/371/424 223/147/424
f 180/50/425 223/147/426 63/136/427
f 23/49/428 328/152/428 180/50/429
f 329/149/430 45/242/430 116/305/430
f 134/137/431 116/305/431 16/372/431
f 63/136/432 329/149/432 134/137/432
f 330/146/433 5/14/434 163/373/435
f 224/148/436 163/373/436 45/242/436
f 81/371/437 330/146/433 224/148/438
f 219/374/439 221/143/439 80/139/439
f 32/375/440 331/141/441 219/374/442
f 150/55/443 179/376/443 331/141/443
f 104/178/444 220/140/444 33/377/444
f 7/351/445 332/138/98 104/178/446
f 103/118/447 219/374/448 332/138/449
f 151/34/450 134/137/450 16/372/450
f 33/377/451 333/135/451 151/34/451
f 220/140/452 218/378/453 333/135/454
f 334/134/455 79/379/456 215/129/457
f 162/6/458 215/129/458 44/262/458
f 8/5/459 334/134/455 162/6/460
f 335/131/461 62/142/461 179/376/461
f 115/263/462 179/376/462 15/289/462
f 44/262/463 335/131/463 115/263/463
f 336/128/464 23/49/464 133/380/465
f 216/130/466 133/380/467 62/142/468
f 79/379/469 336/128/469 216/130/469
f 337/125/470 78/381/470 211/120/470
f 184/59/471 211/120/472 67/109/473
f 24/58/474 337/125/474 184/59/475
f 338/122/476 42/382/476 113/383/476
f 138/110/477 113/383/477 13/384/477
f 67/109/478 338/122/478 138/110/478
f 339/119/479 7/351/480 160/385/481
f 212/121/482 160/385/482 42/382/482
f 78/381/483 339/119/479 212/121/484
f 207/386/485 209/116/485 77/112/485
f 29/387/486 340/114/487 207/386/488
f 147/64/489 183/388/489 340/114/489
f 101/389/490 208/113/490 30/390/490
f 3/391/491 341/111/75 101/389/492
f 100/91/493 207/386/494 341/111/495
f 148/392/496 138/110/496 13/384/496
f 30/390/497 342/108/497 148/392/497
f 208/113/498 206/393/499 342/108/500
f 343/107/501 76/394/502 203/102/503
f 159/3/504 203/102/504 41/271/504
f 4/2/505 343/107/501 159/3/506
f 344/104/507 66/115/507 183/388/507
f 112/272/508 183/388/508 12/283/508
f 41/271/509 344/104/509 112/272/509
f 345/101/510 24/58/510 137/395/511
f 204/103/512 137/395/513 66/115/514
f 76/394/515 345/101/515 204/103/515
f 346/98/516 75/396/516 199/93/516
f 188/68/517 199/93/518 71/82/519
f 25/67/520 346/98/520 188/68/521
f 347/95/522 38/397/522 109/398/522
f 142/83/523 109/398/523 9/399/523
f 71/82/524 347/95/524 142/83/524
f 348/92/525 3/391/526 156/400/527
f 200/94/528 156/400/528 38/397/528
f 75/396/529 348/92/525 200/94/530
f 195/401/531 197/89/531 74/85/531
f 39/402/532 349/87/533 195/401/534
f 110/403/535 187/404/535 349/87/535
f 97/405/536 196/86/536 26/406/536
f 1/407/537 350/84/52 97/405/538
f 157/408/539 195/401/540 350/84/541
f 144/409/542 142/83/542 9/399/542
f 26/406/543 351/81/543 144/409/543
f 196/86/544 194/410/545 351/81/546
f 352/80/547 73/411/548 191/75/549
f 98/412/550 191/75/550 27/413/550
f 2/414/551 352/80/547 98/412/552
f 353/77/553 70/88/553 187/404/553
f 145/415/554 187/404/554 10/416/554
f 27/413/555 353/77/555 145/415/555
f 354/74/556 25/67/556 141/417/557
f 192/76/558 141/417/559 70/88/560
f 73/411/561 354/74/561 192/76/561
f 355/71/562 72/280/562 190/72/562
f 193/79/563 190/72/563 73/411/563
f 40/418/564 355/71/565 193/79/566
f 194/410/567 188/68/568 71/82/569
f 74/85/570 356/66/570 194/410/570
f 197/89/571 141/417/572 356/66/573
f 357/65/574 29/387/575 198/90/576
f 201/97/577 198/90/577 75/396/577
f 69/282/578 357/65/578 201/97/578
f 358/62/579 68/286/579 202/99/579
f 205/106/580 202/99/580 76/394/580
f 43/419/581 358/62/582 205/106/583
f 206/393/584 184/59/585 67/109/586
f 77/112/587 359/57/587 206/393/587
f 209/116/588 137/395/589 359/57/590
f 360/56/591 32/375/592 210/117/593
f 213/124/594 210/117/594 78/381/594
f 65/288/595 360/56/595 213/124/595
f 361/53/596 64/292/596 214/126/596
f 217/133/597 214/126/597 79/379/597
f 46/322/598 361/53/599 217/133/600
f 218/378/601 180/50/602 63/136/603
f 80/139/604 362/48/604 218/378/604
f 221/143/605 133/380/606 362/48/607
f 363/47/608 35/365/609 222/144/610
f 225/151/611 222/144/611 81/371/611
f 61/294/612 363/47/612 225/151/612
f 364/44/613 60/298/613 226/153/613
f 229/158/614 226/153/614 82/370/614
f 49/420/615 364/44/616 229/158/617
f 228/155/618 393/40/618 380/155/618
f 83/161/619 382/165/619 383/161/619
f 59/164/620 382/165/621 232/165/620
f 365/39/622 39/421/623 233/166/624
f 235/171/625 233/166/625 84/170/625
f 58/300/626 365/39/626 235/171/626
f 366/36/627 57/304/627 236/172/627
f 239/179/628 236/172/628 85/348/628
f 33/377/629 366/36/630 239/179/631
f 240/347/632 174/33/633 56/182/634
f 86/185/635 367/31/635 240/347/635
f 243/189/636 126/354/637 367/31/638
f 368/30/639 48/422/640 244/190/641
f 247/197/642 244/190/642 87/332/642
f 54/306/643 368/30/643 247/197/643
f 369/27/644 53/310/644 248/199/644
f 251/206/645 248/199/645 88/325/645
f 28/423/646 369/27/647 251/206/648
f 252/324/649 170/24/650 52/209/651
f 89/212/652 370/22/652 252/324/652
f 255/216/653 122/331/654 370/22/655
f 371/21/656 49/424/657 256/217/658
f 259/224/659 256/217/659 90/315/659
f 50/312/660 371/21/660 259/224/660
f 260/314/661 108/18/661 37/227/661
f 91/230/662 372/16/16 260/314/663
f 263/234/664 158/425/665 372/16/666
f 264/308/667 107/15/667 36/236/667
f 92/239/668 373/13/13 264/308/669
f 267/243/670 163/373/671 373/13/672
f 268/302/673 98/12/673 27/245/673
f 93/247/674 374/10/10 268/302/675
f 271/251/676 108/426/677 374/10/678
f 272/296/679 165/9/679 47/253/679
f 94/256/680 375/7/7 272/296/681
f 275/260/682 105/317/683 375/7/684
f 276/290/685 162/6/685 44/262/685
f 95/265/686 376/4/4 276/290/687
f 279/269/688 102/427/689 376/4/690
f 280/284/691 159/3/691 41/271/691
f 96/274/692 377/1/1 280/284/693
f 283/278/694 99/428/695 377/1/696
f 386/248/255 413/169/255 390/169/255
f 389/356/422 415/357/422 412/356/422
f 380/155/618 417/40/618 401/155/618
f 379/300/256 408/171/256 398/300/256
f 380/155/388 402/164/388 381/164/388
f 393/40/28 396/41/28 417/40/28
f 389/356/387 407/170/387 384/170/387
f 386/248/411 398/300/411 409/248/411
f 388/160/386 416/355/386 392/355/386
f 381/164/621 404/165/697 382/165/621
f 384/170/128 408/171/128 385/171/128
f 392/355/391 410/360/391 387/360/391
f 388/160/119 405/161/119 411/160/119
f 390/169/127 396/41/127 378/41/127
f 383/161/619 404/165/619 405/161/619
f 391/357/421 410/360/421 415/357/421
f 418/429/698 395/430/698 399/431/699
f 416/355/700 400/432/700 410/360/700
f 406/433/701 412/356/701 415/357/701
f 397/434/702 408/171/703 414/435/704
f 397/434/705 409/248/706 398/300/707
f 395/430/708 413/169/708 397/434/709
f 414/435/710 407/170/710 406/433/710
f 399/431/711 406/433/712 400/432/713
f 395/430/714 414/435/714 399/431/715
f 400/432/716 415/357/716 410/360/716
f 411/160/717 403/436/717 416/355/717
f 417/40/718 395/430/718 394/437/719
f 401/155/720 394/437/721 402/164/722
f 403/436/723 399/431/724 400/432/725
f 405/161/726 418/429/726 403/436/726
f 404/165/727 394/437/728 418/429/729
f 804/438/730 422/439/731 580/440/732
f 803/441/733 426/442/733 583/443/733
f 802/444/734 424/445/735 586/446/736
f 801/447/737 420/448/737 518/449/737
f 800/450/738 423/451/739 527/452/740
f 799/453/741 420/454/742 528/455/743
f 541/456/744 540/457/744 798/458/744
f 797/459/745 439/460/746 591/461/747
f 567/462/748 592/463/748 796/464/748
f 545/465/749 539/466/749 795/467/749
f 794/468/750 440/469/751 595/470/752
f 572/471/753 596/472/753 793/473/753
f 549/474/754 530/475/754 792/476/754
f 791/477/755 441/478/755 599/479/756
f 540/480/757 600/481/757 790/482/757
f 553/483/758 574/484/758 789/485/758
f 788/486/759 442/487/760 603/488/761
f 537/489/762 604/490/762 787/491/762
f 557/492/763 571/493/763 786/494/763
f 785/495/764 443/496/764 607/497/765
f 534/498/766 608/499/766 784/500/766
f 561/501/767 568/502/767 783/503/767
f 782/504/768 444/505/769 611/506/770
f 531/507/771 612/508/771 781/509/771
f 613/510/772 564/511/773 780/512/774
f 614/513/775 615/514/776 779/515/777
f 579/516/778 616/517/779 778/518/780
f 777/519/781 491/520/781 563/521/781
f 776/522/782 494/523/783 619/524/784
f 775/525/785 490/526/785 620/527/785
f 621/528/786 520/529/787 774/530/788
f 622/531/789 623/532/789 773/533/789
f 609/534/790 624/535/791 772/536/792
f 625/537/793 560/538/793 771/539/793
f 626/540/794 627/541/794 770/542/794
f 582/543/795 628/544/796 769/545/797
f 768/546/798 487/547/798 559/548/798
f 767/549/799 497/550/799 631/551/799
f 766/552/800 486/553/800 632/554/800
f 633/555/801 523/556/802 765/557/803
f 634/558/804 635/559/804 764/560/804
f 605/561/805 636/562/805 763/563/805
f 637/564/806 556/565/807 762/566/808
f 638/567/809 639/568/810 761/569/811
f 585/570/812 640/571/813 760/572/814
f 759/573/815 483/574/815 555/575/815
f 758/576/816 500/577/817 643/578/818
f 757/579/819 482/580/819 644/581/819
f 645/582/820 526/583/821 756/584/822
f 646/585/823 647/586/823 755/587/823
f 601/588/824 648/589/825 754/590/826
f 649/591/827 552/592/827 753/593/827
f 650/594/828 651/595/828 752/596/828
f 588/597/829 652/598/830 751/599/831
f 750/600/832 479/601/832 551/602/832
f 749/603/833 503/604/833 655/605/833
f 748/606/834 478/607/834 656/608/834
f 657/609/835 578/610/836 747/611/837
f 658/612/838 659/613/838 746/614/838
f 597/615/839 660/616/839 745/617/839
f 661/618/840 548/619/841 744/620/842
f 662/621/843 663/622/844 743/623/845
f 524/624/846 664/625/847 742/626/848
f 741/627/849 475/628/849 547/629/849
f 740/630/850 506/631/851 667/632/852
f 739/633/853 474/634/853 668/635/853
f 669/636/854 587/637/855 738/638/856
f 670/639/857 671/640/857 737/641/857
f 593/642/858 672/643/859 736/644/860
f 673/645/861 544/646/862 735/647/863
f 674/648/864 675/649/865 734/650/866
f 519/651/867 676/652/868 733/653/869
f 732/654/870 471/655/870 543/656/870
f 731/657/871 509/658/872 679/659/873
f 730/660/874 470/661/874 680/662/874
f 681/663/875 588/664/876 729/665/877
f 682/666/878 683/667/878 728/668/878
f 589/669/879 684/670/880 727/671/881
f 726/672/882 456/673/882 576/674/882
f 725/675/883 511/676/883 687/677/883
f 724/678/884 459/679/884 688/680/884
f 723/681/885 455/682/885 575/683/885
f 722/684/886 512/685/886 691/686/886
f 721/687/887 464/688/887 692/689/887
f 720/690/888 446/691/888 566/692/888
f 719/693/889 513/694/889 695/695/889
f 718/696/890 456/697/890 696/698/890
f 717/699/891 466/700/891 538/701/891
f 716/702/892 514/703/892 699/704/892
f 715/705/893 453/706/893 700/707/893
f 714/708/894 463/709/894 535/710/894
f 713/711/895 515/712/895 703/713/895
f 712/714/896 450/715/896 704/716/896
f 711/717/897 460/718/897 532/719/897
f 710/720/898 516/721/898 707/722/898
f 709/723/899 447/724/899 708/725/899
f 706/726/900 708/725/900 516/721/900
f 492/727/901 709/723/901 706/726/901
f 612/508/902 567/728/902 709/723/902
f 609/534/903 707/722/904 489/729/905
f 444/505/906 710/720/907 609/534/908
f 564/511/909 706/726/910 710/720/911
f 561/501/912 532/719/912 430/730/912
f 489/729/913 711/717/913 561/501/913
f 707/722/914 705/731/915 711/717/916
f 702/732/917 704/716/917 515/712/917
f 488/733/918 712/714/918 702/732/918
f 608/499/919 570/734/919 712/714/919
f 605/561/920 703/713/920 485/735/920
f 443/496/921 713/711/921 605/561/922
f 560/538/923 702/732/923 713/711/923
f 557/492/924 535/710/924 433/736/924
f 485/735/925 714/708/925 557/492/925
f 703/713/926 701/737/926 714/708/926
f 698/738/927 700/707/927 514/703/927
f 484/739/928 715/705/928 698/738/928
f 604/490/929 573/740/929 715/705/929
f 601/588/930 699/704/931 481/741/932
f 442/487/933 716/702/934 601/588/935
f 556/565/936 698/738/937 716/702/938
f 553/483/939 538/701/939 436/742/939
f 481/741/940 717/699/940 553/483/940
f 699/704/941 697/743/942 717/699/943
f 694/744/944 696/698/944 513/694/944
f 480/745/945 718/696/945 694/744/945
f 600/481/946 576/746/946 718/696/946
f 597/615/947 695/695/947 477/747/947
f 441/478/948 719/693/948 597/615/949
f 552/592/950 694/744/950 719/693/950
f 549/474/951 566/692/951 428/748/951
f 477/747/952 720/690/952 549/474/952
f 695/695/953 693/749/953 720/690/953
f 690/750/954 692/689/954 512/685/954
f 476/751/955 721/687/955 690/750/955
f 596/472/956 536/752/956 721/687/956
f 593/642/957 691/686/958 473/753/959
f 440/469/960 722/684/961 593/642/962
f 548/619/963 690/750/964 722/684/965
f 545/465/966 575/683/966 437/754/966
f 473/753/967 723/681/967 545/465/967
f 691/686/968 689/755/969 723/681/970
f 686/756/971 688/680/971 511/676/971
f 472/757/972 724/678/972 686/756/972
f 592/463/973 531/758/973 724/678/973
f 589/669/974 687/677/975 469/759/976
f 439/460/977 725/675/978 589/669/979
f 544/646/980 686/756/981 725/675/982
f 541/456/983 576/674/983 438/760/983
f 469/759/984 726/672/984 541/456/984
f 687/677/985 685/761/986 726/672/987
f 727/671/988 510/762/988 682/666/988
f 591/461/989 682/666/990 471/655/991
f 439/460/992 727/671/993 591/461/994
f 728/668/995 453/706/995 573/740/995
f 543/656/996 573/740/996 435/763/996
f 471/655/997 728/668/997 543/656/997
f 729/665/998 424/445/999 525/764/1000
f 683/667/1001 525/764/1001 453/706/1001
f 510/762/1002 729/665/998 683/667/1003
f 678/765/1004 680/662/1004 509/658/1004
f 450/766/1005 730/660/1006 678/765/1007
f 570/767/1008 590/768/1008 730/660/1008
f 585/570/1009 679/659/1009 465/769/1009
f 426/442/1010 731/657/871 585/570/1011
f 522/770/1012 678/765/1013 731/657/1014
f 537/489/1015 543/656/1015 435/763/1015
f 465/769/1016 732/654/1016 537/489/1016
f 679/659/1017 677/771/1017 732/654/1017
f 733/653/1018 508/772/1019 674/648/1020
f 582/773/1021 674/648/1021 462/774/1021
f 422/775/1022 733/653/1018 582/773/1023
f 734/650/1024 470/661/1024 590/768/1024
f 534/776/1025 590/768/1025 432/777/1025
f 462/774/1026 734/650/1026 534/776/1026
f 735/647/1027 439/460/1028 542/778/1029
f 675/649/1030 542/778/1031 470/661/1032
f 508/772/1033 735/647/1033 675/649/1033
f 736/644/1034 507/779/1034 670/639/1034
f 595/470/1035 670/639/1036 475/628/1037
f 440/469/1038 736/644/1039 595/470/1040
f 737/641/1041 445/780/1041 565/781/1041
f 547/629/1042 565/781/1042 427/782/1042
f 475/628/1043 737/641/1043 547/629/1043
f 738/638/1044 419/783/1045 517/784/1046
f 671/640/1047 517/784/1047 445/780/1047
f 507/779/1048 738/638/1044 671/640/1049
f 666/785/1050 668/635/1050 506/631/1050
f 449/786/1051 739/633/1052 666/785/1053
f 569/787/1054 594/788/1054 739/633/1054
f 577/789/1055 667/632/1055 457/790/1055
f 421/791/1056 740/630/850 577/789/1057
f 521/792/1058 666/785/1059 740/630/1060
f 529/793/1061 547/629/1061 427/782/1061
f 457/790/1062 741/627/1062 529/793/1062
f 667/632/1063 665/794/1063 741/627/1063
f 742/626/1064 505/795/1065 662/621/1066
f 581/796/1067 662/621/1067 461/797/1067
f 425/798/1068 742/626/1064 581/796/1069
f 743/623/1070 474/634/1070 594/788/1070
f 533/799/1071 594/788/1071 431/800/1071
f 461/797/1072 743/623/1072 533/799/1072
f 744/620/1073 440/469/1074 546/801/1075
f 663/622/1076 546/801/1077 474/634/1078
f 505/795/1079 744/620/1079 663/622/1079
f 745/617/1080 504/802/1080 658/612/1080
f 599/479/1081 658/612/1081 479/601/1081
f 441/478/1082 745/617/1082 599/479/1083
f 746/614/1084 467/803/1084 539/804/1084
f 551/602/1085 539/804/1085 437/805/1085
f 479/601/1086 746/614/1086 551/602/1086
f 747/611/1087 419/806/1087 587/807/1087
f 659/613/1088 587/807/1088 467/803/1088
f 504/802/1089 747/611/1090 659/613/1091
f 654/808/1092 656/608/1092 503/604/1092
f 454/809/1093 748/606/1093 654/808/1093
f 574/484/1094 598/810/1094 748/606/1094
f 527/811/1095 655/605/1095 455/812/1095
f 423/451/1096 749/603/1097 527/811/1098
f 526/583/1099 654/808/1100 749/603/1101
f 575/813/1102 551/602/1102 437/805/1102
f 455/812/1103 750/600/1103 575/813/1103
f 655/605/1104 653/814/1104 750/600/1104
f 751/599/1105 502/815/1105 650/594/1105
f 586/446/1106 650/594/1106 466/700/1106
f 424/445/1107 751/599/1108 586/446/1109
f 752/596/1110 478/607/1110 598/810/1110
f 538/701/1111 598/810/1111 436/742/1111
f 466/700/1112 752/596/1112 538/701/1112
f 753/593/1113 441/478/1113 550/816/1114
f 651/595/1115 550/816/1115 478/607/1115
f 502/815/1116 753/593/1116 651/595/1116
f 754/590/1117 501/817/1117 646/585/1117
f 603/488/1118 646/585/1119 483/574/1120
f 442/487/1121 754/590/1122 603/488/1123
f 755/587/1124 464/688/1124 536/752/1124
f 555/575/1125 536/752/1125 434/818/1125
f 483/574/1126 755/587/1126 555/575/1126
f 756/584/1127 423/451/1128 584/819/1129
f 647/586/1130 584/819/1130 464/688/1130
f 501/817/1131 756/584/1127 647/586/1132
f 642/820/1133 644/581/1133 500/577/1133
f 451/821/1134 757/579/1135 642/820/1136
f 571/493/1137 602/822/1137 757/579/1137
f 524/624/1138 643/578/1138 452/823/1138
f 425/798/1139 758/576/816 524/624/1140
f 523/556/1141 642/820/1142 758/576/1143
f 572/471/1144 555/575/1144 434/818/1144
f 452/823/1145 759/573/1145 572/471/1145
f 643/578/1146 641/824/1146 759/573/1146
f 760/572/1147 499/825/1148 638/567/1149
f 583/443/1150 638/567/1150 463/709/1150
f 426/442/1151 760/572/1147 583/443/1152
f 761/569/1153 482/580/1153 602/822/1153
f 535/710/1154 602/822/1154 433/736/1154
f 463/709/1155 761/569/1155 535/710/1155
f 762/566/1156 442/487/1157 554/826/1158
f 639/568/1159 554/826/1160 482/580/1161
f 499/825/1162 762/566/1162 639/568/1162
f 763/563/1163 498/827/1163 634/558/1163
f 607/497/1164 634/558/1164 487/547/1164
f 443/496/1165 763/563/1165 607/497/1166
f 764/560/1167 461/828/1167 533/829/1167
f 559/548/1168 533/829/1168 431/830/1168
f 487/547/1169 764/560/1169 559/548/1169
f 765/557/1170 425/798/1170 581/831/1170
f 635/559/1171 581/831/1171 461/828/1171
f 498/827/1172 765/557/1173 635/559/1174
f 630/832/1175 632/554/1175 497/550/1175
f 448/833/1176 766/552/1176 630/832/1176
f 568/502/1177 606/834/1177 766/552/1177
f 521/835/1178 631/551/1178 449/836/1178
f 421/837/1179 767/549/1180 521/835/1181
f 520/529/1182 630/832/1183 767/549/1184
f 569/838/1185 559/548/1185 431/830/1185
f 449/836/1186 768/546/1186 569/838/1186
f 631/551/1187 629/839/1187 768/546/1187
f 769/545/1188 496/840/1188 626/540/1188
f 580/440/1189 626/540/1189 460/718/1189
f 422/439/1190 769/545/1191 580/440/1192
f 770/542/1193 486/553/1193 606/834/1193
f 532/719/1194 606/834/1194 430/730/1194
f 460/718/1195 770/542/1195 532/719/1195
f 771/539/1196 443/496/1196 558/841/1197
f 627/541/1198 558/841/1198 486/553/1198
f 496/840/1199 771/539/1199 627/541/1199
f 772/536/1200 495/842/1200 622/531/1200
f 611/506/1201 622/531/1202 491/520/1203
f 444/505/1204 772/536/1205 611/506/1206
f 773/533/1207 457/843/1207 529/844/1207
f 563/521/1208 529/844/1208 427/845/1208
f 491/520/1209 773/533/1209 563/521/1209
f 774/530/1210 421/837/1211 577/846/1212
f 623/532/1213 577/846/1213 457/843/1213
f 495/842/1214 774/530/1210 623/532/1215
f 618/847/1216 620/527/1216 494/523/1216
f 458/848/1217 775/525/1218 618/847/1219
f 530/849/1220 610/850/1220 775/525/1220
f 517/851/1221 619/524/1221 445/852/1221
f 419/853/1222 776/522/782 517/851/1223
f 578/854/1224 618/847/1225 776/522/1226
f 565/855/1227 563/521/1227 427/845/1227
f 445/852/1228 777/519/1228 565/855/1228
f 619/524/1229 617/856/1229 777/519/1229
f 778/518/1230 493/857/1231 614/513/1232
f 518/858/1233 614/513/1233 446/859/1233
f 420/860/1234 778/518/1230 518/858/1235
f 779/515/1236 490/526/1236 610/850/1236
f 566/861/1237 610/850/1237 428/862/1237
f 446/859/1238 779/515/1238 566/861/1238
f 780/512/1239 444/505/1240 562/863/1241
f 615/514/1242 562/863/1243 490/526/1244
f 493/857/1245 780/512/1245 615/514/1245
f 781/509/1246 492/727/1246 613/510/1246
f 616/517/1247 613/510/1247 493/857/1247
f 459/864/1248 781/509/1248 616/517/1248
f 617/856/1249 611/506/1250 491/520/1251
f 494/523/1252 782/504/1252 617/856/1252
f 620/527/1253 562/863/1254 782/504/1255
f 783/503/1256 448/833/1257 621/528/1258
f 624/535/1259 621/528/1259 495/842/1259
f 489/729/1260 783/503/1260 624/535/1260
f 784/500/1261 488/733/1261 625/537/1261
f 628/544/1262 625/537/1262 496/840/1262
f 462/865/1263 784/500/1263 628/544/1263
f 629/839/1264 607/497/1264 487/547/1264
f 497/550/1265 785/495/1265 629/839/1265
f 632/554/1266 558/841/1266 785/495/1266
f 786/494/1267 451/821/1267 633/555/1267
f 636/562/1268 633/555/1268 498/827/1268
f 485/735/1269 786/494/1269 636/562/1269
f 787/491/1270 484/739/1270 637/564/1270
f 640/571/1271 637/564/1271 499/825/1271
f 465/769/1272 787/491/1272 640/571/1272
f 641/824/1273 603/488/1274 483/574/1275
f 500/577/1276 788/486/1276 641/824/1276
f 644/581/1277 554/826/1278 788/486/1279
f 789/485/1280 454/809/1281 645/582/1282
f 648/589/1283 645/582/1283 501/817/1283
f 481/741/1284 789/485/1284 648/589/1284
f 790/482/1285 480/745/1285 649/591/1285
f 652/598/1286 649/591/1286 502/815/1286
f 468/866/1287 790/482/1287 652/598/1287
f 653/814/1288 599/479/1288 479/601/1288
f 503/604/1289 791/477/1289 653/814/1289
f 656/608/1290 550/816/1290 791/477/1290
f 792/476/1291 458/867/1291 657/609/1291
f 660/616/1292 657/609/1292 504/802/1292
f 477/747/1293 792/476/1293 660/616/1293
f 793/473/1294 476/751/1294 661/618/1294
f 664/625/1295 661/618/1295 505/795/1295
f 452/823/1296 793/473/1296 664/625/1296
f 665/794/1297 595/470/1298 475/628/1299
f 506/631/1300 794/468/1300 665/794/1300
f 668/635/1301 546/801/1302 794/468/1303
f 795/467/1304 467/868/1305 669/636/1306
f 672/643/1307 669/636/1307 507/779/1307
f 473/753/1308 795/467/1308 672/643/1308
f 796/464/1309 472/757/1309 673/645/1309
f 676/652/1310 673/645/1310 508/772/1310
f 447/869/1311 796/464/1311 676/652/1311
f 677/771/1312 591/461/1313 471/655/1314
f 509/658/1315 797/459/1315 677/771/1315
f 680/662/1316 542/778/1317 797/459/1318
f 798/458/1319 468/870/1320 681/663/1321
f 684/670/1322 681/663/1322 510/762/1322
f 469/759/1323 798/458/1323 684/670/1323
f 685/761/1324 528/455/1324 456/673/1324
f 511/676/1325 799/453/741 685/761/1326
f 688/680/1327 579/871/1328 799/453/1329
f 689/755/1330 527/452/1330 455/682/1330
f 512/685/1331 800/450/738 689/755/1332
f 692/689/1333 584/819/1334 800/450/1335
f 693/749/1336 518/449/1336 446/691/1336
f 513/694/1337 801/447/1338 693/749/1339
f 696/698/1340 528/872/1341 801/447/1342
f 697/743/1343 586/446/1343 466/700/1343
f 514/703/1344 802/444/734 697/743/1345
f 700/707/1346 525/764/1347 802/444/1348
f 701/737/1349 583/443/1349 463/709/1349
f 515/712/1350 803/441/1351 701/737/1352
f 704/716/1353 522/873/1354 803/441/1355
f 705/731/1356 580/440/1356 460/718/1356
f 516/721/1357 804/438/730 705/731/1358
f 708/725/1359 519/874/1360 804/438/1361
f 905/875/1362 966/876/1362 1190/877/1362
f 1189/878/1363 812/879/1363 969/880/1363
f 911/881/1364 972/882/1364 1188/883/1364
f 1187/884/1365 806/885/1365 904/886/1365
f 1186/887/1366 809/888/1367 913/889/1368
f 1185/890/1369 806/891/1370 914/892/1371
f 927/893/1372 926/894/1373 1184/895/1374
f 1183/896/1375 825/897/1376 977/898/1377
f 953/899/1378 978/900/1379 1182/901/1380
f 931/902/1381 925/903/1382 1181/904/1383
f 1180/905/1384 826/906/1385 981/907/1386
f 958/908/1387 982/909/1388 1179/910/1389
f 935/911/1390 916/912/1391 1178/913/1392
f 1177/914/1393 827/915/1394 985/916/1395
f 926/917/1396 986/918/1397 1176/919/1398
f 1175/920/1399 822/921/1399 960/922/1399
f 940/923/1400 989/924/1400 1174/925/1400
f 1173/926/1401 821/927/1401 990/928/1401
f 943/929/1402 957/930/1403 1172/931/1404
f 1171/932/1405 829/933/1406 993/934/1407
f 920/935/1408 994/936/1409 1170/937/1410
f 1169/938/1411 816/939/1411 954/940/1411
f 948/941/1412 997/942/1412 1168/943/1412
f 1167/944/1413 815/945/1413 998/946/1413
f 1166/947/1414 878/948/1414 950/949/1414
f 1165/950/1415 879/951/1415 1001/952/1415
f 1164/953/1416 845/954/1416 1002/955/1416
f 1003/956/1417 949/957/1417 1163/958/1417
f 1004/959/1418 1005/960/1418 1162/961/1418
f 996/962/1419 1006/963/1419 1161/964/1419
f 1160/965/1420 834/966/1420 906/967/1420
f 1159/968/1421 881/969/1421 1009/970/1421
f 1158/971/1422 875/972/1422 1010/973/1422
f 1011/974/1423 946/975/1424 1157/976/1425
f 1012/977/1426 1013/978/1427 1156/979/1428
f 968/980/1429 1014/981/1430 1155/982/1431
f 1154/983/1432 873/984/1433 945/985/1434
f 1153/986/1435 883/987/1436 1017/988/1437
f 1152/989/1438 872/990/1439 1018/991/1440
f 1019/992/1441 909/993/1442 1151/994/1443
f 1020/995/1444 1021/996/1445 1150/997/1446
f 991/998/1447 1022/999/1448 1149/1000/1449
f 1148/1001/1450 870/1002/1450 942/1003/1450
f 1147/1004/1451 885/1005/1451 1025/1006/1451
f 1146/1007/1452 851/1008/1452 1026/1009/1452
f 1027/1010/1453 941/1011/1453 1145/1012/1453
f 1028/1013/1454 1029/1014/1454 1144/1015/1454
f 988/1016/1455 1030/1017/1455 1143/1018/1455
f 1142/1019/1456 840/1020/1456 912/1021/1456
f 1141/1022/1457 887/1023/1457 1033/1024/1457
f 1140/1025/1458 867/1026/1458 1034/1027/1458
f 1035/1028/1459 938/1029/1460 1139/1030/1461
f 1036/1031/1462 1037/1032/1463 1138/1033/1464
f 974/1034/1465 1038/1035/1466 1137/1036/1467
f 1136/1037/1468 865/1038/1469 937/1039/1470
f 1135/1040/1471 889/1041/1472 1041/1042/1473
f 1134/1043/1474 864/1044/1475 1042/1045/1476
f 1043/1046/1477 964/1047/1478 1133/1048/1479
f 1044/1049/1480 1045/1050/1481 1132/1051/1482
f 983/1052/1483 1046/1053/1484 1131/1054/1485
f 1047/1055/1486 934/1056/1487 1130/1057/1488
f 1048/1058/1489 1049/1059/1490 1129/1060/1491
f 910/1061/1492 1050/1062/1493 1128/1063/1494
f 1127/1064/1495 861/1065/1496 933/1066/1497
f 1126/1067/1498 892/1068/1498 1053/1069/1498
f 1125/1070/1499 860/1071/1500 1054/1072/1501
f 1055/1073/1502 973/1074/1502 1124/1075/1502
f 1056/1076/1503 1057/1077/1504 1123/1078/1505
f 979/1079/1506 1058/1080/1507 1122/1081/1508
f 1059/1082/1509 930/1083/1510 1121/1084/1511
f 1060/1085/1512 1061/1086/1513 1120/1087/1514
f 905/1088/1515 1062/1089/1516 1119/1090/1517
f 1118/1091/1518 857/1092/1519 929/1093/1520
f 1117/1094/1521 895/1095/1521 1065/1096/1521
f 1116/1097/1522 856/1098/1523 1066/1099/1524
f 1067/1100/1525 974/1101/1525 1115/1102/1525
f 1068/1103/1526 1069/1104/1527 1114/1105/1528
f 975/1106/1529 1070/1107/1530 1113/1108/1531
f 1112/1109/1532 842/1110/1533 962/1111/1534
f 1111/1112/1535 897/1113/1536 1073/1114/1537
f 1110/1115/1538 845/1116/1539 1074/1117/1540
f 1109/1118/1541 841/1119/1542 961/1120/1543
f 1108/1121/1544 898/1122/1545 1077/1123/1546
f 1107/1124/1547 850/1125/1548 1078/1126/1549
f 1106/1127/1550 832/1128/1550 952/1129/1550
f 1105/1130/1551 899/1131/1552 1081/1132/1553
f 1104/1133/1554 842/1134/1555 1082/1135/1556
f 1083/1136/1557 924/1137/1557 1103/1138/1557
f 1084/1139/1558 1085/1140/1558 1102/1141/1558
f 959/1142/1559 1086/1143/1559 1101/1144/1559
f 1100/1145/1560 849/1146/1560 921/1147/1560
f 1099/1148/1561 901/1149/1562 1089/1150/1563
f 1098/1151/1564 836/1152/1565 1090/1153/1566
f 1091/1154/1567 918/1155/1567 1097/1156/1567
f 1092/1157/1568 1093/1158/1568 1096/1159/1568
f 953/1160/1569 1094/1161/1569 1095/1162/1569
f 1095/1162/1570 902/1163/1570 1092/1157/1570
f 998/946/1571 1092/1157/1571 878/948/1571
f 815/945/1572 1095/1162/1572 998/946/1572
f 1096/1159/1573 875/972/1573 995/1164/1573
f 950/949/1574 995/1164/1574 830/1165/1574
f 878/948/1575 1096/1159/1575 950/949/1575
f 1097/1156/1576 816/939/1576 947/1166/1576
f 1093/1158/1577 947/1166/1577 875/972/1577
f 902/1163/1578 1097/1156/1578 1093/1158/1578
f 1088/1167/1579 1090/1153/1580 901/1149/1581
f 874/1168/1582 1098/1151/1564 1088/1167/1583
f 994/936/1409 956/1169/1584 1098/1151/1564
f 991/998/1585 1089/1150/1586 871/1170/1587
f 829/933/1588 1099/1148/1589 991/998/1585
f 946/975/1424 1088/1167/1579 1099/1148/1590
f 943/929/1591 921/1147/1592 819/1171/1593
f 871/1170/1587 1100/1145/1594 943/929/1591
f 1089/1150/1595 1087/1172/1596 1100/1145/1597
f 1101/1144/1598 900/1173/1598 1084/1139/1598
f 990/928/1599 1084/1139/1599 870/1002/1599
f 821/927/1600 1101/1144/1600 990/928/1600
f 1102/1141/1601 867/1026/1601 987/1174/1601
f 942/1003/1602 987/1174/1602 828/1175/1602
f 870/1002/1603 1102/1141/1603 942/1003/1603
f 1103/1138/1604 822/921/1604 939/1176/1604
f 1085/1140/1605 939/1176/1605 867/1026/1605
f 900/1173/1606 1103/1138/1606 1085/1140/1606
f 1080/1177/1607 1082/1135/1608 899/1131/1609
f 866/1178/1610 1104/1133/1554 1080/1177/1611
f 986/918/1397 962/1179/1612 1104/1133/1554
f 983/1052/1613 1081/1132/1614 863/1180/1615
f 827/915/1616 1105/1130/1617 983/1052/1613
f 938/1029/1460 1080/1177/1607 1105/1130/1618
f 935/911/1619 952/1129/1620 814/1181/1621
f 863/1180/1615 1106/1127/1622 935/911/1619
f 1081/1132/1623 1079/1182/1624 1106/1127/1625
f 1076/1183/1626 1078/1126/1626 898/1122/1626
f 862/1184/1627 1107/1124/1628 1076/1183/1629
f 982/909/1630 922/1185/1631 1107/1124/1632
f 979/1079/1633 1077/1123/1546 859/1186/1634
f 826/906/1635 1108/1121/1636 979/1079/1637
f 934/1056/1638 1076/1183/1639 1108/1121/1636
f 931/902/1381 961/1120/1543 823/1187/1640
f 859/1186/1641 1109/1118/1541 931/902/1381
f 1077/1123/1642 1075/1188/1643 1109/1118/1541
f 1072/1189/1644 1074/1117/1644 897/1113/1644
f 858/1190/1645 1110/1115/1646 1072/1189/1647
f 978/900/1648 917/1191/1649 1110/1115/1650
f 975/1106/1651 1073/1114/1537 855/1192/1652
f 825/897/1653 1111/1112/1654 975/1106/1655
f 930/1083/1656 1072/1189/1657 1111/1112/1654
f 927/893/1372 962/1111/1534 824/1193/1658
f 855/1192/1659 1112/1109/1532 927/893/1372
f 1073/1114/1660 1071/1194/1661 1112/1109/1532
f 1113/1108/1662 896/1195/1662 1068/1103/1662
f 977/898/1663 1068/1103/1664 857/1092/1665
f 825/897/1653 1113/1108/1666 977/898/1663
f 1114/1105/1667 839/1196/1668 959/1142/1669
f 929/1093/1670 959/1142/1670 821/927/1670
f 857/1092/1671 1114/1105/1528 929/1093/1672
f 1115/1102/1673 810/1197/1674 911/881/1675
f 1069/1104/1676 911/881/1675 839/1196/1677
f 896/1195/1678 1115/1102/1678 1069/1104/1678
f 1064/1198/1679 1066/1099/1524 895/1095/1680
f 836/1199/1681 1116/1097/1522 1064/1198/1679
f 956/1200/1682 976/1201/1683 1116/1097/1522
f 971/1202/1684 1065/1096/1685 851/1008/1686
f 812/879/1687 1117/1094/1688 971/1202/1684
f 908/1203/1689 1064/1198/1689 1117/1094/1689
f 923/1204/1690 929/1093/1691 821/927/1692
f 851/1008/1686 1118/1091/1693 923/1204/1694
f 1065/1096/1695 1063/1205/1696 1118/1091/1518
f 1119/1090/1697 894/1206/1697 1060/1085/1697
f 968/1207/1698 1060/1085/1698 848/1208/1698
f 808/1209/1699 1119/1090/1517 968/1207/1700
f 1120/1087/1514 856/1098/1523 976/1201/1683
f 920/1210/1701 976/1201/1683 818/1211/1702
f 848/1208/1703 1120/1087/1514 920/1210/1701
f 1121/1084/1511 825/897/1376 928/1212/1704
f 1061/1086/1513 928/1212/1705 856/1098/1706
f 894/1206/1707 1121/1084/1708 1061/1086/1709
f 1122/1081/1710 893/1213/1710 1056/1076/1710
f 981/907/1711 1056/1076/1712 861/1065/1713
f 826/906/1635 1122/1081/1714 981/907/1711
f 1123/1078/1715 831/1214/1716 951/1215/1717
f 933/1066/1718 951/1215/1717 813/1216/1719
f 861/1065/1720 1123/1078/1721 933/1066/1722
f 1124/1075/1723 805/1217/1724 903/1218/1725
f 1057/1077/1726 903/1218/1725 831/1214/1727
f 893/1213/1728 1124/1075/1728 1057/1077/1728
f 1052/1219/1729 1054/1072/1501 892/1068/1730
f 835/1220/1731 1125/1070/1499 1052/1219/1729
f 955/1221/1732 980/1222/1733 1125/1070/1499
f 963/1223/1734 1053/1069/1735 843/1224/1736
f 807/1225/1737 1126/1067/1738 963/1223/1734
f 907/1226/1739 1052/1219/1739 1126/1067/1739
f 915/1227/1740 933/1066/1741 813/1216/1742
f 843/1224/1736 1127/1064/1743 915/1227/1744
f 1053/1069/1745 1051/1228/1746 1127/1064/1747
f 1128/1063/1748 891/1229/1748 1048/1058/1748
f 967/1230/1749 1048/1058/1749 847/1231/1749
f 811/1232/1750 1128/1063/1494 967/1230/1751
f 1129/1060/1491 860/1071/1500 980/1222/1733
f 919/1233/1752 980/1222/1733 817/1234/1753
f 847/1231/1754 1129/1060/1491 919/1233/1752
f 1130/1057/1488 826/906/1385 932/1235/1755
f 1049/1059/1490 932/1235/1756 860/1071/1757
f 891/1229/1758 1130/1057/1759 1049/1059/1760
f 1131/1054/1761 890/1236/1762 1044/1049/1763
f 985/916/1764 1044/1049/1763 865/1038/1765
f 827/915/1394 1131/1054/1485 985/916/1395
f 1132/1051/1482 853/1237/1766 925/1238/1767
f 937/1039/1470 925/1238/1767 823/1239/1768
f 865/1038/1469 1132/1051/1482 937/1039/1470
f 1133/1048/1769 805/1240/1769 973/1241/1769
f 1045/1050/1481 973/1241/1770 853/1237/1766
f 890/1236/1771 1133/1048/1772 1045/1050/1773
f 1040/1242/1774 1042/1045/1775 889/1041/1776
f 840/1020/1777 1134/1043/1778 1040/1242/1779
f 960/922/1780 984/1243/1781 1134/1043/1782
f 913/1244/1783 1041/1042/1783 841/1245/1783
f 809/888/1784 1135/1040/1784 913/1244/1784
f 912/1021/1785 1040/1242/1774 1135/1040/1786
f 961/1246/1787 937/1039/1470 823/1239/1768
f 841/1245/1788 1136/1037/1468 961/1246/1787
f 1041/1042/1789 1039/1247/1790 1136/1037/1468
f 1137/1036/1791 888/1248/1792 1036/1031/1462
f 972/882/1793 1036/1031/1793 852/1249/1793
f 810/1197/1794 1137/1036/1794 972/882/1794
f 1138/1033/1795 864/1044/1796 984/1243/1797
f 924/1137/1798 984/1243/1797 822/921/1799
f 852/1249/1800 1138/1033/1464 924/1137/1801
f 1139/1030/1802 827/915/1616 936/1250/1803
f 1037/1032/1804 936/1250/1803 864/1044/1796
f 888/1248/1792 1139/1030/1461 1037/1032/1463
f 1032/1251/1805 1034/1027/1805 887/1023/1805
f 869/1252/1806 1140/1025/1806 1032/1251/1806
f 989/924/1807 987/1174/1807 1140/1025/1807
f 922/1185/1808 1033/1024/1808 850/1125/1808
f 820/1253/1809 1199/908/1810 1197/1253/1811
f 941/1011/1812 1032/1251/1812 1141/1022/1812
f 1142/1019/1813 1194/1021/1813 1202/1019/1813
f 1033/1024/1814 970/1254/1814 850/1125/1814
f 1033/1024/1815 1031/1255/1815 1142/1019/1815
f 1143/1018/1816 886/1256/1816 1028/1013/1816
f 957/930/1817 1028/1013/1817 837/1257/1817
f 819/1171/1818 1143/1018/1818 957/930/1818
f 910/1061/1819 1029/1014/1819 838/1258/1819
f 809/888/1820 1194/1021/1820 912/1021/1820
f 837/1257/1821 1144/1015/1821 909/993/1821
f 958/908/1822 1204/1012/1823 1199/908/1824
f 1029/1014/1825 958/908/1825 838/1258/1825
f 886/1256/1826 1145/1012/1826 1029/1014/1826
f 1024/1259/1827 1026/1009/1827 885/1005/1827
f 849/1146/1828 1146/1007/1828 1024/1259/1828
f 969/880/1829 971/1202/1829 1146/1007/1829
f 988/1016/1830 1025/1006/1830 868/1260/1830
f 819/1171/1831 1147/1004/1831 988/1016/1831
f 921/1147/1832 1024/1259/1832 1147/1004/1832
f 940/923/1833 942/1003/1833 828/1175/1833
f 868/1260/1834 1148/1001/1834 940/923/1834
f 1025/1006/1835 1023/1261/1835 1148/1001/1835
f 1149/1000/1836 884/1262/1837 1020/995/1838
f 993/934/1839 1020/995/1838 873/984/1840
f 829/933/1406 1149/1000/1449 993/934/1407
f 1150/997/1446 847/1263/1841 919/1264/1842
f 945/985/1434 919/1264/1842 817/1265/1843
f 873/984/1433 1150/997/1446 945/985/1434
f 1151/994/1844 811/1232/1844 967/1266/1844
f 1021/996/1445 967/1266/1845 847/1263/1846
f 884/1262/1847 1151/994/1848 1021/996/1849
f 1016/1267/1850 1018/991/1851 883/987/1852
f 834/966/1853 1152/989/1854 1016/1267/1855
f 954/940/1856 992/1268/1857 1152/989/1858
f 907/1269/1859 1017/988/1860 835/1270/1861
f 807/1271/1862 1153/986/1862 907/1269/1862
f 906/967/1863 1016/1267/1850 1153/986/1864
f 955/1272/1865 945/985/1434 817/1265/1843
f 835/1270/1861 1154/983/1432 955/1272/1865
f 1017/988/1860 1015/1273/1866 1154/983/1432
f 1155/982/1867 882/1274/1868 1012/977/1426
f 966/876/1869 1012/977/1869 846/1275/1869
f 808/1276/1870 1155/982/1870 966/876/1870
f 1156/979/1871 872/990/1872 992/1268/1873
f 918/1155/1874 992/1268/1873 816/939/1875
f 846/1275/1876 1156/979/1428 918/1155/1877
f 1157/976/1878 829/933/1588 944/1277/1879
f 1013/978/1880 944/1277/1879 872/990/1872
f 882/1274/1868 1157/976/1425 1013/978/1427
f 1008/1278/1881 1010/973/1881 881/969/1881
f 877/1279/1882 1158/971/1882 1008/1278/1882
f 997/942/1883 995/1164/1883 1158/971/1883
f 915/1280/1884 1009/970/1884 843/1281/1884
f 1162/961/1885 1205/1282/1885 1217/961/1885
f 949/957/1886 1008/1278/1886 1159/968/1886
f 1160/965/1887 1213/1283/1887 963/1283/1887
f 1009/970/1888 963/1283/1888 843/1281/1888
f 1009/970/1889 1007/1284/1889 1160/965/1889
f 1161/964/1890 880/1285/1890 1004/959/1890
f 916/1286/1891 1004/959/1891 844/1287/1891
f 814/1288/1892 1161/964/1892 916/1286/1892
f 903/1282/1893 1005/960/1893 831/1289/1893
f 1162/961/1894 1214/1290/1894 964/1290/1894
f 844/1287/1895 1162/961/1895 964/1290/1895
f 805/1240/1896 1214/1047/1896 1206/1240/1896
f 1005/960/1897 951/1291/1897 831/1289/1897
f 880/1285/1898 1163/958/1898 1005/960/1898
f 1000/1292/1899 1002/955/1899 879/951/1899
f 832/1293/1900 1164/953/1900 1000/1292/1900
f 904/1294/1901 965/1295/1901 1164/953/1901
f 996/962/1902 1001/952/1902 876/1296/1902
f 814/1288/1903 1165/950/1903 996/962/1903
f 952/1297/1904 1000/1292/1904 1165/950/1904
f 948/941/1905 950/949/1905 830/1165/1905
f 876/1296/1906 1166/947/1906 948/941/1906
f 1001/952/1907 999/1298/1907 1166/947/1907
f 999/1298/1908 998/946/1908 878/948/1908
f 879/951/1909 1167/944/1909 999/1298/1909
f 1002/955/1910 917/1299/1910 1167/944/1910
f 1168/943/1911 877/1279/1911 1003/956/1911
f 1006/963/1912 1003/956/1912 880/1285/1912
f 876/1296/1913 1168/943/1913 1006/963/1913
f 1007/1284/1914 954/940/1914 834/966/1914
f 881/969/1915 1169/938/1915 1007/1284/1915
f 1010/973/1916 947/1166/1916 1169/938/1916
f 1170/937/1410 874/1168/1582 1011/974/1917
f 1014/981/1918 1011/974/1919 882/1274/1920
f 848/1300/1921 1170/937/1410 1014/981/1922
f 1015/1273/1923 993/934/1839 873/984/1840
f 883/987/1436 1171/932/1924 1015/1273/1923
f 1018/991/1440 944/1277/1925 1171/932/1405
f 1172/931/1926 837/1257/1927 1019/992/1928
f 1022/999/1929 1019/992/1928 884/1262/1837
f 871/1170/1930 1172/931/1404 1022/999/1448
f 1023/1261/1931 990/928/1931 870/1002/1931
f 885/1005/1932 1173/926/1932 1023/1261/1932
f 1026/1009/1933 923/1204/1933 1173/926/1933
f 1174/925/1934 869/1252/1934 1027/1010/1934
f 1030/1017/1935 1027/1010/1935 886/1256/1935
f 868/1260/1936 1174/925/1936 1030/1017/1936
f 1031/1255/1937 960/922/1937 840/1020/1937
f 887/1023/1938 1175/920/1938 1031/1255/1938
f 1034/1027/1939 939/1176/1939 1175/920/1939
f 1176/919/1398 866/1178/1610 1035/1028/1940
f 1038/1035/1941 1035/1028/1942 888/1248/1943
f 854/1301/1944 1176/919/1398 1038/1035/1945
f 1039/1247/1946 985/916/1764 865/1038/1765
f 889/1041/1472 1177/914/1947 1039/1247/1946
f 1042/1045/1476 936/1250/1948 1177/914/1393
f 1178/913/1949 844/1302/1950 1043/1046/1951
f 1046/1053/1952 1043/1046/1951 890/1236/1762
f 863/1180/1953 1178/913/1392 1046/1053/1484
f 1179/910/1954 862/1184/1955 1047/1055/1956
f 1050/1062/1957 1047/1055/1957 891/1229/1957
f 838/1258/1958 1179/910/1389 1050/1062/1493
f 1051/1228/1959 981/907/1386 861/1065/1960
f 892/1068/1961 1180/905/1962 1051/1228/1963
f 1054/1072/1964 932/1235/1756 1180/905/1962
f 1181/904/1383 853/1303/1965 1055/1073/1966
f 1058/1080/1507 1055/1073/1967 893/1213/1968
f 859/1186/1634 1181/904/1383 1058/1080/1969
f 1182/901/1970 858/1190/1971 1059/1082/1972
f 1062/1089/1973 1059/1082/1973 894/1206/1973
f 833/1304/1974 1182/901/1380 1062/1089/1516
f 1063/1205/1975 977/898/1377 857/1092/1976
f 895/1095/1977 1183/896/1978 1063/1205/1979
f 1066/1099/1980 928/1212/1705 1183/896/1978
f 1184/895/1374 854/1305/1981 1067/1100/1982
f 1070/1107/1530 1067/1100/1983 896/1195/1984
f 855/1192/1652 1184/895/1374 1070/1107/1985
f 1071/1194/1986 914/892/1986 842/1110/1986
f 897/1113/1987 1185/890/1987 1071/1194/1987
f 1074/1117/1540 965/1306/1988 1185/890/1369
f 1075/1188/1989 913/889/1989 841/1119/1989
f 898/1122/1990 1186/887/1990 1075/1188/1990
f 1078/1126/1549 970/1254/1991 1186/887/1366
f 1079/1182/1624 904/886/1992 832/1128/1993
f 899/1131/1552 1187/884/1994 1079/1182/1995
f 1082/1135/1996 914/1307/1997 1187/884/1998
f 1188/883/1999 852/1249/1999 1083/1136/1999
f 1086/1143/2000 1083/1136/2000 900/1173/2000
f 839/1196/2001 1188/883/2001 1086/1143/2001
f 1087/1172/1596 969/880/2002 849/1146/2003
f 901/1149/1562 1189/878/2004 1087/1172/2005
f 1090/1153/2006 908/1308/2007 1189/878/2008
f 1190/877/2009 846/1275/2009 1091/1154/2009
f 1094/1161/2010 1091/1154/2010 902/1163/2010
f 833/1309/2011 1190/877/2011 1094/1161/2011
f 1197/1253/2012 1201/1022/2012 1196/1185/2012
f 1202/1019/2013 1195/888/2013 1200/1254/2013
f 1192/1232/2014 1203/1015/2014 1193/1061/2014
f 1204/1012/2015 1197/1253/2015 1199/908/2015
f 1144/1015/2016 1191/993/2016 909/993/2016
f 970/1254/2017 1202/1019/2017 1200/1254/2017
f 820/1253/1809 1196/1185/2018 922/1185/2019
f 910/1061/2020 1203/1015/2020 1144/1015/2020
f 811/1232/2021 1191/993/2021 1192/1232/2021
f 941/1011/2022 1201/1022/2022 1198/1011/2022
f 941/1011/2023 1204/1012/2023 1145/1012/2023
f 910/1061/2024 1192/1232/2024 1193/1061/2024
f 970/1254/2025 1195/888/2025 809/888/2025
f 922/1185/2026 1201/1022/2027 1141/1022/2028
f 1210/1310/2029 1215/968/2029 1209/1280/2029
f 1216/965/2030 1208/1271/2030 1213/1283/2030
f 1206/1311/2031 1217/961/2031 1205/1282/2031
f 1218/958/2032 1210/1310/2032 1212/1291/2032
f 807/1271/2033 1207/967/2033 906/967/2033
f 813/1216/2034 1212/1215/2035 1210/1216/2036
f 813/1216/2034 1209/1227/2037 915/1227/2038
f 949/957/2039 1215/968/2039 1211/957/2040
f 949/957/2041 1218/958/2041 1163/958/2041
f 1159/968/2042 1209/1280/2043 1215/968/2044
f 1163/958/2045 1212/1291/2046 951/1291/2047
f 903/1218/2048 1206/1217/2048 1205/1218/2048
f 1160/965/2049 1207/967/2049 1216/965/2049
f 963/1223/2050 1208/1225/2050 807/1225/2050
f 1319/1312/2051 1380/1313/2051 1604/1314/2051
f 1603/1315/2052 1226/1316/2052 1383/1317/2052
f 1325/1318/2053 1386/1319/2053 1602/1320/2053
f 1601/1321/2054 1220/1322/2054 1318/1323/2054
f 1600/1324/2055 1223/1325/2056 1327/1326/2057
f 1599/1327/2058 1220/1328/2059 1328/1329/2060
f 1341/1330/2061 1340/1331/2062 1598/1332/2063
f 1597/1333/2064 1239/1334/2065 1391/1335/2066
f 1367/1336/2067 1392/1337/2068 1596/1338/2069
f 1345/1339/2070 1339/1340/2071 1595/1341/2072
f 1594/1342/2073 1240/1343/2074 1395/1344/2075
f 1372/1345/2076 1396/1346/2077 1593/1347/2078
f 1349/1348/2079 1330/1349/2080 1592/1350/2081
f 1591/1351/2082 1241/1352/2083 1399/1353/2084
f 1340/1354/2085 1400/1355/2086 1590/1356/2087
f 1589/1357/2088 1236/1358/2088 1374/1359/2088
f 1354/1360/2089 1403/1361/2089 1588/1362/2089
f 1587/1363/2090 1235/1364/2090 1404/1365/2090
f 1357/1366/2091 1371/1367/2092 1586/1368/2093
f 1585/1369/2094 1243/1370/2095 1407/1371/2096
f 1334/1372/2097 1408/1373/2098 1584/1374/2099
f 1583/1375/2100 1230/1376/2100 1368/1377/2100
f 1362/1378/2101 1411/1379/2101 1582/1380/2101
f 1581/1381/2102 1229/1382/2102 1412/1383/2102
f 1580/1384/2103 1292/1385/2103 1364/1386/2103
f 1579/1387/2104 1293/1388/2104 1415/1389/2104
f 1578/1390/2105 1259/1391/2105 1416/1392/2105
f 1417/1393/2106 1363/1394/2106 1577/1395/2106
f 1418/1396/2107 1419/1397/2107 1576/1398/2107
f 1410/1399/2108 1420/1400/2108 1575/1401/2108
f 1574/1402/2109 1248/1403/2109 1320/1404/2109
f 1573/1405/2110 1295/1406/2110 1423/1407/2110
f 1572/1408/2111 1289/1409/2111 1424/1410/2111
f 1425/1411/2112 1360/1412/2113 1571/1413/2114
f 1426/1414/2115 1427/1415/2116 1570/1416/2117
f 1382/1417/2118 1428/1418/2119 1569/1419/2120
f 1568/1420/2121 1287/1421/2122 1359/1422/2123
f 1567/1423/2124 1297/1424/2125 1431/1425/2126
f 1566/1426/2127 1286/1427/2128 1432/1428/2129
f 1433/1429/2130 1323/1430/2131 1565/1431/2132
f 1434/1432/2133 1435/1433/2134 1564/1434/2135
f 1405/1435/2136 1436/1436/2137 1563/1437/2138
f 1562/1438/2139 1284/1439/2139 1356/1440/2139
f 1561/1441/2140 1299/1442/2140 1439/1443/2140
f 1560/1444/2141 1265/1445/2141 1440/1446/2141
f 1441/1447/2142 1355/1448/2142 1559/1449/2142
f 1442/1450/2143 1443/1451/2144 1558/1452/2145
f 1402/1453/2146 1444/1454/2146 1557/1455/2146
f 1556/1456/2147 1254/1457/2147 1326/1458/2147
f 1555/1459/2148 1301/1460/2148 1447/1461/2148
f 1554/1462/2149 1281/1463/2149 1448/1464/2149
f 1449/1465/2150 1352/1466/2151 1553/1467/2152
f 1450/1468/2153 1451/1469/2154 1552/1470/2155
f 1388/1471/2156 1452/1472/2157 1551/1473/2158
f 1550/1474/2159 1279/1475/2160 1351/1476/2161
f 1549/1477/2162 1303/1478/2163 1455/1479/2164
f 1548/1480/2165 1278/1481/2166 1456/1482/2167
f 1457/1483/2168 1378/1484/2169 1547/1485/2170
f 1458/1486/2171 1459/1487/2172 1546/1488/2173
f 1397/1489/2174 1460/1490/2175 1545/1491/2176
f 1461/1492/2177 1348/1493/2178 1544/1494/2179
f 1462/1495/2180 1463/1496/2181 1543/1497/2182
f 1324/1498/2183 1464/1499/2184 1542/1500/2185
f 1541/1501/2186 1275/1502/2187 1347/1503/2188
f 1540/1504/2189 1306/1505/2189 1467/1506/2189
f 1539/1507/2190 1274/1508/2191 1468/1509/2192
f 1469/1510/2193 1387/1511/2193 1538/1512/2193
f 1470/1513/2194 1471/1514/2194 1537/1515/2194
f 1393/1516/2195 1472/1517/2196 1536/1518/2197
f 1473/1519/2198 1344/1520/2199 1535/1521/2200
f 1474/1522/2201 1475/1523/2202 1534/1524/2203
f 1319/1525/2204 1476/1526/2205 1533/1527/2206
f 1532/1528/2207 1271/1529/2208 1343/1530/2209
f 1531/1531/2210 1309/1532/2211 1479/1533/2212
f 1530/1534/2213 1270/1535/2214 1480/1536/2215
f 1481/1537/2216 1388/1538/2217 1529/1539/2218
f 1482/1540/2219 1483/1541/2220 1528/1542/2221
f 1389/1543/2222 1484/1544/2223 1527/1545/2224
f 1526/1546/2225 1256/1547/2226 1376/1548/2227
f 1525/1549/2228 1311/1550/2229 1487/1551/2230
f 1524/1552/2231 1259/1553/2232 1488/1554/2233
f 1523/1555/2234 1255/1556/2235 1375/1557/2236
f 1522/1558/2237 1312/1559/2238 1491/1560/2239
f 1521/1561/2240 1264/1562/2241 1492/1563/2242
f 1520/1564/2243 1246/1565/2243 1366/1566/2243
f 1519/1567/2244 1313/1568/2245 1495/1569/2246
f 1518/1570/2247 1256/1571/2248 1496/1572/2249
f 1497/1573/2250 1338/1574/2250 1517/1575/2250
f 1498/1576/2251 1499/1577/2251 1516/1578/2251
f 1373/1579/2252 1500/1580/2252 1515/1581/2252
f 1514/1582/2253 1263/1583/2253 1335/1584/2253
f 1513/1585/2254 1315/1586/2255 1503/1587/2256
f 1512/1588/2257 1250/1589/2258 1504/1590/2259
f 1505/1591/2260 1332/1592/2260 1511/1593/2260
f 1506/1594/2261 1507/1595/2261 1510/1596/2261
f 1367/1597/2262 1508/1598/2262 1509/1599/2262
f 1509/1599/2263 1316/1600/2263 1506/1594/2263
f 1412/1383/2264 1506/1594/2264 1292/1385/2264
f 1229/1382/2265 1509/1599/2265 1412/1383/2265
f 1510/1596/2266 1289/1409/2266 1409/1601/2266
f 1364/1386/2267 1409/1601/2267 1244/1602/2267
f 1292/1385/2268 1510/1596/2268 1364/1386/2268
f 1511/1593/2269 1230/1376/2269 1361/1603/2269
f 1507/1595/2270 1361/1603/2270 1289/1409/2270
f 1316/1600/2271 1511/1593/2271 1507/1595/2271
f 1502/1604/2272 1504/1590/2273 1315/1586/2274
f 1288/1605/2275 1512/1588/2276 1502/1604/2277
f 1408/1373/2098 1370/1606/2278 1512/1588/2276
f 1405/1435/2279 1503/1587/2280 1285/1607/2281
f 1243/1370/2282 1513/1585/2283 1405/1435/2279
f 1360/1412/2113 1502/1604/2272 1513/1585/2284
f 1357/1366/2285 1335/1584/2286 1233/1608/2287
f 1285/1607/2281 1514/1582/2288 1357/1366/2285
f 1503/1587/2289 1501/1609/2290 1514/1582/2291
f 1515/1581/2292 1314/1610/2292 1498/1576/2292
f 1404/1365/2293 1498/1576/2293 1284/1439/2293
f 1235/1364/2294 1515/1581/2294 1404/1365/2294
f 1516/1578/2295 1281/1463/2295 1401/1611/2295
f 1356/1440/2296 1401/1611/2296 1242/1612/2296
f 1284/1439/2297 1516/1578/2297 1356/1440/2297
f 1517/1575/2298 1236/1358/2298 1353/1613/2298
f 1499/1577/2299 1353/1613/2299 1281/1463/2299
f 1314/1610/2300 1517/1575/2300 1499/1577/2300
f 1494/1614/2301 1496/1572/2302 1313/1568/2303
f 1280/1615/2304 1518/1570/2305 1494/1614/2306
f 1400/1355/2086 1376/1616/2307 1518/1570/2305
f 1397/1489/2308 1495/1569/2309 1277/1617/2310
f 1241/1352/2311 1519/1567/2312 1397/1489/2308
f 1352/1466/2151 1494/1614/2301 1519/1567/2313
f 1349/1348/2314 1366/1566/2315 1228/1618/2316
f 1277/1617/2310 1520/1564/2317 1349/1348/2314
f 1495/1569/2318 1493/1619/2319 1520/1564/2320
f 1490/1620/2321 1492/1563/2322 1312/1559/2323
f 1276/1621/2324 1521/1561/2325 1490/1620/2326
f 1396/1346/2327 1336/1622/2328 1521/1561/2329
f 1393/1516/2195 1491/1560/2239 1273/1623/2330
f 1240/1343/2331 1522/1558/2332 1393/1516/2333
f 1348/1493/2334 1490/1620/2335 1522/1558/2332
f 1345/1339/2070 1375/1557/2236 1237/1624/2336
f 1273/1623/2337 1523/1555/2234 1345/1339/2070
f 1491/1560/2338 1489/1625/2339 1523/1555/2234
f 1486/1626/2340 1488/1554/2233 1311/1550/2229
f 1272/1627/2341 1524/1552/2342 1486/1626/2343
f 1392/1337/2344 1331/1628/2345 1524/1552/2342
f 1389/1543/2222 1487/1551/2230 1269/1629/2346
f 1239/1334/2347 1525/1549/2348 1389/1543/2349
f 1344/1520/2350 1486/1626/2343 1525/1549/2348
f 1341/1330/2061 1376/1548/2227 1238/1630/2351
f 1269/1629/2352 1526/1546/2225 1341/1330/2061
f 1487/1551/2353 1485/1631/2354 1526/1546/2225
f 1527/1545/2355 1310/1632/2356 1482/1540/2357
f 1391/1335/2358 1482/1540/2359 1271/1529/2360
f 1239/1334/2347 1527/1545/2361 1391/1335/2358
f 1528/1542/2362 1253/1633/2362 1373/1579/2362
f 1343/1530/2363 1373/1579/2364 1235/1364/2365
f 1271/1529/2360 1528/1542/2366 1343/1530/2363
f 1529/1539/2367 1224/1634/2368 1325/1318/2369
f 1483/1541/2220 1325/1318/2370 1253/1633/2371
f 1310/1632/2356 1529/1539/2367 1483/1541/2372
f 1478/1635/2373 1480/1536/2374 1309/1532/2375
f 1250/1636/2376 1530/1534/2213 1478/1635/2377
f 1370/1637/2378 1390/1638/2379 1530/1534/2213
f 1385/1639/2380 1479/1533/2212 1265/1445/2381
f 1226/1316/2382 1531/1531/2210 1385/1639/2380
f 1322/1640/2383 1478/1635/2373 1531/1531/2384
f 1337/1641/2385 1343/1530/2209 1235/1364/2386
f 1265/1445/2387 1532/1528/2388 1337/1641/2389
f 1479/1533/2390 1477/1642/2391 1532/1528/2388
f 1533/1527/2392 1308/1643/2393 1474/1522/2394
f 1382/1644/2395 1474/1522/2201 1262/1645/2396
f 1222/1646/2397 1533/1527/2206 1382/1644/2398
f 1534/1524/2203 1270/1535/2214 1390/1638/2379
f 1334/1647/2399 1390/1638/2379 1232/1648/2400
f 1262/1645/2396 1534/1524/2203 1334/1647/2399
f 1535/1521/2200 1239/1334/2065 1342/1649/2401
f 1475/1523/2402 1342/1649/2403 1270/1535/2404
f 1308/1643/2393 1535/1521/2405 1475/1523/2402
f 1536/1518/2406 1307/1650/2406 1470/1513/2406
f 1395/1344/2407 1470/1513/2408 1275/1502/2409
f 1240/1343/2331 1536/1518/2410 1395/1344/2407
f 1537/1515/2411 1245/1651/2412 1365/1652/2413
f 1347/1503/2414 1365/1652/2415 1227/1653/2416
f 1275/1502/2417 1537/1515/2418 1347/1503/2419
f 1538/1512/2420 1219/1654/2421 1317/1655/2422
f 1471/1514/2423 1317/1655/2424 1245/1651/2412
f 1307/1650/2425 1538/1512/2425 1471/1514/2425
f 1466/1656/2426 1468/1509/2192 1306/1505/2427
f 1249/1657/2428 1539/1507/2190 1466/1656/2426
f 1369/1658/2429 1394/1659/2430 1539/1507/2190
f 1377/1660/2431 1467/1506/2432 1257/1661/2433
f 1221/1662/2434 1540/1504/2435 1377/1660/2431
f 1321/1663/2436 1466/1656/2436 1540/1504/2436
f 1329/1664/2437 1347/1503/2438 1227/1653/2439
f 1257/1661/2440 1541/1501/2441 1329/1664/2442
f 1467/1506/2443 1465/1665/2443 1541/1501/2443
f 1542/1500/2444 1305/1666/2444 1462/1495/2444
f 1381/1667/2445 1462/1495/2445 1261/1668/2445
f 1225/1669/2446 1542/1500/2185 1381/1667/2447
f 1543/1497/2182 1274/1508/2191 1394/1659/2430
f 1333/1670/2448 1394/1659/2430 1231/1671/2449
f 1261/1668/2450 1543/1497/2182 1333/1670/2448
f 1544/1494/2179 1240/1343/2074 1346/1672/2451
f 1463/1496/2452 1346/1672/2453 1274/1508/2454
f 1305/1666/2455 1544/1494/2456 1463/1496/2452
f 1545/1491/2457 1304/1673/2457 1458/1486/2457
f 1399/1353/2458 1458/1486/2459 1279/1475/2460
f 1241/1352/2083 1545/1491/2176 1399/1353/2084
f 1546/1488/2173 1267/1674/2461 1339/1675/2462
f 1351/1476/2161 1339/1675/2462 1237/1676/2463
f 1279/1475/2160 1546/1488/2173 1351/1476/2161
f 1547/1485/2464 1219/1677/2464 1387/1678/2464
f 1459/1487/2172 1387/1678/2465 1267/1674/2466
f 1304/1673/2467 1547/1485/2468 1459/1487/2469
f 1454/1679/2470 1456/1482/2471 1303/1478/2472
f 1254/1457/2473 1548/1480/2474 1454/1679/2475
f 1374/1359/2476 1398/1680/2477 1548/1480/2165
f 1327/1681/2478 1455/1479/2479 1255/1682/2480
f 1223/1325/2481 1549/1477/2481 1327/1681/2481
f 1326/1458/2482 1454/1679/2470 1549/1477/2483
f 1375/1683/2484 1351/1476/2161 1237/1676/2463
f 1255/1682/2485 1550/1474/2159 1375/1683/2484
f 1455/1479/2479 1453/1684/2486 1550/1474/2159
f 1551/1473/2487 1302/1685/2488 1450/1468/2489
f 1386/1319/2490 1450/1468/2490 1266/1686/2490
f 1224/1634/2491 1551/1473/2487 1386/1319/2492
f 1552/1470/2493 1278/1481/2494 1398/1680/2495
f 1338/1574/2496 1398/1680/2495 1236/1358/2497
f 1266/1686/2498 1552/1470/2498 1338/1574/2498
f 1553/1467/2499 1241/1352/2311 1350/1687/2500
f 1451/1469/2501 1350/1687/2500 1278/1481/2494
f 1302/1685/2502 1553/1467/2503 1451/1469/2504
f 1446/1688/2505 1448/1464/2505 1301/1460/2505
f 1283/1689/2506 1554/1462/2506 1446/1688/2506
f 1403/1361/2507 1401/1611/2507 1554/1462/2507
f 1336/1622/2508 1447/1461/2508 1264/1562/2508
f 1324/1498/2509 1606/1669/2509 1607/1498/2509
f 1355/1448/2510 1446/1688/2510 1555/1459/2510
f 1355/1448/2511 1618/1449/2512 1559/1449/2511
f 1264/1562/2513 1556/1456/2513 1384/1690/2513
f 1447/1461/2514 1445/1691/2515 1556/1456/2516
f 1557/1455/2517 1300/1692/2517 1442/1450/2517
f 1371/1367/2518 1442/1450/2518 1251/1693/2518
f 1233/1608/2519 1557/1455/2519 1371/1367/2519
f 1558/1452/2520 1252/1694/2520 1324/1498/2520
f 1355/1448/2521 1615/1459/2521 1612/1448/2522
f 1251/1693/2523 1558/1452/2523 1323/1430/2523
f 1225/1669/2524 1605/1430/2524 1606/1669/2524
f 1443/1451/2525 1372/1345/2525 1252/1694/2525
f 1300/1692/2526 1559/1449/2526 1443/1451/2526
f 1438/1695/2527 1440/1446/2527 1299/1442/2527
f 1263/1583/2528 1560/1444/2528 1438/1695/2528
f 1383/1317/2529 1385/1639/2529 1560/1444/2529
f 1402/1453/2530 1439/1443/2530 1282/1696/2530
f 1233/1608/2531 1561/1441/2531 1402/1453/2531
f 1335/1584/2532 1438/1695/2532 1561/1441/2532
f 1354/1360/2533 1356/1440/2533 1242/1612/2533
f 1282/1696/2534 1562/1438/2534 1354/1360/2534
f 1439/1443/2535 1437/1697/2535 1562/1438/2535
f 1563/1437/2536 1298/1698/2536 1434/1432/2536
f 1407/1371/2537 1434/1432/2538 1287/1421/2539
f 1243/1370/2095 1563/1437/2138 1407/1371/2096
f 1564/1434/2135 1261/1699/2540 1333/1700/2541
f 1359/1422/2123 1333/1700/2541 1231/1701/2542
f 1287/1421/2122 1564/1434/2135 1359/1422/2123
f 1565/1431/2543 1225/1669/2543 1381/1702/2543
f 1435/1433/2134 1381/1702/2544 1261/1699/2545
f 1298/1698/2546 1565/1431/2547 1435/1433/2548
f 1430/1703/2549 1432/1428/2550 1297/1424/2551
f 1248/1403/2552 1566/1426/2553 1430/1703/2554
f 1368/1377/2555 1406/1704/2556 1566/1426/2127
f 1321/1705/2557 1431/1425/2558 1249/1706/2559
f 1221/1707/2560 1567/1423/2560 1321/1705/2560
f 1320/1404/2561 1430/1703/2549 1567/1423/2562
f 1369/1708/2563 1359/1422/2123 1231/1701/2542
f 1249/1706/2564 1568/1420/2121 1369/1708/2563
f 1431/1425/2558 1429/1709/2565 1568/1420/2121
f 1569/1419/2566 1296/1710/2567 1426/1414/2568
f 1380/1313/2569 1426/1414/2569 1260/1711/2569
f 1222/1712/2570 1569/1419/2566 1380/1313/2571
f 1570/1416/2572 1286/1427/2573 1406/1704/2574
f 1332/1592/2575 1406/1704/2574 1230/1376/2576
f 1260/1711/2577 1570/1416/2577 1332/1592/2577
f 1571/1413/2578 1243/1370/2282 1358/1713/2579
f 1427/1415/2580 1358/1713/2579 1286/1427/2573
f 1296/1710/2581 1571/1413/2582 1427/1415/2583
f 1422/1714/2584 1424/1410/2584 1295/1406/2584
f 1291/1715/2585 1572/1408/2585 1422/1714/2585
f 1411/1379/2586 1409/1601/2586 1572/1408/2586
f 1329/1716/2587 1423/1407/2587 1257/1717/2587
f 1574/1402/2588 1621/1404/2588 1630/1402/2588
f 1363/1394/2589 1422/1714/2589 1573/1405/2589
f 1317/1655/2590 1620/1654/2590 1619/1655/2590
f 1257/1717/2591 1574/1402/2591 1377/1718/2591
f 1423/1407/2592 1421/1719/2592 1574/1402/2592
f 1575/1401/2593 1294/1720/2593 1418/1396/2593
f 1330/1721/2594 1418/1396/2594 1258/1722/2594
f 1228/1723/2595 1575/1401/2595 1330/1721/2595
f 1576/1398/2596 1245/1724/2596 1317/1725/2596
f 1577/1395/2597 1626/1726/2598 1365/1726/2599
f 1258/1722/2600 1576/1398/2600 1378/1727/2600
f 1573/1405/2601 1623/1716/2602 1629/1405/2603
f 1419/1397/2604 1365/1726/2604 1245/1724/2604
f 1294/1720/2605 1577/1395/2605 1419/1397/2605
f 1414/1728/2606 1416/1392/2606 1293/1388/2606
f 1246/1729/2607 1578/1390/2607 1414/1728/2607
f 1318/1730/2608 1379/1731/2608 1578/1390/2608
f 1410/1399/2609 1415/1389/2609 1290/1732/2609
f 1228/1723/2610 1579/1387/2610 1410/1399/2610
f 1366/1733/2611 1414/1728/2611 1579/1387/2611
f 1362/1378/2612 1364/1386/2612 1244/1602/2612
f 1290/1732/2613 1580/1384/2613 1362/1378/2613
f 1415/1389/2614 1413/1734/2614 1580/1384/2614
f 1413/1734/2615 1412/1383/2615 1292/1385/2615
f 1293/1388/2616 1581/1381/2616 1413/1734/2616
f 1416/1392/2617 1331/1735/2617 1581/1381/2617
f 1582/1380/2618 1291/1715/2618 1417/1393/2618
f 1420/1400/2619 1417/1393/2619 1294/1720/2619
f 1290/1732/2620 1582/1380/2620 1420/1400/2620
f 1421/1719/2621 1368/1377/2621 1248/1403/2621
f 1295/1406/2622 1583/1375/2622 1421/1719/2622
f 1424/1410/2623 1361/1603/2623 1583/1375/2623
f 1584/1374/2624 1288/1605/2625 1425/1411/2626
f 1428/1418/2119 1425/1411/2627 1296/1710/2628
f 1262/1736/2629 1584/1374/2624 1428/1418/2630
f 1429/1709/2631 1407/1371/2537 1287/1421/2539
f 1297/1424/2125 1585/1369/2632 1429/1709/2631
f 1432/1428/2129 1358/1713/2633 1585/1369/2094
f 1586/1368/2634 1251/1693/2635 1433/1429/2636
f 1436/1436/2637 1433/1429/2638 1298/1698/2639
f 1285/1607/2640 1586/1368/2093 1436/1436/2137
f 1437/1697/2641 1404/1365/2641 1284/1439/2641
f 1299/1442/2642 1587/1363/2642 1437/1697/2642
f 1440/1446/2643 1337/1641/2643 1587/1363/2643
f 1588/1362/2644 1283/1689/2644 1441/1447/2644
f 1444/1454/2645 1441/1447/2645 1300/1692/2645
f 1282/1696/2646 1588/1362/2646 1444/1454/2646
f 1445/1691/2647 1374/1359/2647 1254/1457/2647
f 1301/1460/2648 1589/1357/2648 1445/1691/2648
f 1448/1464/2649 1353/1613/2649 1589/1357/2649
f 1590/1356/2650 1280/1615/2651 1449/1465/2652
f 1452/1472/2157 1449/1465/2653 1302/1685/2654
f 1268/1737/2655 1590/1356/2650 1452/1472/2656
f 1453/1684/2657 1399/1353/2458 1279/1475/2460
f 1303/1478/2163 1591/1351/2658 1453/1684/2657
f 1456/1482/2167 1350/1687/2659 1591/1351/2082
f 1592/1350/2660 1258/1738/2661 1457/1483/2662
f 1460/1490/2663 1457/1483/2664 1304/1673/2665
f 1277/1617/2666 1592/1350/2081 1460/1490/2175
f 1593/1347/2667 1276/1621/2668 1461/1492/2669
f 1464/1499/2670 1461/1492/2671 1305/1666/2672
f 1252/1694/2673 1593/1347/2674 1464/1499/2675
f 1465/1665/2676 1395/1344/2075 1275/1502/2677
f 1306/1505/2678 1594/1342/2679 1465/1665/2680
f 1468/1509/2681 1346/1672/2453 1594/1342/2679
f 1595/1341/2072 1267/1739/2682 1469/1510/2683
f 1472/1517/2196 1469/1510/2684 1307/1650/2685
f 1273/1623/2337 1595/1341/2072 1472/1517/2686
f 1596/1338/2687 1272/1627/2688 1473/1519/2198
f 1476/1526/2205 1473/1519/2689 1308/1643/2690
f 1247/1740/2691 1596/1338/2692 1476/1526/2693
f 1477/1642/2694 1391/1335/2066 1271/1529/2208
f 1309/1532/2695 1597/1333/2696 1477/1642/2391
f 1480/1536/2697 1342/1649/2403 1597/1333/2696
f 1598/1332/2063 1268/1741/2698 1481/1537/2216
f 1484/1544/2223 1481/1537/2699 1310/1632/2700
f 1269/1629/2352 1598/1332/2063 1484/1544/2701
f 1485/1631/2354 1328/1329/2060 1256/1547/2226
f 1311/1550/2702 1599/1327/2058 1485/1631/2354
f 1488/1554/2703 1379/1742/2704 1599/1327/2705
f 1489/1625/2706 1327/1326/2706 1255/1556/2706
f 1312/1559/2707 1600/1324/2707 1489/1625/2707
f 1492/1563/2708 1384/1690/2709 1600/1324/2055
f 1493/1619/2319 1318/1323/2710 1246/1565/2711
f 1313/1568/2245 1601/1321/2712 1493/1619/2713
f 1496/1572/2302 1328/1743/2714 1601/1321/2715
f 1602/1320/2716 1266/1686/2716 1497/1573/2716
f 1500/1580/2717 1497/1573/2717 1314/1610/2717
f 1253/1633/2718 1602/1320/2718 1500/1580/2718
f 1501/1609/2290 1383/1317/2719 1263/1583/2720
f 1315/1586/2255 1603/1315/2721 1501/1609/2722
f 1504/1590/2273 1322/1744/2723 1603/1315/2724
f 1604/1314/2725 1260/1711/2725 1505/1591/2725
f 1508/1598/2726 1505/1591/2726 1316/1600/2726
f 1247/1745/2727 1604/1314/2727 1508/1598/2727
f 1611/1746/2728 1615/1459/2728 1610/1622/2728
f 1614/1690/2729 1608/1458/2729 1609/1325/2729
f 1605/1430/2730 1607/1498/2730 1606/1669/2730
f 1618/1449/2731 1611/1746/2731 1613/1345/2731
f 1384/1690/2732 1609/1325/2732 1223/1325/2732
f 1555/1459/2733 1610/1622/2734 1615/1459/2735
f 1559/1449/2736 1613/1345/2737 1372/1345/2738
f 1223/1325/2739 1608/1458/2739 1326/1458/2739
f 1556/1456/2740 1608/1458/2740 1616/1456/2740
f 1234/1746/2741 1613/1345/2742 1611/1746/2743
f 1558/1452/2744 1605/1430/2744 1323/1430/2744
f 1384/1690/2745 1616/1456/2745 1614/1690/2745
f 1234/1746/2746 1610/1622/2747 1336/1622/2748
f 1324/1498/2749 1617/1452/2749 1558/1452/2749
f 1624/1747/2750 1629/1405/2750 1623/1716/2750
f 1627/1718/2751 1621/1404/2751 1622/1707/2751
f 1628/1727/2752 1619/1725/2752 1620/1748/2752
f 1632/1395/2753 1624/1747/2753 1626/1726/2753
f 1377/1660/2431 1622/1662/2754 1221/1662/2434
f 1378/1484/2755 1620/1677/2755 1219/1677/2755
f 1576/1398/2756 1628/1727/2756 1378/1727/2756
f 1574/1402/2757 1627/1718/2757 1377/1718/2757
f 1576/1398/2758 1619/1725/2758 1631/1398/2758
f 1320/1404/2759 1622/1707/2759 1621/1404/2759
f 1227/1653/2760 1626/1652/2761 1624/1653/2762
f 1363/1394/2763 1629/1405/2764 1625/1394/2765
f 1227/1653/2766 1623/1664/2767 1329/1664/2768
f 1363/1394/2769 1632/1395/2769 1577/1395/2770
f 2018/1749/2771 1636/1750/2771 1794/1751/2771
f 2017/1752/2772 1640/1753/2772 1797/1754/2772
f 2016/1755/2773 1638/1756/2773 1800/1757/2773
f 2015/1758/2774 1634/1759/2774 1732/1760/2774
f 2014/1761/2775 1637/1762/2775 1741/1763/2775
f 2013/1764/2776 1634/1765/2776 1742/1766/2776
f 1755/1767/2777 1754/1768/2777 2012/1769/2777
f 2011/1770/2778 1653/1771/2778 1805/1772/2779
f 1781/1773/2780 1806/1774/2780 2010/1775/2780
f 1759/1776/2781 1753/1777/2781 2009/1778/2781
f 2008/1779/2782 1654/1780/2782 1809/1781/2783
f 1786/1782/2784 1810/1783/2784 2007/1784/2784
f 1763/1785/2785 1744/1786/2785 2006/1787/2785
f 2005/1788/2786 1655/1789/2786 1813/1790/2787
f 1754/1791/2788 1814/1792/2788 2004/1793/2788
f 1767/1794/2789 1788/1795/2789 2003/1796/2789
f 2002/1797/2790 1656/1798/2790 1817/1799/2791
f 1751/1800/2792 1818/1801/2792 2001/1802/2792
f 1771/1803/2793 1785/1804/2793 2000/1805/2793
f 1999/1806/2794 1657/1807/2794 1821/1808/2795
f 1748/1809/2796 1822/1810/2796 1998/1811/2796
f 1775/1812/2797 1782/1813/2797 1997/1814/2797
f 1996/1815/2798 1658/1816/2798 1825/1817/2799
f 1745/1818/2800 1826/1819/2800 1995/1820/2800
f 1827/1821/2801 1778/1822/2802 1994/1823/2803
f 1828/1824/2804 1829/1825/2804 1993/1826/2804
f 1793/1827/2805 1830/1828/2805 1992/1829/2805
f 1991/1830/2806 1705/1831/2806 1777/1832/2806
f 1990/1833/2807 1708/1834/2807 1833/1835/2807
f 1989/1836/2808 1704/1837/2808 1834/1838/2808
f 1835/1839/2809 1734/1840/2809 1988/1841/2809
f 1836/1842/2810 1837/1843/2810 1987/1844/2810
f 1823/1845/2811 1838/1846/2812 1986/1847/2813
f 1839/1848/2814 1774/1849/2815 1985/1850/2816
f 1840/1851/2817 1841/1852/2817 1984/1853/2817
f 1796/1854/2818 1842/1855/2818 1983/1856/2818
f 1982/1857/2819 1701/1858/2819 1773/1859/2819
f 1981/1860/2820 1711/1861/2820 1845/1862/2820
f 1980/1863/2821 1700/1864/2821 1846/1865/2821
f 1847/1866/2822 1737/1867/2822 1979/1868/2822
f 1848/1869/2823 1849/1870/2823 1978/1871/2823
f 1819/1872/2824 1850/1873/2825 1977/1874/2826
f 1851/1875/2827 1770/1876/2828 1976/1877/2829
f 1852/1878/2830 1853/1879/2830 1975/1880/2830
f 1799/1881/2831 1854/1882/2831 1974/1883/2831
f 1973/1884/2832 1697/1885/2832 1769/1886/2832
f 1972/1887/2833 1714/1888/2833 1857/1889/2833
f 1971/1890/2834 1696/1891/2834 1858/1892/2834
f 1859/1893/2835 1740/1894/2835 1970/1895/2835
f 1860/1896/2836 1861/1897/2836 1969/1898/2836
f 1815/1899/2837 1862/1900/2838 1968/1901/2839
f 1863/1902/2840 1766/1903/2841 1967/1904/2842
f 1864/1905/2843 1865/1906/2843 1966/1907/2843
f 1802/1908/2844 1866/1909/2844 1965/1910/2844
f 1964/1911/2845 1693/1912/2845 1765/1913/2845
f 1963/1914/2846 1717/1915/2846 1869/1916/2846
f 1962/1917/2847 1692/1918/2847 1870/1919/2847
f 1871/1920/2848 1792/1921/2848 1961/1922/2848
f 1872/1923/2849 1873/1924/2849 1960/1925/2849
f 1811/1926/2850 1874/1927/2851 1959/1928/2852
f 1875/1929/2853 1762/1930/2854 1958/1931/2855
f 1876/1932/2856 1877/1933/2856 1957/1934/2856
f 1738/1935/2857 1878/1936/2857 1956/1937/2857
f 1955/1938/2858 1689/1939/2858 1761/1940/2858
f 1954/1941/2859 1720/1942/2859 1881/1943/2859
f 1953/1944/2860 1688/1945/2860 1882/1946/2860
f 1883/1947/2861 1801/1948/2861 1952/1949/2861
f 1884/1950/2862 1885/1951/2862 1951/1952/2862
f 1807/1953/2863 1886/1954/2864 1950/1955/2865
f 1887/1956/2866 1758/1957/2867 1949/1958/2868
f 1888/1959/2869 1889/1960/2869 1948/1961/2869
f 1733/1962/2870 1890/1963/2870 1947/1964/2870
f 1946/1965/2871 1685/1966/2871 1757/1967/2871
f 1945/1968/2872 1723/1969/2872 1893/1970/2872
f 1944/1971/2873 1684/1972/2873 1894/1973/2873
f 1895/1974/2874 1802/1975/2874 1943/1976/2874
f 1896/1977/2875 1897/1978/2875 1942/1979/2875
f 1803/1980/2876 1898/1981/2877 1941/1982/2878
f 1940/1983/2879 1670/1984/2879 1790/1985/2879
f 1939/1986/2880 1725/1987/2880 1901/1988/2880
f 1938/1989/2881 1673/1990/2881 1902/1991/2881
f 1937/1992/2882 1669/1993/2882 1789/1994/2882
f 1936/1995/2883 1726/1996/2883 1905/1997/2883
f 1935/1998/2884 1678/1999/2884 1906/2000/2884
f 1934/2001/2885 1660/2002/2885 1780/2003/2885
f 1933/2004/2886 1727/2005/2886 1909/2006/2886
f 1932/2007/2887 1670/2008/2887 1910/2009/2887
f 1931/2010/2888 1680/2011/2888 1752/2012/2888
f 1930/2013/2889 1728/2014/2889 1913/2015/2889
f 1929/2016/2890 1667/2017/2890 1914/2018/2890
f 1928/2019/2891 1677/2020/2891 1749/2021/2891
f 1927/2022/2892 1729/2023/2892 1917/2024/2892
f 1926/2025/2893 1664/2026/2893 1918/2027/2893
f 1925/2028/2894 1674/2029/2894 1746/2030/2894
f 1924/2031/2895 1730/2032/2895 1921/2033/2895
f 1923/2034/2896 1661/2035/2896 1922/2036/2896
f 1920/2037/2897 1922/2036/2897 1730/2032/2897
f 1706/2038/2898 1923/2034/2898 1920/2037/2898
f 1826/1819/2899 1781/2039/2899 1923/2034/2899
f 1823/1845/2900 1921/2033/2901 1703/2040/2902
f 1658/1816/2903 1924/2031/2903 1823/1845/2904
f 1778/1822/2905 1920/2037/2906 1924/2031/2907
f 1775/1812/2908 1746/2030/2908 1644/2041/2908
f 1703/2040/2909 1925/2028/2909 1775/1812/2909
f 1921/2033/2910 1919/2042/2910 1925/2028/2910
f 1916/2043/2911 1918/2027/2911 1729/2023/2911
f 1702/2044/2912 1926/2025/2912 1916/2043/2912
f 1822/1810/2913 1784/2045/2913 1926/2025/2913
f 1819/1872/2914 1917/2024/2915 1699/2046/2916
f 1657/1807/2917 1927/2022/2917 1819/1872/2918
f 1774/1849/2919 1916/2043/2920 1927/2022/2921
f 1771/1803/2922 1749/2021/2922 1647/2047/2922
f 1699/2046/2923 1928/2019/2923 1771/1803/2923
f 1917/2024/2924 1915/2048/2924 1928/2019/2924
f 1912/2049/2925 1914/2018/2925 1728/2014/2925
f 1698/2050/2926 1929/2016/2926 1912/2049/2926
f 1818/1801/2927 1787/2051/2927 1929/2016/2927
f 1815/1899/2928 1913/2015/2929 1695/2052/2930
f 1656/1798/2931 1930/2013/2931 1815/1899/2932
f 1770/1876/2933 1912/2049/2934 1930/2013/2935
f 1767/1794/2936 1752/2012/2936 1650/2053/2936
f 1695/2052/2937 1931/2010/2937 1767/1794/2937
f 1913/2015/2938 1911/2054/2938 1931/2010/2938
f 1908/2055/2939 1910/2009/2939 1727/2005/2939
f 1694/2056/2940 1932/2007/2940 1908/2055/2940
f 1814/1792/2941 1790/2057/2941 1932/2007/2941
f 1811/1926/2942 1909/2006/2943 1691/2058/2944
f 1655/1789/2945 1933/2004/2945 1811/1926/2946
f 1766/1903/2947 1908/2055/2948 1933/2004/2949
f 1763/1785/2950 1780/2003/2950 1642/2059/2950
f 1691/2058/2951 1934/2001/2951 1763/1785/2951
f 1909/2006/2952 1907/2060/2952 1934/2001/2952
f 1904/2061/2953 1906/2000/2953 1726/1996/2953
f 1690/2062/2954 1935/1998/2954 1904/2061/2954
f 1810/1783/2955 1750/2063/2955 1935/1998/2955
f 1807/1953/2956 1905/1997/2957 1687/2064/2958
f 1654/1780/2959 1936/1995/2959 1807/1953/2960
f 1762/1930/2961 1904/2061/2962 1936/1995/2963
f 1759/1776/2964 1789/1994/2964 1651/2065/2964
f 1687/2064/2965 1937/1992/2965 1759/1776/2965
f 1905/1997/2966 1903/2066/2966 1937/1992/2966
f 1900/2067/2967 1902/1991/2967 1725/1987/2967
f 1686/2068/2968 1938/1989/2968 1900/2067/2968
f 1806/1774/2969 1745/2069/2969 1938/1989/2969
f 1803/1980/2970 1901/1988/2971 1683/2070/2972
f 1653/1771/2973 1939/1986/2973 1803/1980/2974
f 1758/1957/2975 1900/2067/2976 1939/1986/2977
f 1755/1767/2978 1790/1985/2978 1652/2071/2978
f 1683/2070/2979 1940/1983/2979 1755/1767/2979
f 1901/1988/2980 1899/2072/2980 1940/1983/2980
f 1941/1982/2981 1724/2073/2981 1896/1977/2981
f 1805/1772/2982 1896/1977/2983 1685/1966/2984
f 1653/1771/2985 1941/1982/2985 1805/1772/2986
f 1942/1979/2987 1667/2017/2987 1787/2051/2987
f 1757/1967/2988 1787/2051/2988 1649/2074/2988
f 1685/1966/2989 1942/1979/2989 1757/1967/2989
f 1943/1976/2990 1638/1756/2990 1739/2075/2990
f 1897/1978/2991 1739/2075/2991 1667/2017/2991
f 1724/2073/2992 1943/1976/2992 1897/1978/2992
f 1892/2076/2993 1894/1973/2993 1723/1969/2993
f 1664/2077/2994 1944/1971/2994 1892/2076/2994
f 1784/2078/2995 1804/2079/2995 1944/1971/2995
f 1799/1881/2996 1893/1970/2996 1679/2080/2996
f 1640/1753/2997 1945/1968/2997 1799/1881/2997
f 1736/2081/2998 1892/2076/2998 1945/1968/2998
f 1751/1800/2999 1757/1967/2999 1649/2074/2999
f 1679/2080/3000 1946/1965/3000 1751/1800/3000
f 1893/1970/3001 1891/2082/3001 1946/1965/3001
f 1947/1964/3002 1722/2083/3002 1888/1959/3002
f 1796/2084/3003 1888/1959/3003 1676/2085/3003
f 1636/2086/3004 1947/1964/3004 1796/2084/3004
f 1948/1961/3005 1684/1972/3005 1804/2079/3005
f 1748/2087/3006 1804/2079/3006 1646/2088/3006
f 1676/2085/3007 1948/1961/3007 1748/2087/3007
f 1949/1958/3008 1653/1771/3008 1756/2089/3009
f 1889/1960/3010 1756/2089/3011 1684/1972/3012
f 1722/2083/3013 1949/1958/3013 1889/1960/3013
f 1950/1955/3014 1721/2090/3014 1884/1950/3014
f 1809/1781/3015 1884/1950/3016 1689/1939/3017
f 1654/1780/3018 1950/1955/3018 1809/1781/3019
f 1951/1952/3020 1659/2091/3020 1779/2092/3020
f 1761/1940/3021 1779/2092/3021 1641/2093/3021
f 1689/1939/3022 1951/1952/3022 1761/1940/3022
f 1952/1949/3023 1633/2094/3023 1731/2095/3023
f 1885/1951/3024 1731/2095/3024 1659/2091/3024
f 1721/2090/3025 1952/1949/3025 1885/1951/3025
f 1880/2096/3026 1882/1946/3026 1720/1942/3026
f 1663/2097/3027 1953/1944/3027 1880/2096/3027
f 1783/2098/3028 1808/2099/3028 1953/1944/3028
f 1791/2100/3029 1881/1943/3029 1671/2101/3029
f 1635/2102/3030 1954/1941/3030 1791/2100/3030
f 1735/2103/3031 1880/2096/3031 1954/1941/3031
f 1743/2104/3032 1761/1940/3032 1641/2093/3032
f 1671/2101/3033 1955/1938/3033 1743/2104/3033
f 1881/1943/3034 1879/2105/3034 1955/1938/3034
f 1956/1937/3035 1719/2106/3035 1876/1932/3035
f 1795/2107/3036 1876/1932/3036 1675/2108/3036
f 1639/2109/3037 1956/1937/3037 1795/2107/3037
f 1957/1934/3038 1688/1945/3038 1808/2099/3038
f 1747/2110/3039 1808/2099/3039 1645/2111/3039
f 1675/2108/3040 1957/1934/3040 1747/2110/3040
f 1958/1931/3041 1654/1780/3041 1760/2112/3042
f 1877/1933/3043 1760/2112/3044 1688/1945/3045
f 1719/2106/3046 1958/1931/3046 1877/1933/3046
f 1959/1928/3047 1718/2113/3047 1872/1923/3047
f 1813/1790/3048 1872/1923/3049 1693/1912/3050
f 1655/1789/3051 1959/1928/3051 1813/1790/3052
f 1960/1925/3053 1681/2114/3053 1753/2115/3053
f 1765/1913/3054 1753/2115/3054 1651/2116/3054
f 1693/1912/3055 1960/1925/3055 1765/1913/3055
f 1961/1922/3056 1633/2117/3056 1801/2118/3056
f 1873/1924/3057 1801/2118/3057 1681/2114/3057
f 1718/2113/3058 1961/1922/3058 1873/1924/3058
f 1868/2119/3059 1870/1919/3059 1717/1915/3059
f 1668/2120/3060 1962/1917/3060 1868/2119/3060
f 1788/1795/3061 1812/2121/3061 1962/1917/3061
f 1741/2122/3062 1869/1916/3062 1669/2123/3062
f 1637/1762/3063 1963/1914/3063 1741/2122/3063
f 1740/1894/3064 1868/2119/3064 1963/1914/3064
f 1789/2124/3065 1765/1913/3065 1651/2116/3065
f 1669/2123/3066 1964/1911/3066 1789/2124/3066
f 1869/1916/3067 1867/2125/3067 1964/1911/3067
f 1965/1910/3068 1716/2126/3068 1864/1905/3068
f 1800/1757/3069 1864/1905/3069 1680/2011/3069
f 1638/1756/3070 1965/1910/3070 1800/1757/3070
f 1966/1907/3071 1692/1918/3071 1812/2121/3071
f 1752/2012/3072 1812/2121/3072 1650/2053/3072
f 1680/2011/3073 1966/1907/3073 1752/2012/3073
f 1967/1904/3074 1655/1789/3074 1764/2127/3075
f 1865/1906/3076 1764/2127/3077 1692/1918/3078
f 1716/2126/3079 1967/1904/3079 1865/1906/3079
f 1968/1901/3080 1715/2128/3080 1860/1896/3080
f 1817/1799/3081 1860/1896/3082 1697/1885/3083
f 1656/1798/3084 1968/1901/3084 1817/1799/3085
f 1969/1898/3086 1678/1999/3086 1750/2063/3086
f 1769/1886/3087 1750/2063/3087 1648/2129/3087
f 1697/1885/3088 1969/1898/3088 1769/1886/3088
f 1970/1895/3089 1637/1762/3089 1798/2130/3089
f 1861/1897/3090 1798/2130/3090 1678/1999/3090
f 1715/2128/3091 1970/1895/3091 1861/1897/3091
f 1856/2131/3092 1858/1892/3092 1714/1888/3092
f 1665/2132/3093 1971/1890/3093 1856/2131/3093
f 1785/1804/3094 1816/2133/3094 1971/1890/3094
f 1738/1935/3095 1857/1889/3095 1666/2134/3095
f 1639/2109/3096 1972/1887/3096 1738/1935/3096
f 1737/1867/3097 1856/2131/3097 1972/1887/3097
f 1786/1782/3098 1769/1886/3098 1648/2129/3098
f 1666/2134/3099 1973/1884/3099 1786/1782/3099
f 1857/1889/3100 1855/2135/3100 1973/1884/3100
f 1974/1883/3101 1713/2136/3101 1852/1878/3101
f 1797/1754/3102 1852/1878/3102 1677/2020/3102
f 1640/1753/3103 1974/1883/3103 1797/1754/3103
f 1975/1880/3104 1696/1891/3104 1816/2133/3104
f 1749/2021/3105 1816/2133/3105 1647/2047/3105
f 1677/2020/3106 1975/1880/3106 1749/2021/3106
f 1976/1877/3107 1656/1798/3107 1768/2137/3108
f 1853/1879/3109 1768/2137/3110 1696/1891/3111
f 1713/2136/3112 1976/1877/3112 1853/1879/3112
f 1977/1874/3113 1712/2138/3113 1848/1869/3113
f 1821/1808/3114 1848/1869/3115 1701/1858/3116
f 1657/1807/3117 1977/1874/3117 1821/1808/3118
f 1978/1871/3119 1675/2139/3119 1747/2140/3119
f 1773/1859/3120 1747/2140/3120 1645/2141/3120
f 1701/1858/3121 1978/1871/3121 1773/1859/3121
f 1979/1868/3122 1639/2109/3122 1795/2142/3122
f 1849/1870/3123 1795/2142/3123 1675/2139/3123
f 1712/2138/3124 1979/1868/3124 1849/1870/3124
f 1844/2143/3125 1846/1865/3125 1711/1861/3125
f 1662/2144/3126 1980/1863/3126 1844/2143/3126
f 1782/1813/3127 1820/2145/3127 1980/1863/3127
f 1735/2146/3128 1845/1862/3128 1663/2147/3128
f 1635/2148/3129 1981/1860/3129 1735/2146/3129
f 1734/1840/3130 1844/2143/3130 1981/1860/3130
f 1783/2149/3131 1773/1859/3131 1645/2141/3131
f 1663/2147/3132 1982/1857/3132 1783/2149/3132
f 1845/1862/3133 1843/2150/3133 1982/1857/3133
f 1983/1856/3134 1710/2151/3134 1840/1851/3134
f 1794/1751/3135 1840/1851/3135 1674/2029/3135
f 1636/1750/3136 1983/1856/3136 1794/1751/3136
f 1984/1853/3137 1700/1864/3137 1820/2145/3137
f 1746/2030/3138 1820/2145/3138 1644/2041/3138
f 1674/2029/3139 1984/1853/3139 1746/2030/3139
f 1985/1850/3140 1657/1807/3140 1772/2152/3141
f 1841/1852/3142 1772/2152/3143 1700/1864/3144
f 1710/2151/3145 1985/1850/3145 1841/1852/3145
f 1986/1847/3146 1709/2153/3146 1836/1842/3146
f 1825/1817/3147 1836/1842/3148 1705/1831/3149
f 1658/1816/3150 1986/1847/3150 1825/1817/3151
f 1987/1844/3152 1671/2154/3152 1743/2155/3152
f 1777/1832/3153 1743/2155/3153 1641/2156/3153
f 1705/1831/3154 1987/1844/3154 1777/1832/3154
f 1988/1841/3155 1635/2148/3155 1791/2157/3155
f 1837/1843/3156 1791/2157/3156 1671/2154/3156
f 1709/2153/3157 1988/1841/3157 1837/1843/3157
f 1832/2158/3158 1834/1838/3158 1708/1834/3158
f 1672/2159/3159 1989/1836/3159 1832/2158/3159
f 1744/2160/3160 1824/2161/3160 1989/1836/3160
f 1731/2162/3161 1833/1835/3161 1659/2163/3161
f 1633/2164/3162 1990/1833/3162 1731/2162/3162
f 1792/2165/3163 1832/2158/3163 1990/1833/3163
f 1779/2166/3164 1777/1832/3164 1641/2156/3164
f 1659/2163/3165 1991/1830/3165 1779/2166/3165
f 1833/1835/3166 1831/2167/3166 1991/1830/3166
f 1992/1829/3167 1707/2168/3167 1828/1824/3167
f 1732/2169/3168 1828/1824/3168 1660/2170/3168
f 1634/2171/3169 1992/1829/3169 1732/2169/3169
f 1993/1826/3170 1704/1837/3170 1824/2161/3170
f 1780/2172/3171 1824/2161/3171 1642/2173/3171
f 1660/2170/3172 1993/1826/3172 1780/2172/3172
f 1994/1823/3173 1658/1816/3173 1776/2174/3174
f 1829/1825/3175 1776/2174/3176 1704/1837/3177
f 1707/2168/3178 1994/1823/3178 1829/1825/3178
f 1995/1820/3179 1706/2038/3179 1827/1821/3179
f 1830/1828/3180 1827/1821/3180 1707/2168/3180
f 1673/2175/3181 1995/1820/3181 1830/1828/3181
f 1831/2167/3182 1825/1817/3183 1705/1831/3184
f 1708/1834/3185 1996/1815/3185 1831/2167/3185
f 1834/1838/3186 1776/2174/3187 1996/1815/3188
f 1997/1814/3189 1662/2144/3189 1835/1839/3189
f 1838/1846/3190 1835/1839/3190 1709/2153/3190
f 1703/2040/3191 1997/1814/3191 1838/1846/3191
f 1998/1811/3192 1702/2044/3192 1839/1848/3192
f 1842/1855/3193 1839/1848/3193 1710/2151/3193
f 1676/2176/3194 1998/1811/3194 1842/1855/3194
f 1843/2150/3195 1821/1808/3196 1701/1858/3197
f 1711/1861/3198 1999/1806/3198 1843/2150/3198
f 1846/1865/3199 1772/2152/3200 1999/1806/3201
f 2000/1805/3202 1665/2132/3202 1847/1866/3202
f 1850/1873/3203 1847/1866/3203 1712/2138/3203
f 1699/2046/3204 2000/1805/3204 1850/1873/3204
f 2001/1802/3205 1698/2050/3205 1851/1875/3205
f 1854/1882/3206 1851/1875/3206 1713/2136/3206
f 1679/2080/3207 2001/1802/3207 1854/1882/3207
f 1855/2135/3208 1817/1799/3209 1697/1885/3210
f 1714/1888/3211 2002/1797/3211 1855/2135/3211
f 1858/1892/3212 1768/2137/3213 2002/1797/3214
f 2003/1796/3215 1668/2120/3215 1859/1893/3215
f 1862/1900/3216 1859/1893/3216 1715/2128/3216
f 1695/2052/3217 2003/1796/3217 1862/1900/3217
f 2004/1793/3218 1694/2056/3218 1863/1902/3218
f 1866/1909/3219 1863/1902/3219 1716/2126/3219
f 1682/2177/3220 2004/1793/3220 1866/1909/3220
f 1867/2125/3221 1813/1790/3222 1693/1912/3223
f 1717/1915/3224 2005/1788/3224 1867/2125/3224
f 1870/1919/3225 1764/2127/3226 2005/1788/3227
f 2006/1787/3228 1672/2178/3228 1871/1920/3228
f 1874/1927/3229 1871/1920/3229 1718/2113/3229
f 1691/2058/3230 2006/1787/3230 1874/1927/3230
f 2007/1784/3231 1690/2062/3231 1875/1929/3231
f 1878/1936/3232 1875/1929/3232 1719/2106/3232
f 1666/2134/3233 2007/1784/3233 1878/1936/3233
f 1879/2105/3234 1809/1781/3235 1689/1939/3236
f 1720/1942/3237 2008/1779/3237 1879/2105/3237
f 1882/1946/3238 1760/2112/3239 2008/1779/3240
f 2009/1778/3241 1681/2179/3241 1883/1947/3241
f 1886/1954/3242 1883/1947/3242 1721/2090/3242
f 1687/2064/3243 2009/1778/3243 1886/1954/3243
f 2010/1775/3244 1686/2068/3244 1887/1956/3244
f 1890/1963/3245 1887/1956/3245 1722/2083/3245
f 1661/2180/3246 2010/1775/3246 1890/1963/3246
f 1891/2082/3247 1805/1772/3248 1685/1966/3249
f 1723/1969/3250 2011/1770/3250 1891/2082/3250
f 1894/1973/3251 1756/2089/3252 2011/1770/3253
f 2012/1769/3254 1682/2181/3254 1895/1974/3254
f 1898/1981/3255 1895/1974/3255 1724/2073/3255
f 1683/2070/3256 2012/1769/3256 1898/1981/3256
f 1899/2072/3257 1742/1766/3257 1670/1984/3257
f 1725/1987/3258 2013/1764/3258 1899/2072/3258
f 1902/1991/3259 1793/2182/3259 2013/1764/3259
f 1903/2066/3260 1741/1763/3260 1669/1993/3260
f 1726/1996/3261 2014/1761/3261 1903/2066/3261
f 1906/2000/3262 1798/2130/3262 2014/1761/3262
f 1907/2060/3263 1732/1760/3263 1660/2002/3263
f 1727/2005/3264 2015/1758/3264 1907/2060/3264
f 1910/2009/3265 1742/2183/3265 2015/1758/3265
f 1911/2054/3266 1800/1757/3266 1680/2011/3266
f 1728/2014/3267 2016/1755/3267 1911/2054/3267
f 1914/2018/3268 1739/2075/3268 2016/1755/3268
f 1915/2048/3269 1797/1754/3269 1677/2020/3269
f 1729/2023/3270 2017/1752/3270 1915/2048/3270
f 1918/2027/3271 1736/2184/3271 2017/1752/3271
f 1919/2042/3272 1794/1751/3272 1674/2029/3272
f 1730/2032/3273 2018/1749/3273 1919/2042/3273
f 1922/2036/3274 1733/2185/3274 2018/1749/3274
f 2404/2186/3275 2022/2187/3275 2180/2188/3275
f 2403/2189/3276 2026/2190/3276 2183/2191/3276
f 2402/2192/3277 2024/2193/3277 2186/2194/3277
f 2401/2195/3278 2020/2196/3278 2118/2197/3278
f 2400/2198/3279 2023/2199/3279 2127/2200/3279
f 2399/2201/3280 2020/2202/3280 2128/2203/3280
f 2141/2204/3281 2140/2205/3281 2398/2206/3281
f 2397/2207/2778 2039/2208/2778 2191/2209/2779
f 2167/2210/2780 2192/2211/2780 2396/2212/2780
f 2145/2213/3282 2139/2214/3282 2395/2215/3282
f 2394/2216/2782 2040/2217/2782 2195/2218/2783
f 2172/2219/2784 2196/2220/2784 2393/2221/2784
f 2149/2222/2785 2130/2223/2785 2392/2224/2785
f 2391/2225/2786 2041/2226/2786 2199/2227/3283
f 2140/2228/3284 2200/2229/3284 2390/2230/3284
f 2153/2231/2789 2174/2232/2789 2389/2233/2789
f 2388/2234/2790 2042/2235/2790 2203/2236/2791
f 2137/2237/2792 2204/2238/2792 2387/2239/2792
f 2157/2240/3285 2171/2241/3285 2386/2242/3285
f 2385/2243/2794 2043/2244/2794 2207/2245/2795
f 2134/2246/3286 2208/2247/3286 2384/2248/3286
f 2161/2249/3287 2168/2250/3287 2383/2251/3287
f 2382/2252/2798 2044/2253/2798 2211/2254/2799
f 2131/2255/2800 2212/2256/2800 2381/2257/2800
f 2213/2258/3288 2164/2259/3289 2380/2260/2803
f 2214/2261/3290 2215/2262/3290 2379/2263/3290
f 2179/2264/3291 2216/2265/3291 2378/2266/3291
f 2377/2267/3292 2091/2268/3292 2163/2269/3292
f 2376/2270/2807 2094/2271/2807 2219/2272/2807
f 2375/2273/3293 2090/2274/3293 2220/2275/3293
f 2221/2276/3294 2120/2277/3294 2374/2278/3294
f 2222/2279/3295 2223/2280/3295 2373/2281/3295
f 2209/2282/3296 2224/2283/3297 2372/2284/3298
f 2225/2285/3299 2160/2286/2815 2371/2287/2816
f 2226/2288/2817 2227/2289/2817 2370/2290/2817
f 2182/2291/2818 2228/2292/2818 2369/2293/2818
f 2368/2294/3300 2087/2295/3300 2159/2296/3300
f 2367/2297/3301 2097/2298/3301 2231/2299/3301
f 2366/2300/3302 2086/2301/3302 2232/2302/3302
f 2233/2303/3303 2123/2304/3303 2365/2305/3303
f 2234/2306/2823 2235/2307/2823 2364/2308/2823
f 2205/2309/2824 2236/2310/3304 2363/2311/3305
f 2237/2312/3306 2156/2313/3307 2362/2314/3308
f 2238/2315/3309 2239/2316/3309 2361/2317/3309
f 2185/2318/3310 2240/2319/3310 2360/2320/3310
f 2359/2321/3311 2083/2322/3311 2155/2323/3311
f 2358/2324/3312 2100/2325/3312 2243/2326/3312
f 2357/2327/3313 2082/2328/3313 2244/2329/3313
f 2245/2330/3314 2126/2331/3314 2356/2332/3314
f 2246/2333/2836 2247/2334/2836 2355/2335/2836
f 2201/2336/3315 2248/2337/2838 2354/2338/2839
f 2249/2339/2840 2152/2340/3316 2353/2341/2842
f 2250/2342/2843 2251/2343/2843 2352/2344/2843
f 2188/2345/2844 2252/2346/2844 2351/2347/2844
f 2350/2348/2845 2079/2349/2845 2151/2350/2845
f 2349/2351/3317 2103/2352/3317 2255/2353/3317
f 2348/2354/3318 2078/2355/3318 2256/2356/3318
f 2257/2357/2848 2178/2358/2848 2347/2359/2848
f 2258/2360/2849 2259/2361/2849 2346/2362/2849
f 2197/2363/3319 2260/2364/3320 2345/2365/2852
f 2261/2366/3321 2148/2367/2854 2344/2368/3322
f 2262/2369/2856 2263/2370/2856 2343/2371/2856
f 2124/2372/3323 2264/2373/3323 2342/2374/3323
f 2341/2375/2858 2075/2376/2858 2147/2377/2858
f 2340/2378/3324 2106/2379/3324 2267/2380/3324
f 2339/2381/2860 2074/2382/2860 2268/2383/2860
f 2269/2384/3325 2187/2385/3325 2338/2386/3325
f 2270/2387/2862 2271/2388/2862 2337/2389/2862
f 2193/2390/3326 2272/2391/2864 2336/2392/2865
f 2273/2393/3327 2144/2394/3328 2335/2395/3329
f 2274/2396/2869 2275/2397/2869 2334/2398/2869
f 2119/2399/3330 2276/2400/3330 2333/2401/3330
f 2332/2402/3331 2071/2403/3331 2143/2404/3331
f 2331/2405/3332 2109/2406/3332 2279/2407/3332
f 2330/2408/2873 2070/2409/2873 2280/2410/2873
f 2281/2411/2874 2188/2412/2874 2329/2413/2874
f 2282/2414/2875 2283/2415/2875 2328/2416/2875
f 2189/2417/3333 2284/2418/3334 2327/2419/3335
f 2326/2420/2879 2056/2421/2879 2176/2422/2879
f 2325/2423/3336 2111/2424/3336 2287/2425/3336
f 2324/2426/2881 2059/2427/2881 2288/2428/2881
f 2323/2429/2882 2055/2430/2882 2175/2431/2882
f 2322/2432/2883 2112/2433/2883 2291/2434/2883
f 2321/2435/2884 2064/2436/2884 2292/2437/2884
f 2320/2438/2885 2046/2439/2885 2166/2440/2885
f 2319/2441/2886 2113/2442/2886 2295/2443/2886
f 2318/2444/3337 2056/2445/3337 2296/2446/3337
f 2317/2447/2888 2066/2448/2888 2138/2449/2888
f 2316/2450/2889 2114/2451/2889 2299/2452/2889
f 2315/2453/2890 2053/2454/2890 2300/2455/2890
f 2314/2456/3338 2063/2457/3338 2135/2458/3338
f 2313/2459/2892 2115/2460/2892 2303/2461/2892
f 2312/2462/2893 2050/2463/2893 2304/2464/2893
f 2311/2465/3339 2060/2466/3339 2132/2467/3339
f 2310/2468/3340 2116/2469/3340 2307/2470/3340
f 2309/2471/2896 2047/2472/2896 2308/2473/2896
f 2306/2474/3341 2308/2473/3341 2116/2469/3341
f 2092/2475/3342 2309/2471/3342 2306/2474/3342
f 2212/2256/2899 2167/2476/2899 2309/2471/2899
f 2209/2282/3343 2307/2470/3344 2089/2477/2902
f 2044/2253/2903 2310/2468/2903 2209/2282/3345
f 2164/2259/3346 2306/2474/3347 2310/2468/3348
f 2161/2249/2908 2132/2467/2908 2030/2478/2908
f 2089/2477/3349 2311/2465/3349 2161/2249/3349
f 2307/2470/3350 2305/2479/3350 2311/2465/3350
f 2302/2480/2911 2304/2464/2911 2115/2460/2911
f 2088/2481/2912 2312/2462/2912 2302/2480/2912
f 2208/2247/3351 2170/2482/3351 2312/2462/3351
f 2205/2309/2914 2303/2461/3352 2085/2483/3353
f 2043/2244/2917 2313/2459/2917 2205/2309/2918
f 2160/2286/2919 2302/2480/3354 2313/2459/2921
f 2157/2240/3355 2135/2458/3355 2033/2484/3355
f 2085/2483/3356 2314/2456/3356 2157/2240/3356
f 2303/2461/3357 2301/2485/3357 2314/2456/3357
f 2298/2486/2925 2300/2455/2925 2114/2451/2925
f 2084/2487/3358 2315/2453/3358 2298/2486/3358
f 2204/2238/2927 2173/2488/2927 2315/2453/2927
f 2201/2336/3359 2299/2452/2929 2081/2489/3360
f 2042/2235/2931 2316/2450/2931 2201/2336/2932
f 2156/2313/3361 2298/2486/3362 2316/2450/2935
f 2153/2231/3363 2138/2449/3363 2036/2490/3363
f 2081/2489/3364 2317/2447/3364 2153/2231/3364
f 2299/2452/3365 2297/2491/3365 2317/2447/3365
f 2294/2492/3366 2296/2446/3366 2113/2442/3366
f 2080/2493/2940 2318/2444/2940 2294/2492/2940
f 2200/2229/3367 2176/2494/3367 2318/2444/3367
f 2197/2363/3368 2295/2443/3369 2077/2495/3370
f 2041/2226/2945 2319/2441/2945 2197/2363/3371
f 2152/2340/3372 2294/2492/3373 2319/2441/2949
f 2149/2222/2950 2166/2440/2950 2028/2496/2950
f 2077/2495/3374 2320/2438/3374 2149/2222/3374
f 2295/2443/2952 2293/2497/2952 2320/2438/2952
f 2290/2498/2953 2292/2437/2953 2112/2433/2953
f 2076/2499/2954 2321/2435/2954 2290/2498/2954
f 2196/2220/2955 2136/2500/2955 2321/2435/2955
f 2193/2390/3375 2291/2434/2957 2073/2501/3376
f 2040/2217/2959 2322/2432/2959 2193/2390/2960
f 2148/2367/3377 2290/2498/2962 2322/2432/2963
f 2145/2213/2964 2175/2431/2964 2037/2502/2964
f 2073/2501/3378 2323/2429/3378 2145/2213/3378
f 2291/2434/3379 2289/2503/3379 2323/2429/3379
f 2286/2504/2967 2288/2428/2967 2111/2424/2967
f 2072/2505/3380 2324/2426/3380 2286/2504/3380
f 2192/2211/2969 2131/2506/2969 2324/2426/2969
f 2189/2417/3381 2287/2425/3382 2069/2507/3383
f 2039/2208/2973 2325/2423/2973 2189/2417/2974
f 2144/2394/3384 2286/2504/3385 2325/2423/2977
f 2141/2204/2978 2176/2422/2978 2038/2508/2978
f 2069/2507/3386 2326/2420/3386 2141/2204/3386
f 2287/2425/3387 2285/2509/3387 2326/2420/3387
f 2327/2419/2981 2110/2510/2981 2282/2414/2981
f 2191/2209/3388 2282/2414/3389 2071/2403/2984
f 2039/2208/2985 2327/2419/2985 2191/2209/2986
f 2328/2416/2987 2053/2454/2987 2173/2488/2987
f 2143/2404/2988 2173/2488/2988 2035/2511/2988
f 2071/2403/2989 2328/2416/2989 2143/2404/2989
f 2329/2413/3390 2024/2193/3390 2125/2512/3390
f 2283/2415/2991 2125/2512/2991 2053/2454/2991
f 2110/2510/2992 2329/2413/2992 2283/2415/2992
f 2278/2513/3391 2280/2410/3391 2109/2406/3391
f 2050/2514/2994 2330/2408/2994 2278/2513/2994
f 2170/2515/2995 2190/2516/2995 2330/2408/2995
f 2185/2318/3392 2279/2407/3392 2065/2517/3392
f 2026/2190/3393 2331/2405/3393 2185/2318/3393
f 2122/2518/2998 2278/2513/2998 2331/2405/2998
f 2137/2237/3394 2143/2404/3394 2035/2511/3394
f 2065/2517/3000 2332/2402/3000 2137/2237/3000
f 2279/2407/3001 2277/2519/3001 2332/2402/3001
f 2333/2401/3395 2108/2520/3395 2274/2396/3395
f 2182/2521/3003 2274/2396/3003 2062/2522/3003
f 2022/2523/3396 2333/2401/3396 2182/2521/3396
f 2334/2398/3005 2070/2409/3005 2190/2516/3005
f 2134/2524/3006 2190/2516/3006 2032/2525/3006
f 2062/2522/3007 2334/2398/3007 2134/2524/3007
f 2335/2395/3008 2039/2208/3008 2142/2526/3397
f 2275/2397/3010 2142/2526/3398 2070/2409/3012
f 2108/2520/3399 2335/2395/3399 2275/2397/3399
f 2336/2392/3400 2107/2527/3400 2270/2387/3400
f 2195/2218/3401 2270/2387/3016 2075/2376/3017
f 2040/2217/3018 2336/2392/3018 2195/2218/3019
f 2337/2389/3020 2045/2528/3020 2165/2529/3020
f 2147/2377/3021 2165/2529/3021 2027/2530/3021
f 2075/2376/3022 2337/2389/3022 2147/2377/3022
f 2338/2386/3402 2019/2531/3402 2117/2532/3402
f 2271/2388/3024 2117/2532/3024 2045/2528/3024
f 2107/2527/3025 2338/2386/3025 2271/2388/3025
f 2266/2533/3403 2268/2383/3403 2106/2379/3403
f 2049/2534/3027 2339/2381/3027 2266/2533/3027
f 2169/2535/3028 2194/2536/3028 2339/2381/3028
f 2177/2537/3404 2267/2380/3404 2057/2538/3404
f 2021/2539/3405 2340/2378/3405 2177/2537/3405
f 2121/2540/3031 2266/2533/3031 2340/2378/3031
f 2129/2541/3032 2147/2377/3032 2027/2530/3032
f 2057/2538/3033 2341/2375/3033 2129/2541/3033
f 2267/2380/3034 2265/2542/3034 2341/2375/3034
f 2342/2374/3406 2105/2543/3406 2262/2369/3406
f 2181/2544/3036 2262/2369/3036 2061/2545/3036
f 2025/2546/3407 2342/2374/3407 2181/2544/3407
f 2343/2371/3038 2074/2382/3038 2194/2536/3038
f 2133/2547/3039 2194/2536/3039 2031/2548/3039
f 2061/2545/3040 2343/2371/3040 2133/2547/3040
f 2344/2368/3041 2040/2217/3041 2146/2549/3408
f 2263/2370/3043 2146/2549/3409 2074/2382/3045
f 2105/2543/3410 2344/2368/3410 2263/2370/3410
f 2345/2365/3047 2104/2550/3047 2258/2360/3047
f 2199/2227/3411 2258/2360/3049 2079/2349/3050
f 2041/2226/3051 2345/2365/3051 2199/2227/3412
f 2346/2362/3053 2067/2551/3053 2139/2552/3053
f 2151/2350/3054 2139/2552/3054 2037/2553/3054
f 2079/2349/3055 2346/2362/3055 2151/2350/3055
f 2347/2359/3413 2019/2554/3413 2187/2555/3413
f 2259/2361/3057 2187/2555/3057 2067/2551/3057
f 2104/2550/3414 2347/2359/3414 2259/2361/3414
f 2254/2556/3059 2256/2356/3059 2103/2352/3059
f 2054/2557/3060 2348/2354/3060 2254/2556/3060
f 2174/2232/3061 2198/2558/3061 2348/2354/3061
f 2127/2559/3062 2255/2353/3062 2055/2560/3062
f 2023/2199/3415 2349/2351/3415 2127/2559/3415
f 2126/2331/3064 2254/2556/3064 2349/2351/3064
f 2175/2561/3065 2151/2350/3065 2037/2553/3065
f 2055/2560/3066 2350/2348/3066 2175/2561/3066
f 2255/2353/3067 2253/2562/3067 2350/2348/3067
f 2351/2347/3068 2102/2563/3068 2250/2342/3068
f 2186/2194/3069 2250/2342/3069 2066/2448/3069
f 2024/2193/3416 2351/2347/3416 2186/2194/3416
f 2352/2344/3417 2078/2355/3417 2198/2558/3417
f 2138/2449/3072 2198/2558/3072 2036/2490/3072
f 2066/2448/3073 2352/2344/3073 2138/2449/3073
f 2353/2341/3074 2041/2226/3074 2150/2564/3418
f 2251/2343/3419 2150/2564/3420 2078/2355/3421
f 2102/2563/3422 2353/2341/3422 2251/2343/3422
f 2354/2338/3423 2101/2565/3423 2246/2333/3423
f 2203/2236/3424 2246/2333/3425 2083/2322/3426
f 2042/2235/3084 2354/2338/3084 2203/2236/3085
f 2355/2335/3086 2064/2436/3086 2136/2500/3086
f 2155/2323/3087 2136/2500/3087 2034/2566/3087
f 2083/2322/3427 2355/2335/3427 2155/2323/3427
f 2356/2332/3428 2023/2199/3428 2184/2567/3428
f 2247/2334/3090 2184/2567/3090 2064/2436/3090
f 2101/2565/3429 2356/2332/3429 2247/2334/3429
f 2242/2568/3430 2244/2329/3430 2100/2325/3430
f 2051/2569/3093 2357/2327/3093 2242/2568/3093
f 2171/2241/3431 2202/2570/3431 2357/2327/3431
f 2124/2372/3432 2243/2326/3432 2052/2571/3432
f 2025/2546/3433 2358/2324/3433 2124/2372/3433
f 2123/2304/3434 2242/2568/3434 2358/2324/3434
f 2172/2219/3098 2155/2323/3098 2034/2566/3098
f 2052/2571/3099 2359/2321/3099 2172/2219/3099
f 2243/2326/3435 2241/2572/3435 2359/2321/3435
f 2360/2320/3436 2099/2573/3436 2238/2315/3436
f 2183/2191/3102 2238/2315/3102 2063/2457/3102
f 2026/2190/3437 2360/2320/3437 2183/2191/3437
f 2361/2317/3438 2082/2328/3438 2202/2570/3438
f 2135/2458/3105 2202/2570/3105 2033/2484/3105
f 2063/2457/3439 2361/2317/3439 2135/2458/3439
f 2362/2314/3107 2042/2235/3107 2154/2574/3108
f 2239/2316/3109 2154/2574/3440 2082/2328/3111
f 2099/2573/3441 2362/2314/3441 2239/2316/3441
f 2363/2311/3113 2098/2575/3113 2234/2306/3113
f 2207/2245/3442 2234/2306/3443 2087/2295/3116
f 2043/2244/3117 2363/2311/3117 2207/2245/3118
f 2364/2308/3119 2061/2576/3119 2133/2577/3119
f 2159/2296/3444 2133/2577/3444 2031/2578/3444
f 2087/2295/3445 2364/2308/3445 2159/2296/3445
f 2365/2305/3446 2025/2546/3446 2181/2579/3446
f 2235/2307/3123 2181/2579/3123 2061/2576/3123
f 2098/2575/3447 2365/2305/3447 2235/2307/3447
f 2230/2580/3125 2232/2302/3125 2097/2298/3125
f 2048/2581/3448 2366/2300/3448 2230/2580/3448
f 2168/2250/3127 2206/2582/3127 2366/2300/3127
f 2121/2583/3128 2231/2299/3128 2049/2584/3128
f 2021/2585/3449 2367/2297/3449 2121/2583/3449
f 2120/2277/3450 2230/2580/3450 2367/2297/3450
f 2169/2586/3451 2159/2296/3451 2031/2578/3451
f 2049/2584/3132 2368/2294/3132 2169/2586/3132
f 2231/2299/3133 2229/2587/3133 2368/2294/3133
f 2369/2293/3452 2096/2588/3452 2226/2288/3452
f 2180/2188/3453 2226/2288/3453 2060/2466/3453
f 2022/2187/3454 2369/2293/3454 2180/2188/3454
f 2370/2290/3455 2086/2301/3455 2206/2582/3455
f 2132/2467/3456 2206/2582/3456 2030/2478/3456
f 2060/2466/3457 2370/2290/3457 2132/2467/3457
f 2371/2287/3140 2043/2244/3140 2158/2589/3141
f 2227/2289/3458 2158/2589/3143 2086/2301/3459
f 2096/2588/3145 2371/2287/3145 2227/2289/3145
f 2372/2284/3460 2095/2590/3460 2222/2279/3460
f 2211/2254/3461 2222/2279/3462 2091/2268/3463
f 2044/2253/3150 2372/2284/3150 2211/2254/3151
f 2373/2281/3152 2057/2591/3152 2129/2592/3152
f 2163/2269/3153 2129/2592/3153 2027/2593/3153
f 2091/2268/3464 2373/2281/3464 2163/2269/3464
f 2374/2278/3465 2021/2585/3465 2177/2594/3465
f 2223/2280/3466 2177/2594/3466 2057/2591/3466
f 2095/2590/3467 2374/2278/3467 2223/2280/3467
f 2218/2595/3158 2220/2275/3158 2094/2271/3158
f 2058/2596/3468 2375/2273/3468 2218/2595/3468
f 2130/2597/3469 2210/2598/3469 2375/2273/3469
f 2117/2599/3161 2219/2272/3161 2045/2600/3161
f 2019/2601/3470 2376/2270/3470 2117/2599/3470
f 2178/2602/3471 2218/2595/3471 2376/2270/3471
f 2165/2603/3164 2163/2269/3164 2027/2593/3164
f 2045/2600/3165 2377/2267/3165 2165/2603/3165
f 2219/2272/3166 2217/2604/3166 2377/2267/3166
f 2378/2266/3472 2093/2605/3472 2214/2261/3472
f 2118/2606/3473 2214/2261/3473 2046/2607/3473
f 2020/2608/3474 2378/2266/3474 2118/2606/3474
f 2379/2263/3475 2090/2274/3475 2210/2598/3475
f 2166/2609/3476 2210/2598/3476 2028/2610/3476
f 2046/2607/3172 2379/2263/3172 2166/2609/3172
f 2380/2260/3173 2044/2253/3173 2162/2611/3174
f 2215/2262/3477 2162/2611/3478 2090/2274/3479
f 2093/2605/3480 2380/2260/3480 2215/2262/3480
f 2381/2257/3481 2092/2475/3481 2213/2258/3481
f 2216/2265/3180 2213/2258/3180 2093/2605/3180
f 2059/2612/3181 2381/2257/3181 2216/2265/3181
f 2217/2604/3182 2211/2254/3482 2091/2268/3483
f 2094/2271/3185 2382/2252/3185 2217/2604/3185
f 2220/2275/3484 2162/2611/3485 2382/2252/3188
f 2383/2251/3486 2048/2581/3486 2221/2276/3486
f 2224/2283/3487 2221/2276/3487 2095/2590/3487
f 2089/2477/3488 2383/2251/3488 2224/2283/3488
f 2384/2248/3192 2088/2481/3192 2225/2285/3192
f 2228/2292/3489 2225/2285/3489 2096/2588/3489
f 2062/2613/3194 2384/2248/3194 2228/2292/3194
f 2229/2587/3490 2207/2245/3491 2087/2295/3197
f 2097/2298/3198 2385/2243/3198 2229/2587/3198
f 2232/2302/3492 2158/2589/3200 2385/2243/3493
f 2386/2242/3494 2051/2569/3494 2233/2303/3494
f 2236/2310/3203 2233/2303/3203 2098/2575/3203
f 2085/2483/3495 2386/2242/3495 2236/2310/3495
f 2387/2239/3496 2084/2487/3496 2237/2312/3496
f 2240/2319/3497 2237/2312/3497 2099/2573/3497
f 2065/2517/3207 2387/2239/3207 2240/2319/3207
f 2241/2572/3498 2203/2236/3499 2083/2322/3500
f 2100/2325/3501 2388/2234/3501 2241/2572/3501
f 2244/2329/3502 2154/2574/3503 2388/2234/3504
f 2389/2233/3505 2054/2557/3505 2245/2330/3505
f 2248/2337/3216 2245/2330/3216 2101/2565/3216
f 2081/2489/3506 2389/2233/3506 2248/2337/3506
f 2390/2230/3218 2080/2493/3218 2249/2339/3218
f 2252/2346/3507 2249/2339/3507 2102/2563/3507
f 2068/2614/3508 2390/2230/3508 2252/2346/3508
f 2253/2562/3509 2199/2227/3510 2079/2349/3223
f 2103/2352/3511 2391/2225/3511 2253/2562/3511
f 2256/2356/3512 2150/2564/3513 2391/2225/3227
f 2392/2224/3228 2058/2615/3228 2257/2357/3228
f 2260/2364/3229 2257/2357/3229 2104/2550/3229
f 2077/2495/3514 2392/2224/3514 2260/2364/3514
f 2393/2221/3231 2076/2499/3231 2261/2366/3231
f 2264/2373/3515 2261/2366/3515 2105/2543/3515
f 2052/2571/3516 2393/2221/3516 2264/2373/3516
f 2265/2542/3517 2195/2218/3235 2075/2376/3236
f 2106/2379/3237 2394/2216/3237 2265/2542/3237
f 2268/2383/3238 2146/2549/3518 2394/2216/3519
f 2395/2215/3520 2067/2616/3520 2269/2384/3520
f 2272/2391/3521 2269/2384/3521 2107/2527/3521
f 2073/2501/3522 2395/2215/3522 2272/2391/3522
f 2396/2212/3244 2072/2505/3244 2273/2393/3244
f 2276/2400/3523 2273/2393/3523 2108/2520/3523
f 2047/2617/3524 2396/2212/3524 2276/2400/3524
f 2277/2519/3525 2191/2209/3526 2071/2403/3249
f 2109/2406/3250 2397/2207/3250 2277/2519/3250
f 2280/2410/3527 2142/2526/3528 2397/2207/3529
f 2398/2206/3254 2068/2618/3254 2281/2411/3254
f 2284/2418/3530 2281/2411/3530 2110/2510/3530
f 2069/2507/3531 2398/2206/3531 2284/2418/3531
f 2285/2509/3532 2128/2203/3532 2056/2421/3532
f 2111/2424/3533 2399/2201/3533 2285/2509/3533
f 2288/2428/3259 2179/2619/3259 2399/2201/3259
f 2289/2503/3534 2127/2200/3534 2055/2430/3534
f 2112/2433/3261 2400/2198/3261 2289/2503/3261
f 2292/2437/3262 2184/2567/3262 2400/2198/3262
f 2293/2497/3263 2118/2197/3263 2046/2439/3263
f 2113/2442/3264 2401/2195/3264 2293/2497/3264
f 2296/2446/3265 2128/2620/3265 2401/2195/3265
f 2297/2491/3535 2186/2194/3535 2066/2448/3535
f 2114/2451/3536 2402/2192/3536 2297/2491/3536
f 2300/2455/3268 2125/2512/3268 2402/2192/3268
f 2301/2485/3537 2183/2191/3537 2063/2457/3537
f 2115/2460/3538 2403/2189/3538 2301/2485/3538
f 2304/2464/3271 2122/2621/3271 2403/2189/3271
f 2305/2479/3272 2180/2188/3272 2060/2466/3272
f 2116/2469/3539 2404/2186/3539 2305/2479/3539
f 2308/2473/3540 2119/2622/3540 2404/2186/3540
f 2433/2623/3541 2446/2624/3541 2502/2625/3541
f 2436/2626/3542 2449/2627/3543 2501/2628/3543
f 2439/2629/3544 2452/2630/3544 2500/2631/3544
f 2442/2632/3545 2432/2633/3545 2499/2634/3545
f 2450/2635/3546 2441/2636/3547 2498/2637/3546
f 2442/2632/3545 2510/2638/3545 2406/2638/3545
f 2406/2639/3541 2511/2640/3541 2445/2640/3541
f 2448/2641/3542 2514/2642/3542 2418/2642/3542
f 2408/2643/3541 2503/2623/3541 2504/2643/3541
f 2459/2644/3546 2453/2645/3547 2493/2646/3546
f 2460/2647/3547 2461/2648/3546 2492/2649/3547
f 2438/2650/3547 2462/2651/3546 2491/2652/3547
f 2463/2653/3545 2444/2654/3545 2490/2655/3545
f 2464/2656/3545 2465/2657/3545 2489/2658/3545
f 2454/2659/3545 2466/2660/3545 2488/2661/3545
f 2467/2662/3544 2440/2663/3544 2487/2664/3544
f 2468/2665/3544 2469/2666/3544 2486/2667/3544
f 2485/2668/3544 2421/2669/3544 2470/2670/3544
f 2471/2671/3543 2437/2672/3543 2484/2673/3543
f 2472/2674/3543 2473/2675/3543 2483/2676/3543
f 2448/2641/3542 2474/2677/3543 2482/2678/3543
f 2475/2679/3541 2434/2680/3541 2481/2681/3541
f 2476/2682/3541 2477/2683/3541 2480/2684/3541
f 2479/2685/3541 2415/2686/3541 2478/2687/3541
f 2476/2682/3541 2478/2687/3541 2430/2688/3541
f 2414/2689/3541 2479/2685/3541 2476/2682/3541
f 2432/2690/3541 2445/2640/3541 2479/2685/3541
f 2480/2684/3541 2413/2691/3541 2431/2692/3541
f 2444/2693/3541 2431/2692/3541 2405/2694/3541
f 2444/2693/3541 2476/2682/3541 2480/2684/3541
f 2443/2695/3541 2434/2680/3541 2407/2696/3541
f 2477/2683/3541 2443/2695/3541 2413/2691/3541
f 2477/2683/3541 2475/2679/3541 2481/2681/3541
f 2482/2678/3543 2429/2697/3543 2472/2674/3543
f 2446/2624/3543 2472/2674/3543 2416/2698/3543
f 2408/2643/3542 2482/2678/3543 2446/2624/3543
f 2483/2676/3543 2417/2699/3543 2435/2700/3543
f 2434/2680/3543 2435/2700/3543 2407/2696/3543
f 2416/2698/3543 2483/2676/3543 2434/2680/3543
f 2484/2673/3543 2411/2701/3543 2447/2702/3543
f 2473/2675/3543 2447/2702/3543 2417/2699/3543
f 2429/2697/3543 2484/2673/3543 2473/2675/3543
f 2485/2668/3544 2428/2703/3544 2468/2665/3544
f 2419/2704/3544 2485/2668/3544 2468/2665/3544
f 2412/2705/3544 2485/2668/3544 2449/2627/3544
f 2486/2667/3544 2420/2706/3544 2438/2650/3544
f 2437/2672/3544 2438/2650/3544 2411/2701/3544
f 2419/2704/3544 2486/2667/3544 2437/2672/3544
f 2487/2664/3544 2409/2707/3544 2450/2635/3544
f 2420/2706/3544 2487/2664/3544 2450/2635/3544
f 2428/2703/3544 2487/2664/3544 2469/2666/3544
f 2488/2661/3545 2427/2708/3545 2464/2656/3545
f 2452/2630/3545 2464/2656/3545 2422/2709/3545
f 2410/2710/3545 2488/2661/3545 2452/2630/3545
f 2489/2658/3545 2423/2711/3545 2441/2712/3545
f 2440/2663/3545 2441/2712/3545 2409/2707/3545
f 2422/2709/3545 2489/2658/3545 2440/2663/3545
f 2490/2655/3545 2405/2713/3545 2453/2714/3545
f 2465/2657/3545 2453/2714/3545 2423/2711/3545
f 2427/2708/3545 2490/2655/3545 2465/2657/3545
f 2491/2652/3547 2426/2715/3546 2460/2647/3547
f 2447/2716/3547 2460/2647/3547 2417/2717/3547
f 2411/2701/3547 2491/2652/3547 2447/2716/3547
f 2492/2649/3547 2413/2718/3546 2443/2719/3547
f 2435/2720/3547 2443/2719/3547 2407/2721/3547
f 2417/2717/3547 2492/2649/3547 2435/2720/3547
f 2493/2646/3546 2405/2722/3547 2431/2723/3546
f 2461/2648/3546 2431/2723/3546 2413/2718/3546
f 2426/2715/3546 2493/2646/3546 2461/2648/3546
f 2412/2705/3544 2515/2724/3544 2451/2724/3544
f 2418/2642/3542 2505/2626/3542 2436/2626/3542
f 2454/2659/3545 2518/2725/3545 2424/2725/3545
f 2410/2710/3544 2507/2629/3544 2508/2710/3544
f 2424/2725/3545 2509/2632/3545 2442/2632/3545
f 2415/2686/3541 2511/2640/3541 2512/2686/3541
f 2408/2643/3542 2513/2641/3542 2448/2641/3542
f 2415/2686/3541 2503/2623/3541 2433/2623/3541
f 2421/2669/3544 2515/2724/3544 2516/2669/3544
f 2436/2626/3542 2506/2705/3543 2412/2705/3542
f 2410/2710/3545 2517/2659/3545 2454/2659/3545
f 2421/2669/3544 2507/2629/3544 2439/2629/3544
f 2498/2637/3546 2423/2726/3547 2459/2644/3546
f 2462/2651/3546 2459/2644/3546 2426/2715/3546
f 2420/2706/3546 2498/2637/3546 2462/2651/3546
f 2499/2634/3545 2414/2727/3545 2463/2653/3545
f 2466/2660/3545 2463/2653/3545 2427/2708/3545
f 2424/2725/3545 2499/2634/3545 2466/2660/3545
f 2500/2631/3544 2422/2709/3544 2467/2662/3544
f 2470/2670/3544 2467/2662/3544 2428/2703/3544
f 2421/2669/3544 2500/2631/3544 2470/2670/3544
f 2501/2628/3543 2419/2704/3543 2471/2671/3543
f 2474/2677/3543 2471/2671/3543 2429/2697/3543
f 2418/2642/3542 2501/2628/3543 2474/2677/3543
f 2502/2625/3541 2416/2698/3541 2475/2679/3541
f 2478/2687/3541 2475/2679/3541 2430/2688/3541
f 2415/2686/3541 2502/2625/3541 2478/2687/3541
f 2509/2728/3544 2534/2729/3544 2456/2728/3544
f 2519/2730/3548 2517/2731/3548 2526/2732/3548
f 2520/2733/3549 2522/2734/3549 2525/2735/3549
f 2503/2736/3549 2523/2737/3549 2524/2738/3549
f 2524/2738/3549 2521/2739/3549 2520/2733/3549
f 2513/2740/3548 2520/2733/3549 2514/2741/3548
f 2524/2738/3550 2497/2736/3550 2503/2736/3550
f 2525/2735/3549 2516/2669/3549 2515/2724/3549
f 2526/2732/3543 2458/2629/3543 2507/2629/3543
f 2514/2741/3548 2525/2735/3549 2505/2742/3548
f 2508/2710/3545 2530/2659/3550 2517/2659/3545
f 2522/2734/3549 2507/2629/3548 2516/2669/3549
f 2521/2739/3549 2526/2732/3548 2522/2734/3549
f 2527/2729/3548 2518/2743/3548 2519/2730/3548
f 2523/2737/3549 2519/2730/3548 2521/2739/3549
f 2512/2744/3549 2527/2729/3548 2523/2737/3549
f 2425/2745/3549 2456/2728/3549 2534/2729/3549
f 2496/2746/3549 2531/2738/3549 2528/2740/3549
f 2495/2742/3549 2529/2724/3549 2494/2705/3549
f 2533/2732/3549 2457/2710/3549 2458/2629/3549
f 2505/2742/3541 2532/2735/3541 2495/2742/3541
f 2504/2643/3541 2497/2623/3541 2496/2643/3541
f 2515/2724/3550 2532/2735/3550 2525/2735/3550
f 2505/2626/3542 2494/2705/3543 2506/2705/3543
f 2510/2639/3541 2425/2640/3541 2511/2640/3541
f 2511/2745/3543 2534/2729/3543 2527/2729/3543
f 2508/2710/3544 2458/2629/3544 2457/2710/3544
f 2504/2643/3543 2528/2641/3543 2513/2641/3542
f 2517/2731/3541 2533/2732/3541 2526/2732/3541
f 2513/2740/3544 2531/2738/3544 2524/2738/3544
f 2509/2632/3545 2455/2638/3550 2510/2638/3545
f 2506/2705/3544 2529/2724/3544 2515/2724/3544
f 2563/2747/3551 2576/2748/3551 2632/2749/3551
f 2566/2750/3552 2579/2751/3553 2631/2752/3553
f 2569/2753/3554 2582/2754/3554 2630/2755/3554
f 2572/2756/3555 2562/2757/3555 2629/2758/3555
f 2628/2759/3556 2539/2760/3557 2571/2761/3557
f 2572/2756/3555 2640/2762/3555 2536/2762/3555
f 2536/2763/3551 2641/2764/3551 2575/2764/3551
f 2578/2765/3552 2644/2766/3552 2548/2766/3552
f 2538/2767/3551 2633/2747/3551 2634/2767/3551
f 2589/2768/3556 2583/2769/3557 2623/2770/3556
f 2590/2771/3557 2591/2772/3556 2622/2773/3557
f 2568/2774/3557 2592/2775/3556 2621/2776/3557
f 2593/2777/3555 2574/2778/3555 2620/2779/3555
f 2594/2780/3555 2595/2781/3555 2619/2782/3555
f 2584/2783/3555 2596/2784/3555 2618/2785/3555
f 2617/2786/3554 2552/2787/3554 2570/2788/3554
f 2598/2789/3554 2599/2790/3554 2616/2791/3554
f 2615/2792/3554 2551/2793/3554 2600/2794/3554
f 2614/2795/3553 2549/2796/3553 2567/2797/3553
f 2602/2798/3553 2603/2799/3553 2613/2800/3553
f 2578/2765/3552 2604/2801/3553 2612/2802/3553
f 2605/2803/3551 2564/2804/3551 2611/2805/3551
f 2606/2806/3551 2607/2807/3551 2610/2808/3551
f 2575/2764/3551 2608/2809/3551 2609/2810/3551
f 2609/2810/3551 2560/2811/3551 2606/2806/3551
f 2544/2812/3551 2609/2810/3551 2606/2806/3551
f 2562/2813/3551 2575/2764/3551 2609/2810/3551
f 2610/2808/3551 2543/2814/3551 2561/2815/3551
f 2574/2816/3551 2561/2815/3551 2535/2817/3551
f 2544/2812/3551 2610/2808/3551 2574/2816/3551
f 2611/2805/3551 2537/2818/3551 2573/2819/3551
f 2543/2814/3551 2611/2805/3551 2573/2819/3551
f 2607/2807/3551 2605/2803/3551 2611/2805/3551
f 2612/2802/3553 2559/2820/3553 2602/2798/3553
f 2576/2748/3553 2602/2798/3553 2546/2821/3553
f 2576/2748/3553 2578/2765/3552 2612/2802/3553
f 2613/2800/3553 2547/2822/3553 2565/2823/3553
f 2564/2804/3553 2565/2823/3553 2537/2818/3553
f 2546/2821/3553 2613/2800/3553 2564/2804/3553
f 2577/2824/3553 2567/2797/3553 2541/2825/3553
f 2603/2799/3553 2577/2824/3553 2547/2822/3553
f 2559/2820/3553 2614/2795/3553 2603/2799/3553
f 2598/2789/3554 2600/2794/3554 2558/2826/3554
f 2579/2751/3554 2598/2789/3554 2549/2796/3554
f 2542/2827/3554 2615/2792/3554 2579/2751/3554
f 2616/2791/3554 2550/2828/3554 2568/2774/3554
f 2567/2797/3554 2568/2774/3554 2541/2825/3554
f 2549/2796/3554 2616/2791/3554 2567/2797/3554
f 2580/2829/3554 2570/2788/3554 2539/2760/3554
f 2550/2828/3554 2617/2786/3554 2580/2829/3554
f 2558/2826/3554 2617/2786/3554 2599/2790/3554
f 2618/2785/3555 2557/2830/3555 2594/2780/3555
f 2582/2754/3555 2594/2780/3555 2552/2787/3555
f 2540/2831/3555 2618/2785/3555 2582/2754/3555
f 2619/2782/3555 2553/2832/3555 2571/2833/3555
f 2570/2788/3555 2571/2833/3555 2539/2760/3555
f 2552/2787/3555 2619/2782/3555 2570/2788/3555
f 2620/2779/3555 2535/2834/3555 2583/2835/3555
f 2595/2781/3555 2583/2835/3555 2553/2832/3555
f 2557/2830/3555 2620/2779/3555 2595/2781/3555
f 2621/2776/3557 2556/2836/3556 2590/2771/3557
f 2547/2837/3557 2621/2776/3557 2590/2771/3557
f 2541/2825/3557 2621/2776/3557 2577/2838/3557
f 2622/2773/3557 2543/2839/3556 2573/2840/3557
f 2537/2841/3557 2622/2773/3557 2573/2840/3557
f 2565/2842/3557 2590/2771/3557 2622/2773/3557
f 2623/2770/3556 2535/2843/3557 2561/2844/3556
f 2591/2772/3556 2561/2844/3556 2543/2839/3556
f 2556/2836/3556 2623/2770/3556 2591/2772/3556
f 2542/2827/3554 2645/2845/3554 2581/2845/3554
f 2548/2766/3552 2635/2750/3552 2566/2750/3552
f 2584/2783/3555 2648/2846/3555 2554/2846/3555
f 2540/2831/3554 2637/2753/3554 2638/2831/3554
f 2554/2846/3555 2639/2756/3555 2572/2756/3555
f 2545/2847/3551 2641/2764/3551 2642/2847/3551
f 2538/2767/3552 2643/2765/3552 2578/2765/3552
f 2545/2847/3551 2633/2747/3551 2563/2747/3551
f 2551/2793/3554 2645/2845/3554 2646/2793/3554
f 2566/2750/3552 2636/2827/3553 2542/2827/3552
f 2540/2831/3555 2647/2783/3555 2584/2783/3555
f 2551/2793/3554 2637/2753/3554 2569/2753/3554
f 2589/2768/3556 2571/2761/3557 2553/2848/3557
f 2592/2775/3556 2589/2768/3556 2556/2836/3556
f 2550/2828/3556 2628/2759/3556 2592/2775/3556
f 2629/2758/3555 2544/2849/3555 2593/2777/3555
f 2596/2784/3555 2593/2777/3555 2557/2830/3555
f 2554/2846/3555 2629/2758/3555 2596/2784/3555
f 2630/2755/3554 2552/2787/3554 2597/2850/3554
f 2600/2794/3554 2597/2850/3554 2558/2826/3554
f 2551/2793/3554 2630/2755/3554 2600/2794/3554
f 2631/2752/3553 2549/2796/3553 2601/2851/3553
f 2604/2801/3553 2601/2851/3553 2559/2820/3553
f 2548/2766/3552 2631/2752/3553 2604/2801/3553
f 2632/2749/3551 2546/2821/3551 2605/2803/3551
f 2608/2809/3551 2605/2803/3551 2560/2811/3551
f 2545/2847/3551 2632/2749/3551 2608/2809/3551
f 2639/2852/3554 2664/2853/3554 2586/2852/3554
f 2649/2854/3558 2647/2855/3558 2656/2856/3558
f 2650/2857/3559 2652/2858/3559 2655/2859/3559
f 2633/2860/3559 2653/2861/3559 2654/2862/3559
f 2654/2862/3559 2651/2863/3559 2650/2857/3559
f 2643/2864/3558 2650/2857/3559 2644/2865/3558
f 2654/2862/3560 2627/2860/3560 2633/2860/3560
f 2655/2859/3559 2646/2793/3559 2645/2845/3559
f 2656/2856/3552 2588/2753/3552 2637/2753/3552
f 2644/2865/3558 2655/2859/3559 2635/2866/3558
f 2638/2831/3555 2660/2783/3560 2647/2783/3555
f 2652/2858/3559 2637/2753/3558 2646/2793/3559
f 2651/2863/3559 2656/2856/3558 2652/2858/3559
f 2657/2853/3558 2648/2867/3558 2649/2854/3558
f 2653/2861/3559 2649/2854/3558 2651/2863/3559
f 2642/2868/3559 2657/2853/3558 2653/2861/3559
f 2555/2869/3558 2586/2852/3558 2664/2853/3558
f 2626/2870/3559 2661/2862/3559 2658/2864/3559
f 2625/2866/3559 2659/2845/3559 2624/2827/3559
f 2663/2856/3558 2587/2831/3558 2588/2753/3558
f 2635/2866/3551 2662/2859/3551 2625/2866/3551
f 2634/2767/3551 2627/2747/3551 2626/2767/3551
f 2645/2845/3560 2662/2859/3560 2655/2859/3560
f 2635/2750/3552 2624/2827/3553 2636/2827/3553
f 2640/2763/3551 2555/2764/3551 2641/2764/3551
f 2641/2869/3552 2664/2853/3552 2657/2853/3552
f 2638/2831/3554 2588/2753/3554 2587/2831/3554
f 2634/2767/3553 2658/2765/3553 2643/2765/3552
f 2647/2855/3551 2663/2856/3551 2656/2856/3551
f 2643/2864/3554 2661/2862/3554 2654/2862/3554
f 2639/2756/3555 2585/2762/3560 2640/2762/3555
f 2636/2827/3554 2659/2845/3554 2645/2845/3554
f 2693/2871/3554 2706/2872/3554 2762/2873/3554
f 2696/2874/3561 2709/2875/3561 2761/2876/3561
f 2699/2877/3551 2712/2878/3551 2760/2879/3551
f 2702/2880/3562 2692/2881/3563 2759/2882/3563
f 2710/2883/3564 2701/2884/3564 2758/2885/3564
f 2702/2880/3562 2770/2886/3563 2666/2886/3562
f 2666/2887/3554 2771/2888/3554 2705/2888/3554
f 2708/2889/3561 2774/2890/3561 2678/2890/3561
f 2668/2891/3554 2763/2871/3554 2764/2891/3554
f 2719/2892/3564 2713/2893/3564 2753/2894/3564
f 2720/2895/3565 2721/2896/3565 2752/2897/3565
f 2698/2898/3565 2722/2899/3565 2751/2900/3565
f 2723/2901/3563 2704/2902/3563 2750/2903/3563
f 2749/2904/3563 2687/2905/3563 2725/2906/3563
f 2748/2907/3563 2684/2908/3562 2726/2909/3563
f 2727/2910/3551 2700/2911/3551 2747/2912/3551
f 2728/2913/3551 2729/2914/3551 2746/2915/3551
f 2745/2916/3551 2681/2917/3551 2730/2918/3551
f 2731/2919/3561 2697/2920/3561 2744/2921/3561
f 2732/2922/3561 2733/2923/3561 2743/2924/3561
f 2708/2889/3561 2734/2925/3561 2742/2926/3561
f 2741/2927/3554 2676/2928/3554 2694/2929/3554
f 2736/2930/3554 2737/2931/3554 2740/2932/3554
f 2705/2888/3554 2738/2933/3554 2739/2934/3554
f 2736/2930/3554 2738/2933/3554 2690/2935/3554
f 2692/2936/3554 2736/2930/3554 2674/2937/3554
f 2692/2936/3554 2705/2888/3554 2739/2934/3554
f 2740/2932/3554 2673/2938/3554 2691/2939/3554
f 2704/2940/3554 2691/2939/3554 2665/2941/3554
f 2674/2937/3554 2740/2932/3554 2704/2940/3554
f 2741/2927/3554 2667/2942/3554 2703/2943/3554
f 2673/2938/3554 2741/2927/3554 2703/2943/3554
f 2690/2935/3554 2741/2927/3554 2737/2931/3554
f 2742/2926/3561 2689/2944/3561 2732/2922/3561
f 2706/2872/3561 2732/2922/3561 2676/2928/3561
f 2668/2891/3561 2742/2926/3561 2706/2872/3561
f 2743/2924/3561 2677/2945/3561 2695/2946/3561
f 2694/2929/3561 2695/2946/3561 2667/2942/3561
f 2676/2928/3561 2743/2924/3561 2694/2929/3561
f 2744/2921/3561 2671/2947/3561 2707/2948/3561
f 2733/2923/3561 2707/2948/3561 2677/2945/3561
f 2689/2944/3561 2744/2921/3561 2733/2923/3561
f 2745/2916/3551 2688/2949/3551 2728/2913/3551
f 2679/2950/3551 2745/2916/3551 2728/2913/3551
f 2672/2951/3551 2745/2916/3551 2709/2875/3551
f 2746/2915/3551 2680/2952/3551 2698/2898/3551
f 2697/2920/3551 2698/2898/3551 2671/2947/3551
f 2697/2920/3551 2728/2913/3551 2746/2915/3551
f 2747/2912/3551 2669/2953/3551 2710/2883/3551
f 2680/2952/3551 2747/2912/3551 2710/2883/3551
f 2729/2914/3551 2727/2910/3551 2747/2912/3551
f 2748/2907/3563 2687/2905/3563 2724/2954/3563
f 2712/2878/3563 2724/2954/3563 2682/2955/3563
f 2712/2878/3563 2714/2956/3562 2748/2907/3563
f 2749/2904/3563 2683/2957/3563 2701/2958/3563
f 2700/2911/3563 2701/2958/3563 2669/2953/3563
f 2700/2911/3563 2724/2954/3563 2749/2904/3563
f 2713/2959/3563 2704/2902/3563 2665/2960/3563
f 2725/2906/3563 2713/2959/3563 2683/2957/3563
f 2687/2905/3563 2750/2903/3563 2725/2906/3563
f 2751/2900/3565 2686/2961/3565 2720/2895/3565
f 2707/2962/3564 2720/2895/3565 2677/2963/3564
f 2671/2947/3564 2751/2900/3565 2707/2962/3564
f 2752/2897/3565 2673/2964/3565 2703/2965/3565
f 2695/2966/3564 2703/2965/3565 2667/2967/3564
f 2677/2963/3564 2752/2897/3565 2695/2966/3564
f 2753/2894/3564 2665/2968/3564 2691/2969/3564
f 2721/2896/3565 2691/2969/3564 2673/2964/3565
f 2686/2961/3565 2753/2894/3564 2721/2896/3565
f 2672/2951/3551 2775/2970/3551 2711/2970/3551
f 2678/2890/3561 2765/2874/3561 2696/2874/3561
f 2714/2956/3562 2778/2908/3562 2684/2908/3562
f 2670/2971/3551 2767/2877/3551 2768/2971/3551
f 2684/2908/3562 2769/2880/3562 2702/2880/3562
f 2675/2972/3554 2771/2888/3554 2772/2972/3554
f 2668/2891/3561 2773/2889/3561 2708/2889/3561
f 2675/2972/3554 2763/2871/3554 2693/2871/3554
f 2681/2917/3551 2775/2970/3551 2776/2917/3551
f 2696/2874/3561 2766/2951/3561 2672/2951/3561
f 2670/2971/3562 2777/2956/3562 2714/2956/3562
f 2681/2917/3551 2767/2877/3551 2699/2877/3551
f 2758/2885/3564 2683/2973/3564 2719/2892/3564
f 2722/2899/3565 2719/2892/3564 2686/2961/3565
f 2680/2952/3565 2758/2885/3564 2722/2899/3565
f 2759/2882/3563 2674/2974/3563 2723/2901/3563
f 2726/2909/3563 2723/2901/3563 2687/2905/3563
f 2726/2909/3563 2702/2880/3562 2759/2882/3563
f 2760/2879/3551 2682/2955/3551 2727/2910/3551
f 2730/2918/3551 2727/2910/3551 2688/2949/3551
f 2681/2917/3551 2760/2879/3551 2730/2918/3551
f 2761/2876/3561 2679/2950/3561 2731/2919/3561
f 2734/2925/3561 2731/2919/3561 2689/2944/3561
f 2678/2890/3561 2761/2876/3561 2734/2925/3561
f 2762/2873/3554 2676/2928/3554 2735/2975/3554
f 2738/2933/3554 2735/2975/3554 2690/2935/3554
f 2675/2972/3554 2762/2873/3554 2738/2933/3554
f 2769/2976/3551 2794/2977/3551 2716/2976/3551
f 2779/2978/3566 2777/2979/3566 2786/2980/3566
f 2780/2981/3566 2782/2982/3567 2785/2983/3566
f 2763/2984/3567 2783/2985/3567 2784/2986/3566
f 2784/2986/3566 2781/2987/3567 2780/2981/3566
f 2773/2988/3566 2780/2981/3566 2774/2989/3566
f 2784/2986/3563 2757/2984/3563 2763/2984/3563
f 2785/2983/3566 2776/2917/3567 2775/2970/3567
f 2786/2980/3568 2718/2877/3568 2767/2877/3568
f 2765/2990/3566 2780/2981/3566 2785/2983/3566
f 2768/2971/3563 2790/2956/3563 2777/2956/3562
f 2782/2982/3567 2767/2877/3567 2776/2917/3567
f 2782/2982/3567 2779/2978/3566 2786/2980/3566
f 2787/2977/3566 2778/2991/3566 2779/2978/3566
f 2781/2987/3567 2787/2977/3566 2779/2978/3566
f 2772/2992/3567 2787/2977/3566 2783/2985/3567
f 2685/2993/3567 2716/2976/3567 2794/2977/3567
f 2756/2994/3567 2791/2986/3567 2788/2988/3567
f 2754/2951/3567 2792/2983/3567 2789/2970/3567
f 2793/2980/3567 2717/2971/3567 2718/2877/3567
f 2765/2990/3554 2792/2983/3554 2755/2990/3554
f 2764/2891/3554 2757/2871/3554 2756/2891/3554
f 2775/2970/3563 2792/2983/3563 2785/2983/3563
f 2765/2874/3561 2754/2951/3568 2766/2951/3561
f 2770/2887/3554 2685/2888/3554 2771/2888/3554
f 2771/2993/3568 2794/2977/3568 2787/2977/3568
f 2768/2971/3551 2718/2877/3551 2717/2971/3551
f 2764/2891/3561 2788/2889/3568 2773/2889/3561
f 2777/2979/3554 2793/2980/3554 2786/2980/3554
f 2773/2988/3551 2791/2986/3551 2784/2986/3551
f 2769/2880/3562 2715/2886/3563 2770/2886/3563
f 2766/2951/3551 2789/2970/3551 2775/2970/3551
f 2823/2995/3541 2836/2996/3541 2892/2997/3541
f 2826/2998/3551 2839/2999/3551 2891/3000/3551
f 2829/3001/3544 2842/3002/3544 2890/3003/3544
f 2832/3004/3554 2822/3005/3554 2889/3006/3554
f 2840/3007/3569 2831/3008/3569 2888/3009/3569
f 2832/3004/3554 2900/3010/3554 2796/3010/3554
f 2796/3011/3541 2901/3012/3541 2835/3012/3541
f 2838/3013/3551 2904/3014/3551 2808/3014/3551
f 2823/2995/3541 2894/3015/3541 2798/3015/3541
f 2849/3016/3569 2843/3017/3569 2883/3018/3569
f 2850/3019/3569 2851/3020/3569 2882/3021/3569
f 2828/3022/3569 2852/3023/3569 2881/3024/3569
f 2853/3025/3554 2834/3026/3554 2880/3027/3554
f 2854/3028/3554 2855/3029/3554 2879/3030/3554
f 2844/3031/3554 2856/3032/3554 2878/3033/3554
f 2857/3034/3544 2830/3035/3544 2877/3036/3544
f 2858/3037/3544 2859/3038/3544 2876/3039/3544
f 2841/3040/3544 2860/3041/3544 2875/3042/3544
f 2861/3043/3551 2827/3044/3551 2874/3045/3551
f 2862/3046/3551 2863/3047/3551 2873/3048/3551
f 2838/3013/3551 2864/3049/3551 2872/3050/3551
f 2865/3051/3541 2824/3052/3541 2871/3053/3541
f 2866/3054/3541 2867/3055/3541 2870/3056/3541
f 2835/3012/3541 2868/3057/3541 2869/3058/3541
f 2869/3058/3541 2820/3059/3541 2866/3054/3541
f 2822/3060/3541 2866/3054/3541 2804/3061/3541
f 2796/3011/3541 2869/3058/3541 2822/3060/3541
f 2870/3056/3541 2803/3062/3541 2821/3063/3541
f 2834/3064/3541 2821/3063/3541 2795/3065/3541
f 2804/3061/3541 2870/3056/3541 2834/3064/3541
f 2871/3053/3541 2797/3066/3541 2833/3067/3541
f 2867/3055/3541 2833/3067/3541 2803/3062/3541
f 2820/3059/3541 2871/3053/3541 2867/3055/3541
f 2872/3050/3551 2819/3068/3551 2862/3046/3551
f 2836/2996/3551 2862/3046/3551 2806/3069/3551
f 2798/3015/3551 2872/3050/3551 2836/2996/3551
f 2873/3048/3551 2807/3070/3551 2825/3071/3551
f 2824/3052/3551 2825/3071/3551 2797/3066/3551
f 2806/3069/3551 2873/3048/3551 2824/3052/3551
f 2874/3045/3551 2801/3072/3551 2837/3073/3551
f 2863/3047/3551 2837/3073/3551 2807/3070/3551
f 2819/3068/3551 2874/3045/3551 2863/3047/3551
f 2875/3042/3544 2818/3074/3544 2858/3037/3544
f 2839/2999/3544 2858/3037/3544 2809/3075/3544
f 2802/3076/3544 2875/3042/3544 2839/2999/3544
f 2876/3039/3544 2810/3077/3544 2828/3022/3544
f 2827/3044/3544 2828/3022/3544 2801/3072/3544
f 2809/3075/3544 2876/3039/3544 2827/3044/3544
f 2877/3036/3544 2799/3078/3544 2840/3007/3544
f 2859/3038/3544 2840/3007/3544 2810/3077/3544
f 2818/3074/3544 2877/3036/3544 2859/3038/3544
f 2878/3033/3554 2817/3079/3554 2854/3028/3554
f 2842/3002/3554 2854/3028/3554 2812/3080/3554
f 2800/3081/3554 2878/3033/3554 2842/3002/3554
f 2879/3030/3554 2813/3082/3554 2831/3083/3554
f 2830/3035/3554 2831/3083/3554 2799/3078/3554
f 2812/3080/3554 2879/3030/3554 2830/3035/3554
f 2880/3027/3554 2795/3084/3554 2843/3085/3554
f 2855/3029/3554 2843/3085/3554 2813/3082/3554
f 2817/3079/3554 2880/3027/3554 2855/3029/3554
f 2881/3024/3569 2816/3086/3569 2850/3019/3569
f 2837/3087/3569 2850/3019/3569 2807/3088/3569
f 2801/3072/3569 2881/3024/3569 2837/3087/3569
f 2882/3021/3569 2803/3089/3569 2833/3090/3569
f 2825/3091/3569 2833/3090/3569 2797/3092/3569
f 2807/3088/3569 2882/3021/3569 2825/3091/3569
f 2883/3018/3569 2795/3093/3569 2821/3094/3569
f 2851/3020/3569 2821/3094/3569 2803/3089/3569
f 2816/3086/3569 2883/3018/3569 2851/3020/3569
f 2802/3076/3544 2905/3040/3544 2841/3040/3544
f 2808/3014/3551 2895/2998/3551 2826/2998/3551
f 2844/3031/3554 2908/3095/3554 2814/3095/3554
f 2829/3001/3544 2898/3081/3544 2800/3081/3544
f 2814/3095/3554 2899/3004/3554 2832/3004/3554
f 2835/3012/3541 2902/3096/3541 2805/3096/3541
f 2798/3015/3551 2903/3013/3551 2838/3013/3551
f 2805/3096/3541 2893/2995/3541 2823/2995/3541
f 2841/3040/3544 2906/3097/3544 2811/3097/3544
f 2826/2998/3551 2896/3076/3551 2802/3076/3551
f 2800/3081/3554 2907/3031/3554 2844/3031/3554
f 2811/3097/3544 2897/3001/3544 2829/3001/3544
f 2888/3009/3569 2813/3098/3569 2849/3016/3569
f 2852/3023/3569 2849/3016/3569 2816/3086/3569
f 2810/3077/3569 2888/3009/3569 2852/3023/3569
f 2889/3006/3554 2804/3099/3554 2853/3025/3554
f 2856/3032/3554 2853/3025/3554 2817/3079/3554
f 2814/3095/3554 2889/3006/3554 2856/3032/3554
f 2890/3003/3544 2812/3080/3544 2857/3034/3544
f 2860/3041/3544 2857/3034/3544 2818/3074/3544
f 2811/3097/3544 2890/3003/3544 2860/3041/3544
f 2891/3000/3551 2809/3075/3551 2861/3043/3551
f 2864/3049/3551 2861/3043/3551 2819/3068/3551
f 2808/3014/3551 2891/3000/3551 2864/3049/3551
f 2892/2997/3541 2806/3069/3541 2865/3051/3541
f 2868/3057/3541 2865/3051/3541 2820/3059/3541
f 2805/3096/3541 2892/2997/3541 2868/3057/3541
f 2917/3100/3544 2846/3101/3544 2899/3101/3544
f 2909/3102/3570 2907/3103/3570 2916/3104/3570
f 2910/3105/3570 2912/3106/3570 2915/3107/3570
f 2893/3108/3570 2913/3109/3570 2914/3110/3570
f 2914/3110/3570 2911/3111/3570 2910/3105/3570
f 2903/3112/3570 2910/3105/3570 2904/3113/3570
f 2914/3110/3554 2887/3108/3554 2893/3108/3554
f 2915/3107/3570 2906/3097/3570 2905/3040/3570
f 2916/3104/3551 2848/3001/3551 2897/3001/3551
f 2904/3113/3570 2915/3107/3570 2895/3114/3570
f 2898/3081/3554 2920/3031/3554 2907/3031/3554
f 2912/3106/3570 2897/3001/3570 2906/3097/3570
f 2911/3111/3570 2916/3104/3570 2912/3106/3570
f 2917/3100/3570 2908/3115/3570 2909/3102/3570
f 2913/3109/3570 2909/3102/3570 2911/3111/3570
f 2902/3116/3570 2917/3100/3570 2913/3109/3570
f 2815/3117/3570 2846/3101/3570 2924/3100/3570
f 2886/3118/3570 2921/3110/3570 2918/3112/3570
f 2885/3114/3570 2919/3040/3570 2884/3076/3570
f 2923/3104/3570 2847/3081/3570 2848/3001/3570
f 2915/3107/3541 2885/3114/3541 2895/3114/3541
f 2893/2995/3541 2886/3015/3541 2894/3015/3541
f 2905/3040/3554 2922/3107/3554 2915/3107/3554
f 2895/2998/3551 2884/3076/3551 2896/3076/3551
f 2900/3011/3541 2815/3012/3541 2901/3012/3541
f 2901/3117/3551 2924/3100/3551 2917/3100/3551
f 2897/3001/3544 2847/3081/3544 2898/3081/3544
f 2894/3015/3551 2918/3013/3551 2903/3013/3551
f 2907/3103/3541 2923/3104/3541 2916/3104/3541
f 2903/3112/3544 2921/3110/3544 2914/3110/3544
f 2899/3004/3554 2845/3010/3554 2900/3010/3554
f 2896/3076/3544 2919/3040/3544 2905/3040/3544
f 3558/3119/3571 2928/3120/3572 3278/3121/3573
f 3090/3122/3574 3279/3123/3575 3557/3124/3576
f 3287/3125/3577 3364/3126/3577 3556/3126/3577
f 3555/3127/3578 2926/3128/3579 3086/3129/3580
f 3554/3130/3581 2929/3131/3581 3095/3132/3581
f 3147/3133/3582 3096/3134/3583 3553/3135/3584
f 3552/3136/3585 2944/3137/3585 3108/3138/3585
f 3551/3139/3586 2945/3140/3586 3159/3141/3586
f 3135/3142/3587 3160/3143/3587 3550/3144/3587
f 3549/3145/3588 2943/3146/3588 3107/3147/3588
f 3114/3148/3589 3163/3149/3589 3548/3150/3589
f 3140/3151/3590 3164/3152/3590 3547/3153/3590
f 3117/3154/3591 3098/3155/3592 3546/3156/3593
f 3118/3157/3594 3167/3158/3595 3545/3159/3596
f 3544/3160/3597 2944/3161/3598 3281/3162/3599
f 3121/3163/3600 3142/3164/3601 3543/3165/3602
f 3542/3166/3603 2948/3167/3603 3171/3168/3603
f 3541/3169/3604 3056/3170/3605 3341/3169/3606
f 3540/3171/3607 2939/3172/3608 3139/3173/3609
f 3539/3174/3610 2949/3175/3611 3175/3176/3612
f 3102/3177/3613 3283/3178/3614 3538/3179/3615
f 3129/3180/3616 3136/3181/3617 3537/3182/3618
f 3536/3183/3619 2950/3184/3620 3179/3185/3621
f 3099/3186/3622 3284/3187/3623 3535/3188/3624
f 3181/3189/3625 3315/3190/3626 3534/3191/3627
f 3182/3192/3628 3317/3193/3629 3533/3194/3630
f 3147/3195/3631 3285/3196/3632 3532/3197/3633
f 3531/3198/3634 2997/3199/3635 3131/3200/3636
f 3530/3201/3637 3000/3202/3638 3187/3203/3639
f 3529/3204/3640 2996/3205/3641 3188/3206/3642
f 3189/3207/3643 3088/3208/3644 3528/3209/3645
f 3190/3210/3646 3191/3211/3647 3527/3212/3648
f 3177/3213/3649 3192/3214/3650 3526/3215/3651
f 3193/3216/3652 3314/3217/3653 3525/3218/3654
f 3194/3219/3655 3318/3220/3656 3524/3221/3657
f 3150/3222/3658 3286/3223/3659 3523/3224/3660
f 3522/3225/3661 2993/3226/3662 3127/3227/3663
f 3521/3228/3664 3003/3229/3665 3199/3230/3666
f 3520/3231/3667 2992/3232/3668 3200/3233/3669
f 3519/3234/3670 2957/3235/3671 3091/3236/3672
f 3518/3237/3673 3004/3238/3674 3203/3239/3675
f 3517/3240/3676 2991/3241/3677 3204/3242/3678
f 3205/3243/3679 3313/3244/3679 3516/3245/3679
f 3206/3246/3680 3319/3247/3681 3515/3248/3682
f 3369/3249/3683 3346/3250/3683 3514/3250/3683
f 3513/3251/3684 2989/3252/3684 3123/3253/3684
f 3512/3254/3685 3006/3255/3685 3211/3256/3685
f 3511/3257/3686 2988/3249/3687 3212/3258/3688
f 3213/3259/3689 3094/3260/3689 3510/3261/3689
f 3214/3262/3690 3215/3263/3690 3509/3264/3690
f 3169/3265/3691 3216/3266/3692 3508/3267/3693
f 3507/3268/3694 2986/3269/3695 3312/3270/3696
f 3506/3271/3697 3008/3272/3698 3320/3273/3699
f 3505/3274/3700 2974/3275/3701 3288/3276/3702
f 3221/3277/3703 3119/3278/3704 3504/3279/3705
f 3222/3280/3706 3223/3281/3707 3503/3282/3708
f 3166/3283/3709 3224/3284/3710 3502/3285/3711
f 3225/3286/3712 3146/3287/3713 3501/3288/3714
f 3226/3289/3715 3227/3290/3716 3500/3291/3717
f 3165/3292/3718 3228/3293/3719 3499/3294/3720
f 3229/3295/3721 3116/3296/3721 3498/3297/3721
f 3230/3298/3722 3231/3299/3722 3497/3300/3722
f 3092/3301/3723 3232/3302/3723 3496/3303/3723
f 3233/3304/3724 3115/3305/3725 3495/3306/3726
f 3234/3307/3727 3235/3308/3727 3494/3309/3727
f 3162/3310/3728 3236/3311/3728 3493/3312/3728
f 3492/3313/3729 2973/3314/3729 3155/3315/3729
f 3491/3316/3730 3013/3317/3731 3239/3318/3732
f 3490/3319/3733 2979/3320/3733 3240/3321/3733
f 3489/3322/3734 2978/3323/3735 3112/3324/3736
f 3242/3325/3737 3243/3326/3738 3488/3327/3738
f 3487/3328/3739 2953/3329/3740 3244/3330/3741
f 3486/3331/3742 2977/3332/3742 3111/3333/3742
f 3485/3334/3743 3015/3335/3743 3247/3336/3743
f 3484/3337/3744 2976/3338/3744 3248/3339/3744
f 3249/3340/3745 3156/3341/3745 3483/3342/3745
f 3250/3343/3746 3251/3344/3746 3482/3345/3746
f 3157/3346/3747 3252/3347/3747 3481/3348/3747
f 3480/3349/3748 2962/3350/3748 3144/3351/3748
f 3254/3352/3749 3255/3353/3749 3479/3354/3749
f 3478/3355/3750 2965/3356/3750 3256/3357/3750
f 3477/3358/3751 2961/3359/3751 3143/3360/3751
f 3476/3361/3752 3018/3362/3752 3259/3363/3752
f 3475/3364/3753 2970/3365/3753 3260/3366/3753
f 3474/3367/3754 2952/3368/3755 3134/3369/3756
f 3473/3370/3757 3019/3371/3758 3321/3372/3759
f 3472/3373/3760 2962/3374/3761 3289/3375/3762
f 3471/3376/3763 2972/3377/3764 3311/3378/3765
f 3470/3379/3766 3020/3380/3767 3322/3381/3768
f 3368/3382/3769 3363/3383/3769 3469/3383/3769
f 3269/3384/3770 3310/3385/3771 3468/3386/3772
f 3270/3387/3773 3323/3388/3774 3467/3389/3775
f 3138/3390/3776 3291/3391/3777 3466/3392/3778
f 3465/3393/3779 2966/3394/3780 3309/3395/3781
f 3464/3396/3782 3022/3397/3783 3324/3398/3784
f 3463/3399/3785 2953/3400/3786 3292/3401/3787
f 3462/3402/3788 3038/3403/3789 3276/3404/3790
f 3294/3405/3791 3272/3406/3792 3461/3407/3793
f 3460/3408/3794 3036/3409/3794 3268/3410/3794
f 3459/3411/3795 3035/3412/3796 3264/3413/3797
f 3458/3414/3798 3034/3415/3799 3220/3416/3800
f 3298/3417/3801 3208/3418/3802 3457/3419/3803
f 3299/3420/3804 3196/3421/3805 3456/3422/3806
f 3300/3423/3807 3184/3424/3808 3455/3425/3809
f 3301/3426/3810 3180/3427/3811 3454/3428/3812
f 3302/3429/3813 3176/3430/3814 3453/3431/3815
f 3303/3432/3816 3172/3433/3817 3452/3434/3818
f 3451/3435/3819 3027/3436/3820 3168/3437/3821
f 3450/3438/3822 3023/3439/3823 3277/3440/3824
f 3449/3441/3825 3026/3442/3825 3154/3443/3825
f 3307/3444/3826 3151/3445/3827 3448/3446/3828
f 3447/3447/3829 3024/3448/3830 3148/3449/3831
f 3446/3450/3832 3054/3451/3833 3275/3452/3834
f 3445/3453/3835 3039/3454/3836 3100/3455/3837
f 3444/3456/3838 3053/3457/3838 3271/3458/3838
f 3443/3459/3839 3040/3460/3839 3103/3461/3839
f 3442/3462/3840 3066/3463/3840 3366/3462/3840
f 3441/3163/3841 3063/3464/3841 3345/3163/3841
f 3331/3465/3842 3263/3466/3842 3440/3467/3842
f 3332/3468/3843 3316/3469/3843 3439/3470/3843
f 3333/3471/3844 3219/3472/3844 3438/3473/3844
f 3334/3474/3845 3120/3475/3845 3437/3476/3845
f 3436/3477/3846 3074/3409/3847 3362/3477/3848
f 3435/3478/3849 3062/3479/3850 3344/3478/3851
f 3434/3480/3852 3048/3481/3852 3195/3482/3852
f 3433/3483/3853 3044/3484/3853 3128/3485/3853
f 3339/3486/3854 3183/3487/3855 3432/3488/3856
f 3340/3489/3857 3132/3490/3858 3431/3491/3859
f 3430/3432/3860 3083/3492/3861 3392/3432/3862
f 3429/3123/3863 3079/3493/3864 3385/3123/3864
f 3428/3417/3865 3080/3494/3866 3391/3417/3867
f 3358/3495/3868 3382/3496/3869 3427/3496/3870
f 3363/3383/3871 3353/3497/3872 3426/3498/3873
f 3364/3126/3874 3344/3478/3875 3425/3499/3876
f 3424/3500/3877 3068/3501/3878 3352/3502/3879
f 3423/3503/3880 3066/3463/3881 3347/3504/3882
f 3422/3505/3883 3059/3506/3884 3349/3505/3885
f 3374/3493/3886 3354/3123/3887 3421/3123/3888
f 3420/3265/3889 3065/3167/3889 3350/3265/3889
f 3419/3507/3890 3071/3442/3891 3355/3507/3892
f 3418/3508/3893 3072/3509/3893 3359/3508/3893
f 3377/3460/3894 3342/3461/3895 3417/3461/3896
f 3379/3492/3897 3361/3432/3897 3416/3432/3897
f 3378/3172/3898 3351/3510/3898 3415/3510/3898
f 3414/3511/3899 3055/3512/3900 3348/3511/3901
f 3413/3496/3902 3060/3495/3903 3343/3496/3904
f 3412/3513/3905 3068/3501/3905 3365/3513/3905
f 3411/3417/3906 3070/3494/3907 3360/3417/3908
f 3410/3514/3909 3076/3170/3910 3386/3507/3911
f 3382/3496/3912 3387/3515/3913 3409/3516/3914
f 3384/3505/3915 3388/3517/3916 3408/3518/3917
f 3407/3519/3918 3075/3512/3919 3389/3520/3920
f 3406/3169/3921 3076/3170/3921 3381/3169/3921
f 3405/3511/3922 3075/3512/3923 3383/3511/3924
f 3399/3442/3925 3386/3507/3926 3404/3507/3927
f 3400/3409/3928 3393/3477/3929 3403/3477/3930
f 3396/3509/3931 3390/3508/3932 3402/3508/3933
f 3357/3506/3934 3384/3505/3935 3401/3505/3936
f 3401/3505/3937 3079/3493/3937 3395/3493/3937
f 3349/3505/3938 3395/3493/3938 3067/3493/3938
f 3059/3506/3939 3401/3505/3940 3349/3505/3941
f 3402/3508/3933 3084/3409/3942 3400/3409/3928
f 3359/3508/3943 3400/3409/3928 3074/3409/3944
f 3072/3509/3945 3402/3508/3933 3359/3508/3943
f 3403/3477/3930 3081/3442/3946 3399/3442/3947
f 3362/3477/3948 3399/3442/3948 3071/3442/3948
f 3074/3409/3949 3403/3477/3930 3362/3477/3950
f 3404/3507/3927 3076/3170/3926 3397/3170/3951
f 3355/3507/3952 3397/3170/3951 3056/3170/3953
f 3071/3442/3952 3404/3507/3927 3355/3507/3952
f 3358/3495/3868 3383/3511/3954 3078/3495/3955
f 3060/3495/3956 3405/3511/3922 3358/3495/3957
f 3348/3511/3958 3398/3512/3959 3405/3511/3922
f 3398/3512/3959 3381/3169/3960 3075/3512/3923
f 3055/3512/3961 3406/3169/3962 3398/3512/3963
f 3341/3169/3964 3397/3170/3965 3406/3169/3966
f 3390/3508/3967 3389/3520/3920 3084/3409/3968
f 3082/3509/3969 3407/3519/3918 3390/3508/3967
f 3387/3515/3970 3383/3511/3971 3407/3519/3918
f 3408/3518/3917 3083/3492/3972 3391/3417/3973
f 3385/3123/3974 3391/3417/3973 3080/3494/3973
f 3079/3493/3975 3408/3518/3917 3385/3123/3974
f 3409/3516/3914 3082/3509/3976 3392/3432/3977
f 3388/3517/3978 3392/3432/3977 3083/3492/3979
f 3077/3506/3980 3409/3516/3914 3388/3517/3978
f 3393/3477/3981 3386/3507/3911 3081/3442/3981
f 3084/3409/3982 3410/3514/3909 3393/3477/3981
f 3389/3520/3983 3381/3169/3984 3410/3514/3909
f 3411/3417/3985 3073/3492/3985 3379/3492/3985
f 3298/3417/3986 3379/3492/3986 3033/3492/3986
f 3025/3494/3987 3411/3417/3987 3298/3417/3987
f 3377/3460/3988 3365/3513/3988 3057/3460/3988
f 3040/3460/3989 3412/3513/3989 3377/3460/3989
f 3335/3513/3990 3367/3501/3990 3412/3513/3990
f 3413/3496/3991 3059/3506/3991 3373/3506/3991
f 2971/3506/3992 3413/3496/3992 3373/3506/3992
f 3105/3496/3993 3380/3495/3993 3413/3496/3993
f 3414/3511/3994 3060/3495/3994 3380/3495/3994
f 3141/3511/3995 3380/3495/3995 2941/3495/3995
f 2959/3512/3996 3414/3511/3996 3141/3511/3996
f 3415/3510/3997 3064/3249/3997 3369/3249/3997
f 3170/3510/3998 3369/3249/3998 2988/3249/3998
f 2939/3172/3999 3415/3510/3999 3170/3510/3999
f 3416/3432/4000 3072/3509/4001 3376/3509/4002
f 3303/3432/4003 3376/3509/4003 3028/3509/4003
f 3033/3492/4004 3416/3432/4004 3303/3432/4004
f 3417/3461/3896 3058/3172/4005 3378/3172/4006
f 3103/3461/4007 3378/3172/4008 2939/3172/4009
f 3103/3461/4007 3377/3460/4010 3417/3461/4007
f 3282/3409/4011 3359/3508/4011 3074/3409/4011
f 3036/3409/4012 3418/3508/4012 3282/3409/4012
f 3295/3508/4013 3376/3509/4014 3418/3508/4015
f 3371/3170/4016 3355/3507/4017 3056/3170/4018
f 2930/3170/4019 3419/3507/4020 3371/3170/4016
f 3280/3507/4021 3267/3442/4022 3419/3507/3890
f 3207/3464/4023 3350/3265/4023 3063/3464/4023
f 2987/3464/4024 3420/3265/4024 3207/3464/4024
f 3169/3265/4025 3370/3167/4025 3420/3265/4025
f 3421/3123/4026 3070/3494/4027 3375/3494/4028
f 3279/3123/4029 3375/3494/4028 3025/3494/4030
f 2932/3493/4031 3421/3123/4026 3279/3123/4029
f 3422/3505/4032 3067/3493/4032 3374/3493/4032
f 2932/3493/4033 3422/3505/4033 3374/3493/4033
f 3153/3505/4034 3373/3506/4034 3422/3505/4034
f 3346/3250/4035 3347/3504/3882 3065/3167/4035
f 3064/3249/4036 3423/3503/4037 3346/3250/4036
f 3352/3502/4038 3366/3462/4039 3423/3503/4037
f 3351/3510/4040 3352/3502/3879 3064/3249/4040
f 3058/3172/4041 3424/3500/4042 3351/3510/4043
f 3342/3461/4044 3365/3513/4045 3424/3500/4042
f 3425/3499/3876 3062/3479/4046 3345/3163/4046
f 3353/3497/4047 3345/3163/4048 3063/3464/4048
f 3069/3382/4049 3425/3499/4050 3353/3497/4047
f 3426/3498/3873 3063/3464/4051 3350/3265/4052
f 3347/3504/4053 3350/3265/4054 3065/3167/4054
f 3066/3463/4055 3426/3498/4056 3347/3504/4053
f 3427/3496/3870 3077/3506/4057 3357/3506/4058
f 3343/3496/4059 3357/3506/4058 3059/3506/4060
f 3060/3495/4061 3427/3496/3870 3343/3496/4059
f 3394/3492/4062 3391/3417/4063 3083/3492/3861
f 3073/3492/4064 3428/3417/3865 3394/3492/4065
f 3360/3417/4066 3356/3494/4067 3428/3417/3865
f 3356/3494/4068 3385/3123/3864 3080/3494/3864
f 3070/3494/4069 3429/3123/3863 3356/3494/4068
f 3354/3123/4069 3395/3493/4070 3429/3123/3863
f 3396/3509/3931 3392/3432/3862 3082/3509/4071
f 3072/3509/4072 3430/3432/3860 3396/3509/3931
f 3361/3432/4073 3394/3492/4062 3430/3432/3860
f 3130/3521/4074 3132/3490/4075 2950/3184/3620
f 2996/3205/4076 3431/3491/4077 3130/3521/4078
f 3047/3522/4079 3431/3491/4080 3183/3487/4081
f 3178/3523/4082 3183/3487/4083 2996/3205/3641
f 2934/3524/4084 3432/3488/4085 3178/3523/4086
f 3046/3525/4087 3432/3488/4088 3316/3526/4089
f 3126/3527/4090 3128/3485/4091 2949/3175/3611
f 2992/3232/4092 3433/3483/4093 3126/3527/4090
f 3195/3482/4094 3338/3528/4094 3433/3483/4094
f 3174/3529/4095 3195/3482/4096 2992/3232/4097
f 2936/3530/4098 3434/3480/4099 3174/3529/4095
f 3100/3455/4100 3337/3531/4100 3434/3480/4100
f 3287/3125/4101 3344/3478/3851 3061/3125/4102
f 3106/3478/4103 3287/3125/4103 3041/3125/4103
f 3106/3478/4104 3290/3479/4105 3435/3478/4104
f 3436/3477/4106 3071/3442/4106 3267/3442/4106
f 3026/3442/4107 3436/3477/4107 3267/3442/4107
f 3306/3477/4108 3282/3409/4108 3436/3477/4108
f 3437/3476/4109 2947/3532/4110 3118/3157/4111
f 3219/3472/4112 3118/3157/4113 2984/3533/4114
f 3050/3534/4115 3437/3476/4115 3219/3472/4115
f 3438/3473/4116 2984/3533/4117 3166/3283/4118
f 3106/3478/4119 3166/3283/4120 2942/3479/4121
f 3041/3125/4122 3438/3473/4122 3106/3478/4122
f 3439/3470/4123 2934/3535/4124 3117/3154/3591
f 3263/3466/4125 3117/3154/3591 2983/3536/4126
f 3051/3537/4127 3439/3470/4127 3263/3466/4127
f 3440/3467/4128 2983/3536/4129 3165/3292/3718
f 3120/3475/4130 3165/3292/3718 2947/3532/4131
f 3042/3538/4132 3440/3467/4132 3120/3475/4132
f 3290/3479/4133 3345/3163/4133 3062/3479/4133
f 2942/3479/4134 3441/3163/4134 3290/3479/4134
f 3121/3163/4135 3207/3464/4135 3441/3163/4135
f 3367/3501/4136 3366/3462/4136 3068/3501/4136
f 3049/3501/4137 3442/3462/4137 3367/3501/4137
f 3336/3462/4138 3124/3463/4139 3442/3462/4140
f 3125/3539/4141 3103/3461/4142 2939/3172/4143
f 2991/3241/3677 3443/3459/4144 3125/3539/4145
f 3271/3458/4146 3328/3540/4146 3443/3459/4146
f 3173/3541/4147 3271/3458/4148 2991/3241/3677
f 2949/3175/4149 3444/3456/4150 3173/3541/4147
f 3128/3485/4151 3327/3542/4151 3444/3456/4151
f 3445/3453/4152 2936/3530/4153 3129/3180/3616
f 3275/3452/4154 3129/3180/4155 2995/3543/4156
f 3275/3452/4157 3326/3544/4158 3445/3453/4159
f 3446/3450/4160 2995/3543/4161 3177/3213/3649
f 3132/3490/4162 3177/3213/4163 2950/3184/4164
f 3132/3490/4165 3325/3545/4166 3446/3450/4167
f 3273/3546/4168 3148/3449/3831 2966/3394/3780
f 3022/3397/4169 3447/3447/4170 3273/3546/4171
f 3276/3404/4172 3308/3547/4173 3447/3447/4174
f 3448/3446/3828 2969/3548/4175 3269/3384/4176
f 3272/3406/3792 3269/3384/3770 3021/3549/4177
f 3037/3550/4178 3448/3446/3828 3272/3406/3792
f 3265/3551/4179 3154/3443/4180 2972/3377/4181
f 3020/3380/4182 3449/3441/4182 3265/3551/4182
f 3268/3410/4183 3306/3477/4184 3449/3441/4185
f 3261/3552/4186 3277/3440/3824 2952/3368/3755
f 3019/3371/4187 3450/3438/3822 3261/3552/4186
f 3264/3413/4188 3305/3553/4189 3450/3438/3822
f 3217/3554/4190 3168/3437/3821 2986/3269/3695
f 3008/3272/3698 3451/3435/3819 3217/3554/4190
f 3220/3416/3800 3304/3555/4191 3451/3435/3819
f 3452/3434/4192 2990/3556/4192 3205/3243/4192
f 3208/3418/4193 3205/3243/4193 3005/3557/4193
f 3033/3492/4194 3452/3434/4194 3208/3418/4194
f 3453/3431/3815 2994/3558/4195 3193/3216/3652
f 3196/3421/4196 3193/3216/3652 3002/3559/4197
f 3032/3560/4198 3453/3431/3815 3196/3421/4196
f 3454/3428/3812 2998/3561/4199 3181/3189/4200
f 3184/3424/4201 3181/3189/4202 2999/3562/4203
f 3031/3563/4204 3454/3428/4205 3184/3424/4201
f 3455/3425/3809 2999/3562/4206 3182/3192/4207
f 3277/3564/4208 3182/3192/4209 2952/3565/4210
f 3023/3566/4211 3455/3425/4212 3277/3564/4208
f 3456/3422/3806 3002/3559/4213 3194/3219/3655
f 3148/3449/4214 3194/3219/3655 2966/3394/4215
f 3024/3448/4216 3456/3422/3806 3148/3449/4214
f 3457/3419/4217 3005/3557/4217 3206/3246/4217
f 3151/3445/4218 3206/3246/4219 2969/3548/4220
f 3025/3494/4221 3457/3419/4221 3151/3445/4221
f 3218/3567/4222 3220/3416/3800 3008/3272/3698
f 2972/3377/4223 3458/3414/3798 3218/3567/4222
f 3154/3443/4224 3297/3568/4225 3458/3414/3798
f 3262/3569/4226 3264/3413/3797 3019/3371/3758
f 2986/3269/4227 3459/3411/3795 3262/3569/4226
f 3168/3437/4228 3296/3570/4229 3459/3411/3795
f 3266/3571/4230 3268/3410/4230 3020/3380/4230
f 2990/3556/4231 3460/3408/4231 3266/3571/4231
f 3172/3433/4232 3295/3508/4233 3460/3408/4234
f 3461/3407/3793 3021/3549/4177 3270/3387/3773
f 3176/3430/4235 3270/3387/3773 2994/3558/4236
f 3029/3572/4237 3461/3407/3793 3176/3430/4235
f 3274/3573/4238 3276/3404/3790 3022/3397/4239
f 2998/3561/4240 3462/3402/4241 3274/3573/4242
f 3180/3427/4243 3293/3574/4244 3462/3402/4241
f 3293/3574/4245 3292/3401/3787 3038/3403/3789
f 3030/3575/4246 3463/3399/4247 3293/3574/4244
f 3284/3187/4248 3135/3576/4249 3463/3399/4247
f 3325/3545/4250 3324/3398/3784 3054/3451/4251
f 3045/3577/4252 3464/3396/4253 3325/3545/4254
f 3315/3190/4255 3274/3573/4256 3464/3396/4253
f 3326/3544/4257 3309/3395/3781 3039/3454/4258
f 3054/3451/4259 3465/3393/4260 3326/3544/4261
f 3324/3398/4262 3273/3546/4171 3465/3393/4260
f 3466/3392/3778 3037/3550/4178 3294/3405/3791
f 3283/3178/3614 3294/3405/3791 3029/3572/4237
f 2938/3578/4263 3466/3392/3778 3283/3178/3614
f 3467/3389/3775 3053/3457/4264 3327/3542/4265
f 3314/3217/4266 3327/3542/4265 3044/3484/4267
f 2994/3558/4236 3467/3389/3775 3314/3217/4266
f 3468/3386/3772 3040/3460/4268 3328/3540/4269
f 3323/3388/3774 3328/3540/4269 3053/3457/4264
f 3021/3549/4177 3468/3386/3772 3323/3388/3774
f 3469/3383/4270 3066/3463/4270 3124/3463/4270
f 3329/3383/4271 3124/3463/4272 3043/3463/4273
f 3052/3382/4274 3469/3383/4274 3329/3383/4274
f 3329/3383/4275 3322/3381/4275 3052/3382/4275
f 3043/3463/4276 3470/3379/4276 3329/3383/4276
f 3313/3244/4277 3266/3571/4277 3470/3379/4277
f 3330/3126/4278 3311/3378/3765 3041/3125/4279
f 3052/3382/4280 3471/3376/3763 3330/3126/4278
f 3322/3381/4281 3265/3551/4179 3471/3376/4282
f 3296/3570/4229 3289/3375/4283 3035/3412/3796
f 3027/3436/4284 3472/3373/3760 3296/3570/4229
f 3281/3162/3599 3144/3579/4285 3472/3373/3760
f 3331/3465/4286 3321/3372/3759 3051/3537/4287
f 3042/3538/4288 3473/3370/3757 3331/3465/4286
f 3312/3270/3696 3262/3569/4226 3473/3370/3757
f 3332/3468/4289 3134/3369/3756 3046/3580/4290
f 3051/3537/4291 3474/3367/3754 3332/3468/4289
f 3321/3372/4292 3261/3552/4186 3474/3367/3754
f 3258/3581/4293 3260/3366/4293 3018/3362/4293
f 2982/3582/4294 3475/3364/4294 3258/3581/4294
f 3164/3152/4295 3104/3583/4295 3475/3364/4295
f 3161/3584/4296 3259/3363/4297 2979/3320/4298
f 2946/3585/4299 3476/3361/4300 3161/3584/4301
f 3116/3296/4302 3258/3581/4302 3476/3361/4302
f 3113/3586/4303 3143/3360/4303 2943/3146/4303
f 2979/3320/4304 3477/3358/4304 3113/3586/4304
f 3259/3363/4305 3257/3587/4305 3477/3358/4305
f 3254/3352/4306 3256/3357/4306 3017/3588/4306
f 2978/3323/4307 3478/3355/4307 3254/3352/4307
f 3160/3143/4308 3099/3589/4308 3478/3355/4308
f 3479/3354/4309 2975/3590/4309 3157/3346/4309
f 3112/3324/4310 3157/3346/4310 2945/3140/4310
f 2978/3323/4311 3479/3354/4312 3112/3324/4313
f 3109/3591/4314 3144/3351/4314 2944/3137/4314
f 3255/3353/4315 3109/3591/4315 2975/3590/4315
f 3255/3353/4316 3253/3592/4317 3480/3349/4316
f 3481/3348/4318 3016/3593/4319 3250/3343/4320
f 3159/3141/4321 3250/3343/4321 2977/3332/4321
f 2945/3140/4322 3481/3348/4322 3159/3141/4322
f 3482/3345/4323 2959/3512/4323 3141/3511/4323
f 3111/3333/4324 3141/3511/4324 2941/3495/4324
f 2977/3332/4325 3482/3345/4325 3111/3333/4325
f 3483/3342/4326 2930/3170/4326 3093/3169/4326
f 3251/3344/4327 3093/3169/4327 2959/3512/4327
f 3016/3593/4328 3483/3342/4328 3251/3344/4328
f 3246/3594/4329 3248/3339/4329 3015/3335/4329
f 2956/3595/4330 3484/3337/4330 3246/3594/4330
f 2938/3596/4331 3484/3337/4331 3138/3597/4331
f 3153/3505/4332 3247/3336/4332 2971/3506/4332
f 2932/3493/4333 3485/3334/4333 3153/3505/4333
f 3090/3598/4334 3246/3594/4334 3485/3334/4334
f 3105/3496/4335 3111/3333/4335 2941/3495/4335
f 2971/3506/4336 3486/3331/4336 3105/3496/4336
f 3247/3336/4337 3245/3599/4337 3486/3331/4337
f 3487/3328/4338 3014/3600/4338 3242/3325/4338
f 3150/3601/4339 3242/3325/4339 2968/3602/4339
f 3150/3601/4340 3087/3603/4341 3487/3328/4342
f 3158/3604/4343 3243/3326/4343 2976/3338/4343
f 3102/3605/4344 3158/3604/4344 2938/3596/4344
f 2968/3602/4345 3488/3327/4345 3102/3605/4345
f 3110/3606/4346 3112/3324/4346 2945/3140/4346
f 2976/3338/4347 3489/3322/4347 3110/3606/4347
f 3243/3326/4348 3241/3607/4348 3489/3322/4348
f 3238/3608/4349 3240/3321/4349 3013/3317/4349
f 2981/3609/4350 3490/3319/4350 3238/3608/4350
f 3163/3149/4351 3161/3584/4351 3490/3319/4351
f 3133/3610/4352 3239/3318/4352 2951/3611/4352
f 2933/3612/4353 3491/3316/4353 3133/3610/4353
f 3115/3305/4354 3238/3608/4355 3491/3316/4356
f 3085/3613/4357 3155/3315/4357 2925/3614/4357
f 2951/3611/4358 3492/3313/4358 3085/3613/4358
f 3239/3318/4359 3237/3615/4359 3492/3313/4359
f 3493/3312/4360 3012/3616/4361 3234/3307/4362
f 3137/3617/4363 3234/3307/4364 2955/3618/4365
f 2937/3619/4366 3493/3312/4366 3137/3617/4366
f 3494/3309/4367 2963/3620/4367 3145/3621/4367
f 3089/3622/4368 3145/3621/4368 2927/3623/4368
f 2955/3618/4369 3494/3309/4369 3089/3622/4369
f 3495/3306/4370 2933/3612/4370 3097/3624/4370
f 3235/3308/4371 3097/3624/4371 2963/3620/4371
f 3012/3616/4372 3495/3306/4373 3235/3308/4374
f 3496/3303/4375 3011/3625/4375 3230/3298/4375
f 3149/3626/4376 3230/3298/4376 2967/3627/4376
f 2931/3628/4377 3496/3303/4377 3149/3626/4377
f 3497/3300/4378 2980/3629/4378 3162/3310/4378
f 3101/3630/4379 3162/3310/4379 2937/3619/4379
f 2967/3627/4380 3497/3300/4380 3101/3630/4380
f 3498/3297/4381 2946/3585/4382 3114/3148/4383
f 3231/3299/4384 3114/3148/4385 2980/3629/4386
f 3011/3625/4387 3498/3297/4387 3231/3299/4387
f 3499/3294/4388 3010/3631/4389 3226/3289/4390
f 3167/3158/4391 3226/3289/4392 2985/3632/4393
f 2947/3532/4131 3499/3294/3720 3167/3158/4394
f 3500/3291/4395 2973/3633/4395 3107/3634/4395
f 3119/3278/4396 3107/3634/4396 2943/3635/4396
f 2985/3632/4397 3500/3291/4398 3119/3278/4399
f 3501/3288/3714 2925/3636/4400 3155/3637/4401
f 3227/3290/4402 3155/3637/4403 2973/3633/4404
f 3010/3631/4405 3501/3288/4406 3227/3290/4402
f 3502/3285/4407 3009/3638/4408 3222/3280/4409
f 3142/3164/4410 3222/3280/3706 2960/3639/4411
f 2942/3479/4412 3502/3285/4407 3142/3164/4413
f 3503/3282/4414 2961/3640/4415 3095/3641/4416
f 3094/3260/4417 3095/3641/4417 2929/3131/4417
f 2960/3639/4418 3503/3282/4414 3094/3260/4419
f 3504/3279/4420 2943/3635/4420 3143/3642/4420
f 3223/3281/3707 3143/3642/4421 2961/3640/4422
f 3009/3638/4408 3504/3279/4423 3223/3281/4424
f 3297/3568/4225 3288/3276/3702 3034/3415/3799
f 3026/3442/4425 3505/3274/3700 3297/3568/4225
f 3280/3507/4426 3156/3643/4427 3505/3274/3700
f 3333/3471/4428 3320/3273/3699 3050/3534/4429
f 3041/3125/4430 3506/3271/3697 3333/3471/4428
f 3311/3378/4431 3218/3567/4222 3506/3271/3697
f 3334/3474/4432 3312/3270/3696 3042/3538/4288
f 3050/3534/4429 3507/3268/3694 3334/3474/4432
f 3320/3273/3699 3217/3554/4190 3507/3268/3694
f 3508/3267/4433 3007/3644/4434 3214/3262/4435
f 3171/3168/4436 3214/3262/4436 2989/3252/4436
f 2948/3167/4437 3508/3267/4437 3171/3168/4437
f 3509/3264/4438 2970/3365/4438 3104/3583/4438
f 3123/3253/4439 3104/3583/4439 2940/3645/4439
f 2989/3252/4440 3509/3264/4440 3123/3253/4440
f 3510/3261/4441 2929/3131/4441 3152/3646/4441
f 3215/3263/4442 3152/3646/4442 2970/3365/4442
f 3007/3644/4443 3510/3261/4443 3215/3263/4443
f 3210/3647/4444 3212/3258/4444 3006/3255/4444
f 2957/3235/4445 3511/3257/4446 3210/3647/4447
f 3139/3173/4448 3170/3510/4449 3511/3257/4450
f 3092/3301/4451 3211/3256/4451 2958/3648/4451
f 2931/3628/4452 3512/3254/4452 3092/3301/4452
f 3091/3236/4453 3210/3647/4453 3512/3254/4453
f 3140/3151/4454 3123/3253/4454 2940/3645/4454
f 2958/3648/4455 3513/3251/4455 3140/3151/4455
f 3211/3256/4456 3209/3649/4456 3513/3251/4456
f 3514/3250/4457 3065/3167/4457 3370/3167/4457
f 3122/3250/4458 3370/3167/4458 2948/3167/4458
f 2988/3249/4459 3514/3250/4459 3122/3250/4459
f 3515/3248/3682 3049/3501/4460 3335/3513/4461
f 3310/3385/4462 3335/3513/4461 3040/3460/4463
f 2969/3548/4464 3515/3248/3682 3310/3385/4462
f 3516/3245/4465 3043/3463/4465 3336/3462/4465
f 3319/3247/4466 3336/3462/4466 3049/3501/4466
f 3005/3557/4467 3516/3245/4468 3319/3247/4469
f 3202/3650/4470 3204/3242/4471 3004/3238/4472
f 2993/3226/4473 3517/3240/3676 3202/3650/4474
f 3175/3176/4475 3173/3541/4147 3517/3240/4476
f 3101/3651/4477 3203/3239/4478 2967/3652/4479
f 2937/3653/4480 3518/3237/4480 3101/3651/4480
f 3127/3227/4481 3202/3650/4482 3518/3237/4483
f 3149/3654/4484 3091/3236/4484 2931/3628/4484
f 2967/3652/4485 3519/3234/3670 3149/3654/4486
f 3203/3239/4478 3201/3655/4487 3519/3234/4488
f 3198/3656/4489 3200/3233/3669 3003/3229/4490
f 2954/3657/4491 3520/3231/3667 3198/3656/4489
f 3136/3181/4492 3174/3529/4095 3520/3231/4493
f 3089/3658/4494 3199/3230/3666 2955/3659/4495
f 2927/3660/4496 3521/3228/3664 3089/3658/4494
f 3088/3208/4497 3198/3656/4498 3521/3228/3664
f 3137/3661/4499 3127/3227/4499 2937/3653/4499
f 2955/3659/4500 3522/3225/4500 3137/3661/4500
f 3199/3230/4501 3197/3662/4502 3522/3225/4503
f 3523/3224/3660 3032/3560/4504 3299/3420/3804
f 3278/3121/4505 3299/3420/3804 3024/3448/4216
f 2928/3120/4506 3523/3224/3660 3278/3121/4505
f 3524/3221/3657 3048/3481/4507 3337/3531/4508
f 3309/3395/4509 3337/3531/4508 3039/3454/4510
f 2966/3394/4215 3524/3221/3657 3309/3395/4509
f 3525/3218/3654 3044/3484/4511 3338/3528/4512
f 3318/3220/4513 3338/3528/4512 3048/3481/4514
f 3002/3559/4197 3525/3218/3654 3318/3220/4513
f 3526/3215/3651 3001/3663/4515 3190/3210/4516
f 3179/3185/4517 3190/3210/4518 2997/3199/4519
f 2950/3184/4164 3526/3215/4520 3179/3185/4517
f 3527/3212/3648 2963/3664/4521 3097/3665/4522
f 3131/3200/4523 3097/3665/4524 2933/3666/4525
f 2997/3199/4526 3527/3212/4527 3131/3200/4523
f 3528/3209/4528 2927/3660/4528 3145/3667/4528
f 3191/3211/4529 3145/3667/4529 2963/3664/4529
f 3001/3663/4530 3528/3209/4531 3191/3211/4532
f 3186/3668/4533 3188/3206/4534 3000/3202/4535
f 2964/3669/4536 3529/3204/4537 3186/3668/4538
f 3098/3670/4539 3178/3523/4086 3529/3204/4540
f 3085/3671/4541 3187/3203/4541 2951/3672/4541
f 2925/3673/4542 3530/3201/4542 3085/3671/4542
f 3146/3674/4543 3186/3668/4544 3530/3201/4545
f 3133/3675/4546 3131/3200/3636 2933/3666/4547
f 2951/3672/4548 3531/3198/4549 3133/3675/4550
f 3187/3203/4551 3185/3676/4552 3531/3198/4549
f 3532/3197/3633 3031/3563/4553 3300/3423/3807
f 3086/3677/4554 3300/3423/4555 3023/3566/4211
f 2926/3678/4556 3532/3197/4557 3086/3677/4554
f 3533/3194/3630 3047/3522/4558 3339/3486/4559
f 3134/3679/4560 3339/3486/4561 3046/3525/4562
f 2952/3565/4210 3533/3194/4563 3134/3679/4560
f 3534/3191/3627 3045/3577/4564 3340/3489/4565
f 3317/3193/4566 3340/3489/4567 3047/3522/4568
f 2999/3562/4569 3534/3191/4570 3317/3193/4566
f 3535/3188/3624 3030/3575/4571 3301/3426/3810
f 3285/3196/4572 3301/3426/4573 3031/3563/4204
f 2965/3680/4574 3535/3188/4575 3285/3196/4572
f 3185/3676/4576 3179/3185/3621 2997/3199/4577
f 3000/3202/4578 3536/3183/4579 3185/3676/4580
f 3188/3206/4581 3130/3521/4078 3536/3183/4582
f 3537/3182/3618 2954/3657/4583 3189/3207/4584
f 3192/3214/4585 3189/3207/4586 3001/3663/4587
f 2995/3543/4156 3537/3182/4588 3192/3214/4585
f 3538/3179/3615 3029/3572/4237 3302/3429/3813
f 3286/3223/4589 3302/3429/3813 3032/3560/4198
f 2968/3681/4590 3538/3179/3615 3286/3223/4589
f 3197/3662/4591 3175/3176/4592 2993/3226/4593
f 3003/3229/4594 3539/3174/4595 3197/3662/4596
f 3200/3233/4597 3126/3527/4090 3539/3174/3610
f 3201/3655/4487 3139/3173/4598 2957/3235/4599
f 3004/3238/3674 3540/3171/3607 3201/3655/4600
f 3204/3242/4471 3125/3539/4601 3540/3171/4602
f 3541/3169/4603 3055/3512/4603 3372/3512/4603
f 3093/3169/4604 3372/3512/4604 2959/3512/4604
f 2930/3170/4605 3541/3169/4605 3093/3169/4605
f 3209/3649/4606 3171/3168/4606 2989/3252/4606
f 3006/3255/4607 3542/3166/4608 3209/3649/4609
f 3212/3258/4610 3122/3250/4611 3542/3166/4612
f 3543/3165/4613 2960/3639/4614 3213/3259/4615
f 3216/3266/4616 3213/3259/4616 3007/3644/4616
f 2987/3464/4617 3543/3165/4618 3216/3266/4619
f 3304/3555/4191 3281/3162/3599 3027/3436/4284
f 3034/3415/3799 3544/3160/3597 3304/3555/4191
f 3288/3276/3702 3108/3682/4620 3544/3160/3597
f 3545/3159/4621 2985/3632/4622 3221/3277/4623
f 3224/3284/3710 3221/3277/4624 3009/3638/4625
f 2984/3533/4626 3545/3159/4621 3224/3284/4627
f 3546/3156/3593 2964/3683/4628 3225/3286/3712
f 3228/3293/4629 3225/3286/4630 3010/3631/4405
f 2983/3536/4126 3546/3156/4631 3228/3293/4629
f 3547/3153/4632 2982/3582/4632 3229/3295/4632
f 3232/3302/4633 3229/3295/4633 3011/3625/4633
f 2958/3648/4634 3547/3153/4634 3232/3302/4634
f 3548/3150/4635 2981/3609/4635 3233/3304/4635
f 3236/3311/4636 3233/3304/4636 3012/3616/4636
f 2980/3629/4637 3548/3150/4637 3236/3311/4637
f 3237/3615/4638 3107/3147/4639 2973/3314/4640
f 3013/3317/4641 3549/3145/4642 3237/3615/4643
f 3240/3321/4644 3113/3586/4644 3549/3145/4644
f 3550/3144/4645 2978/3323/4645 3241/3607/4645
f 3244/3330/4646 3241/3607/4646 3014/3600/4646
f 2953/3329/4647 3550/3144/4647 3244/3330/4647
f 3245/3599/4648 3159/3141/4648 2977/3332/4648
f 3015/3335/4649 3551/3139/4650 3245/3599/4651
f 3248/3339/4652 3110/3606/4652 3551/3139/4652
f 3552/3136/4653 2974/3684/4653 3249/3340/4653
f 3252/3347/4654 3249/3340/4654 3016/3593/4654
f 2975/3590/4655 3552/3136/4655 3252/3347/4655
f 3253/3592/4656 3096/3134/4656 2962/3350/4656
f 3017/3588/4657 3553/3135/4657 3253/3592/4657
f 2965/3356/4658 3553/3135/4659 3256/3357/4660
f 3257/3587/4661 3095/3132/4661 2961/3359/4661
f 3018/3362/4662 3554/3130/4662 3257/3587/4662
f 3260/3366/4663 3152/3646/4663 3554/3130/4663
f 3305/3553/4189 3086/3129/3580 3023/3439/3823
f 3035/3412/4664 3555/3127/3578 3305/3553/4189
f 3289/3375/3762 3096/3685/4665 3555/3127/3578
f 3556/3126/4666 3069/3382/4666 3368/3382/4666
f 3330/3126/4667 3368/3382/4667 3052/3382/4667
f 3041/3125/4668 3556/3126/4668 3330/3126/4668
f 3557/3124/3576 3025/3494/4669 3307/3444/3826
f 3291/3391/3777 3307/3444/3826 3037/3550/4178
f 2956/3686/4670 3557/3124/3576 3291/3391/3777
f 3308/3547/4671 3278/3121/3573 3024/3448/3830
f 3038/3403/4672 3558/3119/4673 3308/3547/4173
f 3292/3401/4674 3087/3687/4675 3558/3119/4673
f 4192/3688/4676 3562/3689/4677 3912/3690/4678
f 3724/3691/4679 3913/3692/4680 4191/3693/4681
f 3921/3694/4682 3998/3695/4682 4190/3695/4682
f 4189/3696/4683 3560/3697/4684 3720/3698/4685
f 4188/3699/4686 3563/3700/4686 3729/3701/4686
f 3781/3702/4687 3730/3703/4688 4187/3704/4689
f 4186/3705/4690 3578/3706/4690 3742/3707/4690
f 4185/3708/4691 3579/3709/4691 3793/3710/4691
f 3769/3711/4692 3794/3712/4692 4184/3713/4692
f 4183/3714/4693 3577/3715/4693 3741/3716/4693
f 3748/3717/4694 3797/3718/4694 4182/3719/4694
f 3774/3720/4695 3798/3721/4695 4181/3722/4695
f 3751/3723/4696 3732/3724/4697 4180/3725/4698
f 3752/3726/4699 3801/3727/4700 4179/3728/4701
f 4178/3729/4702 3578/3730/4703 3915/3731/4704
f 3755/3732/4705 3776/3733/4706 4177/3734/4707
f 4176/3735/4708 3582/3736/4708 3805/3737/4708
f 4175/3738/4709 3690/3739/4710 3975/3738/4711
f 4174/3740/4712 3573/3741/4713 3773/3742/4714
f 4173/3743/4715 3583/3744/4716 3809/3745/4717
f 3736/3746/4718 3917/3747/4719 4172/3748/4720
f 3763/3749/4721 3770/3750/4722 4171/3751/4723
f 4170/3752/4724 3584/3753/4725 3813/3754/4726
f 3733/3755/4727 3918/3756/4728 4169/3757/4729
f 3815/3758/4730 3949/3759/4731 4168/3760/4732
f 3816/3761/4733 3951/3762/4734 4167/3763/4735
f 3781/3764/4736 3919/3765/4737 4166/3766/4738
f 4165/3767/4739 3631/3768/4740 3765/3769/4741
f 4164/3770/4742 3634/3771/4743 3821/3772/4744
f 4163/3773/4745 3630/3774/4746 3822/3775/4747
f 3823/3776/4748 3722/3777/4749 4162/3778/4750
f 3824/3779/4751 3825/3780/4752 4161/3781/4753
f 3811/3782/4754 3826/3783/4755 4160/3784/4756
f 3827/3785/4757 3948/3786/4758 4159/3787/4759
f 3828/3788/4760 3952/3789/4761 4158/3790/4762
f 3784/3791/4763 3920/3792/4764 4157/3793/4765
f 4156/3794/4766 3627/3795/4767 3761/3796/4768
f 4155/3797/4769 3637/3798/4770 3833/3799/4771
f 4154/3800/4772 3626/3801/4773 3834/3802/4774
f 4153/3803/4775 3591/3804/4776 3725/3805/4777
f 4152/3806/4778 3638/3807/4779 3837/3808/4780
f 4151/3809/4781 3625/3810/4782 3838/3811/4783
f 3839/3812/4784 3947/3813/4784 4150/3814/4784
f 3840/3815/4785 3953/3816/4786 4149/3817/4787
f 4003/3818/4788 3980/3819/4788 4148/3819/4788
f 4147/3820/4789 3623/3821/4789 3757/3822/4789
f 4146/3823/4790 3640/3824/4790 3845/3825/4790
f 4145/3826/4791 3622/3818/4792 3846/3827/4793
f 3847/3828/4794 3728/3829/4794 4144/3830/4794
f 3848/3831/4795 3849/3832/4795 4143/3833/4795
f 3803/3834/4796 3850/3835/4797 4142/3836/4798
f 4141/3837/4799 3620/3838/4800 3946/3839/4801
f 4140/3840/4802 3642/3841/4803 3954/3842/4804
f 4139/3843/4805 3608/3844/4806 3922/3845/4807
f 3855/3846/4808 3753/3847/4809 4138/3848/4810
f 3856/3849/4811 3857/3850/4812 4137/3851/4813
f 3800/3852/4814 3858/3853/4815 4136/3854/4816
f 3859/3855/4817 3780/3856/4818 4135/3857/4819
f 3860/3858/4820 3861/3859/4821 4134/3860/4822
f 3799/3861/4823 3862/3862/4824 4133/3863/4825
f 3863/3864/4826 3750/3865/4826 4132/3866/4826
f 3864/3867/4827 3865/3868/4827 4131/3869/4827
f 3726/3870/4828 3866/3871/4828 4130/3872/4828
f 3867/3873/4829 3749/3874/4830 4129/3875/4831
f 3868/3876/4832 3869/3877/4832 4128/3878/4832
f 3796/3879/4833 3870/3880/4833 4127/3881/4833
f 4126/3882/4834 3607/3883/4834 3789/3884/4834
f 4125/3885/4835 3647/3886/4836 3873/3887/4837
f 4124/3888/4838 3613/3889/4838 3874/3890/4838
f 4123/3891/4839 3612/3892/4840 3746/3893/4841
f 3876/3894/4842 3877/3895/4843 4122/3896/4843
f 4121/3897/4844 3587/3898/4845 3878/3899/4846
f 4120/3900/4847 3611/3901/4847 3745/3902/4847
f 4119/3903/4848 3649/3904/4848 3881/3905/4848
f 4118/3906/4849 3610/3907/4849 3882/3908/4849
f 3883/3909/4850 3790/3910/4850 4117/3911/4850
f 3884/3912/4851 3885/3913/4851 4116/3914/4851
f 3791/3915/4852 3886/3916/4852 4115/3917/4852
f 4114/3918/4853 3596/3919/4853 3778/3920/4853
f 3888/3921/4854 3889/3922/4854 4113/3923/4854
f 4112/3924/4855 3599/3925/4855 3890/3926/4855
f 4111/3927/4856 3595/3928/4856 3777/3929/4856
f 4110/3930/4857 3652/3931/4857 3893/3932/4857
f 4109/3933/4858 3604/3934/4858 3894/3935/4858
f 4108/3936/4859 3586/3937/4860 3768/3938/4861
f 4107/3939/4862 3653/3940/4863 3955/3941/4864
f 4106/3942/4865 3596/3943/4866 3923/3944/4867
f 4105/3945/4868 3606/3946/4869 3945/3947/4870
f 4104/3948/4871 3654/3949/4872 3956/3950/4873
f 4002/3951/4874 3997/3952/4874 4103/3952/4874
f 3903/3953/4875 3944/3954/4876 4102/3955/4877
f 3904/3956/4878 3957/3957/4879 4101/3958/4880
f 3772/3959/4881 3925/3960/4882 4100/3961/4883
f 4099/3962/4884 3600/3963/4885 3943/3964/4886
f 4098/3965/4887 3656/3966/4888 3958/3967/4889
f 4097/3968/4890 3587/3969/4891 3926/3970/4892
f 4096/3971/4893 3672/3972/4894 3910/3973/4895
f 3928/3974/4896 3906/3975/4897 4095/3976/4898
f 4094/3977/4899 3670/3978/4899 3902/3979/4899
f 4093/3980/4900 3669/3981/4901 3898/3982/4902
f 4092/3983/4903 3668/3984/4904 3854/3985/4905
f 3932/3986/4906 3842/3987/4907 4091/3988/4908
f 3933/3989/4909 3830/3990/4910 4090/3991/4911
f 3934/3992/4912 3818/3993/4913 4089/3994/4914
f 3935/3995/4915 3814/3996/4916 4088/3997/4917
f 3936/3998/4918 3810/3999/4919 4087/4000/4920
f 3937/4001/4921 3806/4002/4922 4086/4003/4923
f 4085/4004/4924 3661/4005/4925 3802/4006/4926
f 4084/4007/4927 3657/4008/4928 3911/4009/4929
f 4083/4010/4930 3660/4011/4930 3788/4012/4930
f 3941/4013/4931 3785/4014/4932 4082/4015/4933
f 4081/4016/4934 3658/4017/4935 3782/4018/4936
f 4080/4019/4937 3688/4020/4938 3909/4021/4939
f 4079/4022/4940 3673/4023/4941 3734/4024/4942
f 4078/4025/4943 3687/4026/4943 3905/4027/4943
f 4077/4028/4944 3674/4029/4944 3737/4030/4944
f 4076/4031/4945 3700/4032/4945 4000/4031/4945
f 4075/3732/4946 3697/4033/4946 3979/3732/4946
f 3965/4034/4947 3897/4035/4947 4074/4036/4947
f 3966/4037/4948 3950/4038/4948 4073/4039/4948
f 3967/4040/4949 3853/4041/4949 4072/4042/4949
f 3968/4043/4950 3754/4044/4950 4071/4045/4950
f 4070/4046/4951 3708/3978/4952 3996/4046/4953
f 4069/4047/4954 3696/4048/4955 3978/4047/4956
f 4068/4049/4957 3682/4050/4957 3829/4051/4957
f 4067/4052/4958 3678/4053/4958 3762/4054/4958
f 3973/4055/4959 3817/4056/4960 4066/4057/4961
f 3974/4058/4962 3766/4059/4963 4065/4060/4964
f 4064/4001/4965 3717/4061/4966 4026/4001/4967
f 4063/3692/4968 3713/4062/4969 4019/3692/4969
f 4062/3986/4970 3714/4063/4971 4025/3986/4972
f 3992/4064/4973 4016/4065/4974 4061/4065/4975
f 3997/3952/4976 3987/4066/4977 4060/4067/4978
f 3998/3695/4979 3978/4047/4980 4059/4068/4981
f 4058/4069/4982 3702/4070/4983 3986/4071/4984
f 4057/4072/4985 3700/4032/4986 3981/4073/4987
f 4056/4074/4988 3693/4075/4989 3983/4074/4990
f 4008/4062/4991 3988/3692/4992 4055/3692/4993
f 4054/3834/4994 3699/3736/4994 3984/3834/4994
f 4053/4076/4995 3705/4011/4996 3989/4076/4997
f 4052/4077/4998 3706/4078/4998 3993/4077/4998
f 4011/4029/4999 3976/4030/5000 4051/4030/5001
f 4013/4061/5002 3995/4001/5002 4050/4001/5002
f 4012/3741/5003 3985/4079/5003 4049/4079/5003
f 4048/4080/5004 3689/4081/5005 3982/4080/5006
f 4047/4065/5007 3694/4064/5008 3977/4065/5009
f 4046/4082/5010 3702/4070/5010 3999/4082/5010
f 4045/3986/5011 3704/4063/5012 3994/3986/5013
f 4044/4083/5014 3710/3739/5015 4020/4076/5016
f 4016/4065/5017 4021/4084/5018 4043/4085/5019
f 4018/4074/5020 4022/4086/5021 4042/4087/5022
f 4041/4088/5023 3709/4081/5024 4023/4089/5025
f 4040/3738/5026 3710/3739/5026 4015/3738/5026
f 4039/4080/5027 3709/4081/5028 4017/4080/5029
f 4033/4011/5030 4020/4076/5031 4038/4076/5032
f 4034/3978/5033 4027/4046/5034 4037/4046/5035
f 4030/4078/5036 4024/4077/5037 4036/4077/5038
f 3991/4075/5039 4018/4074/5040 4035/4074/5041
f 4035/4074/5042 3713/4062/5042 4029/4062/5042
f 3983/4074/5043 4029/4062/5043 3701/4062/5043
f 3693/4075/5044 4035/4074/5045 3983/4074/5046
f 4036/4077/5038 3718/3978/5047 4034/3978/5033
f 3993/4077/5048 4034/3978/5033 3708/3978/5049
f 3706/4078/5050 4036/4077/5038 3993/4077/5048
f 4037/4046/5035 3715/4011/5051 4033/4011/5052
f 3996/4046/5053 4033/4011/5053 3705/4011/5053
f 3708/3978/5054 4037/4046/5035 3996/4046/5055
f 4038/4076/5032 3710/3739/5031 4031/3739/5056
f 3989/4076/5057 4031/3739/5056 3690/3739/5058
f 3705/4011/5057 4038/4076/5032 3989/4076/5057
f 3992/4064/4973 4017/4080/5059 3712/4064/5060
f 3694/4064/5061 4039/4080/5027 3992/4064/5062
f 3982/4080/5063 4032/4081/5064 4039/4080/5027
f 4032/4081/5064 4015/3738/5065 3709/4081/5028
f 3689/4081/5066 4040/3738/5067 4032/4081/5068
f 3975/3738/5069 4031/3739/5070 4040/3738/5071
f 4024/4077/5072 4023/4089/5025 3718/3978/5073
f 3716/4078/5074 4041/4088/5023 4024/4077/5072
f 4021/4084/5075 4017/4080/5076 4041/4088/5023
f 4042/4087/5022 3717/4061/5077 4025/3986/5078
f 4019/3692/5079 4025/3986/5078 3714/4063/5080
f 3713/4062/5081 4042/4087/5022 4019/3692/5079
f 4043/4085/5019 3716/4078/5082 4026/4001/5083
f 4022/4086/5084 4026/4001/5083 3717/4061/5085
f 3711/4075/5086 4043/4085/5019 4022/4086/5084
f 4027/4046/5087 4020/4076/5016 3715/4011/5088
f 3718/3978/5089 4044/4083/5014 4027/4046/5087
f 4023/4089/5090 4015/3738/5091 4044/4083/5014
f 4045/3986/5092 3707/4061/5092 4013/4061/5092
f 3932/3986/5093 4013/4061/5093 3667/4061/5093
f 3659/4063/5094 4045/3986/5094 3932/3986/5094
f 4011/4029/5095 3999/4082/5095 3691/4029/5095
f 3674/4029/5096 4046/4082/5096 4011/4029/5096
f 3969/4082/5097 4001/4070/5097 4046/4082/5097
f 4047/4065/5098 3693/4075/5098 4007/4075/5098
f 3605/4075/5099 4047/4065/5099 4007/4075/5099
f 3739/4065/5100 4014/4064/5100 4047/4065/5100
f 4048/4080/5101 3694/4064/5101 4014/4064/5101
f 3775/4080/5102 4014/4064/5102 3575/4064/5102
f 3593/4081/5103 4048/4080/5103 3775/4080/5103
f 4049/4079/5104 3698/3818/5104 4003/3818/5104
f 3804/4079/5105 4003/3818/5105 3622/3818/5105
f 3573/3741/5106 4049/4079/5106 3804/4079/5106
f 4050/4001/5107 3706/4078/5108 4010/4078/5109
f 3937/4001/5110 4010/4078/5110 3662/4078/5110
f 3667/4061/5111 4050/4001/5111 3937/4001/5111
f 4051/4030/5001 3692/3741/5112 4012/3741/5113
f 3737/4030/5114 4012/3741/5115 3573/3741/5116
f 3737/4030/5114 4011/4029/5117 4051/4030/5118
f 3916/3978/5119 3993/4077/5119 3708/3978/5119
f 3670/3978/5120 4052/4077/5120 3916/3978/5120
f 3929/4077/5121 4010/4078/5122 4052/4077/5123
f 4005/3739/5124 3989/4076/5125 3690/3739/5126
f 3564/3739/5127 4053/4076/5128 4005/3739/5124
f 3914/4076/5129 3901/4011/5130 4053/4076/4995
f 3841/4033/5131 3984/3834/5131 3697/4033/5131
f 3621/4033/5132 4054/3834/5132 3841/4033/5132
f 3803/3834/5133 4004/3736/5133 4054/3834/5133
f 4055/3692/5134 3704/4063/5135 4009/4063/5136
f 3913/3692/5137 4009/4063/5136 3659/4063/5138
f 3566/4062/5139 4055/3692/5134 3913/3692/5137
f 4056/4074/5140 3701/4062/5140 4008/4062/5140
f 3566/4062/5141 4056/4074/5141 4008/4062/5141
f 3787/4074/5142 4007/4075/5142 4056/4074/5142
f 3980/3819/5143 3981/4073/4987 3699/3736/5143
f 3698/3818/5144 4057/4072/5145 3980/3819/5146
f 3986/4071/5147 4000/4031/5148 4057/4072/5145
f 3985/4079/5149 3986/4071/4984 3698/3818/5149
f 3692/3741/5150 4058/4069/5151 3985/4079/5152
f 3976/4030/5153 3999/4082/5154 4058/4069/5151
f 4059/4068/4981 3696/4048/5155 3979/3732/5156
f 3987/4066/5157 3979/3732/5158 3697/4033/5158
f 3703/3951/5159 4059/4068/5160 3987/4066/5157
f 4060/4067/4978 3697/4033/5161 3984/3834/5162
f 3981/4073/5163 3984/3834/5164 3699/3736/5164
f 3700/4032/5165 4060/4067/5166 3981/4073/5163
f 4061/4065/4975 3711/4075/5167 3991/4075/5168
f 3977/4065/5169 3991/4075/5168 3693/4075/5170
f 3694/4064/5171 4061/4065/4975 3977/4065/5169
f 4028/4061/5172 4025/3986/5173 3717/4061/4966
f 3707/4061/5174 4062/3986/4970 4028/4061/5175
f 3994/3986/5176 3990/4063/5177 4062/3986/4970
f 3990/4063/5178 4019/3692/4969 3714/4063/4969
f 3704/4063/5179 4063/3692/4968 3990/4063/5178
f 3988/3692/5179 4029/4062/5180 4063/3692/4968
f 4030/4078/5036 4026/4001/4967 3716/4078/5181
f 3706/4078/5182 4064/4001/4965 4030/4078/5036
f 3995/4001/5183 4028/4061/5172 4064/4001/4965
f 3764/4090/5184 3766/4059/5185 3584/3753/4725
f 3630/3774/5186 4065/4060/5187 3764/4090/5188
f 3681/4091/5189 4065/4060/5190 3817/4056/5191
f 3812/4092/5192 3817/4056/5193 3630/3774/4746
f 3568/4093/5194 4066/4057/5195 3812/4092/5196
f 3680/4094/5197 4066/4057/5198 3950/4095/5199
f 3760/4096/5200 3762/4054/5201 3583/3744/4716
f 3626/3801/5202 4067/4052/5203 3760/4096/5200
f 3829/4051/5204 3972/4097/5204 4067/4052/5204
f 3808/4098/5205 3829/4051/5206 3626/3801/5207
f 3570/4099/5208 4068/4049/5209 3808/4098/5205
f 3734/4024/5210 3971/4100/5210 4068/4049/5210
f 3921/3694/5211 3978/4047/4956 3695/3694/5212
f 3740/4047/5213 3921/3694/5213 3675/3694/5213
f 3740/4047/5214 3924/4048/5215 4069/4047/5216
f 4070/4046/5217 3705/4011/5217 3901/4011/5217
f 3660/4011/5218 4070/4046/5218 3901/4011/5218
f 3940/4046/5219 3916/3978/5219 4070/4046/5219
f 4071/4045/5220 3581/4101/5221 3752/3726/5222
f 3853/4041/5223 3752/3726/5224 3618/4102/5225
f 3684/4103/5226 4071/4045/5226 3853/4041/5226
f 4072/4042/5227 3618/4102/5228 3800/3852/5229
f 3740/4047/5230 3800/3852/5231 3576/4048/5232
f 3675/3694/5233 4072/4042/5233 3740/4047/5233
f 4073/4039/5234 3568/4104/5235 3751/3723/4696
f 3897/4035/5236 3751/3723/4696 3617/4105/5237
f 3685/4106/5238 4073/4039/5238 3897/4035/5238
f 4074/4036/5239 3617/4105/5240 3799/3861/4823
f 3754/4044/5241 3799/3861/4823 3581/4101/5242
f 3676/4107/5243 4074/4036/5243 3754/4044/5243
f 3924/4048/5244 3979/3732/5244 3696/4048/5244
f 3576/4048/5245 4075/3732/5245 3924/4048/5245
f 3755/3732/5246 3841/4033/5246 4075/3732/5246
f 4001/4070/5247 4000/4031/5247 3702/4070/5247
f 3683/4070/5248 4076/4031/5248 4001/4070/5248
f 3970/4031/5249 3758/4032/5250 4076/4031/5251
f 3759/4108/5252 3737/4030/5253 3573/3741/5254
f 3625/3810/4782 4077/4028/5255 3759/4108/5256
f 3905/4027/5257 3962/4109/5257 4077/4028/5257
f 3807/4110/5258 3905/4027/5259 3625/3810/4782
f 3583/3744/5260 4078/4025/5261 3807/4110/5258
f 3762/4054/5262 3961/4111/5262 4078/4025/5262
f 4079/4022/5263 3570/4099/5264 3763/3749/4721
f 3909/4021/5265 3763/3749/5266 3629/4112/5267
f 3909/4021/5268 3960/4113/5269 4079/4022/5270
f 4080/4019/5271 3629/4112/5272 3811/3782/4754
f 3766/4059/5273 3811/3782/5274 3584/3753/5275
f 3766/4059/5276 3959/4114/5277 4080/4019/5278
f 3907/4115/5279 3782/4018/4936 3600/3963/4885
f 3656/3966/5280 4081/4016/5281 3907/4115/5282
f 3910/3973/5283 3942/4116/5284 4081/4016/5285
f 4082/4015/4933 3603/4117/5286 3903/3953/5287
f 3906/3975/4897 3903/3953/4875 3655/4118/5288
f 3671/4119/5289 4082/4015/4933 3906/3975/4897
f 3899/4120/5290 3788/4012/5291 3606/3946/5292
f 3654/3949/5293 4083/4010/5293 3899/4120/5293
f 3902/3979/5294 3940/4046/5295 4083/4010/5296
f 3895/4121/5297 3911/4009/4929 3586/3937/4860
f 3653/3940/5298 4084/4007/4927 3895/4121/5297
f 3898/3982/5299 3939/4122/5300 4084/4007/4927
f 3851/4123/5301 3802/4006/4926 3620/3838/4800
f 3642/3841/4803 4085/4004/4924 3851/4123/5301
f 3854/3985/4905 3938/4124/5302 4085/4004/4924
f 4086/4003/5303 3624/4125/5303 3839/3812/5303
f 3842/3987/5304 3839/3812/5304 3639/4126/5304
f 3667/4061/5305 4086/4003/5305 3842/3987/5305
f 4087/4000/4920 3628/4127/5306 3827/3785/4757
f 3830/3990/5307 3827/3785/4757 3636/4128/5308
f 3666/4129/5309 4087/4000/4920 3830/3990/5307
f 4088/3997/4917 3632/4130/5310 3815/3758/5311
f 3818/3993/5312 3815/3758/5313 3633/4131/5314
f 3665/4132/5315 4088/3997/5316 3818/3993/5312
f 4089/3994/4914 3633/4131/5317 3816/3761/5318
f 3911/4133/5319 3816/3761/5320 3586/4134/5321
f 3657/4135/5322 4089/3994/5323 3911/4133/5319
f 4090/3991/4911 3636/4128/5324 3828/3788/4760
f 3782/4018/5325 3828/3788/4760 3600/3963/5326
f 3658/4017/5327 4090/3991/4911 3782/4018/5325
f 4091/3988/5328 3639/4126/5328 3840/3815/5328
f 3785/4014/5329 3840/3815/5330 3603/4117/5331
f 3659/4063/5332 4091/3988/5332 3785/4014/5332
f 3852/4136/5333 3854/3985/4905 3642/3841/4803
f 3606/3946/5334 4092/3983/4903 3852/4136/5333
f 3788/4012/5335 3931/4137/5336 4092/3983/4903
f 3896/4138/5337 3898/3982/4902 3653/3940/4863
f 3620/3838/5338 4093/3980/4900 3896/4138/5337
f 3802/4006/5339 3930/4139/5340 4093/3980/4900
f 3900/4140/5341 3902/3979/5341 3654/3949/5341
f 3624/4125/5342 4094/3977/5342 3900/4140/5342
f 3806/4002/5343 3929/4077/5344 4094/3977/5345
f 4095/3976/4898 3655/4118/5288 3904/3956/4878
f 3810/3999/5346 3904/3956/4878 3628/4127/5347
f 3663/4141/5348 4095/3976/4898 3810/3999/5346
f 3908/4142/5349 3910/3973/4895 3656/3966/5350
f 3632/4130/5351 4096/3971/5352 3908/4142/5353
f 3814/3996/5354 3927/4143/5355 4096/3971/5352
f 3927/4143/5356 3926/3970/4892 3672/3972/4894
f 3664/4144/5357 4097/3968/5358 3927/4143/5355
f 3918/3756/5359 3769/4145/5360 4097/3968/5358
f 3959/4114/5361 3958/3967/4889 3688/4020/5362
f 3679/4146/5363 4098/3965/5364 3959/4114/5365
f 3949/3759/5366 3908/4142/5367 4098/3965/5364
f 3960/4113/5368 3943/3964/4886 3673/4023/5369
f 3688/4020/5370 4099/3962/5371 3960/4113/5372
f 3958/3967/5373 3907/4115/5282 4099/3962/5371
f 4100/3961/4883 3671/4119/5289 3928/3974/4896
f 3917/3747/4719 3928/3974/4896 3663/4141/5348
f 3572/4147/5374 4100/3961/4883 3917/3747/4719
f 4101/3958/4880 3687/4026/5375 3961/4111/5376
f 3948/3786/5377 3961/4111/5376 3678/4053/5378
f 3628/4127/5347 4101/3958/4880 3948/3786/5377
f 4102/3955/4877 3674/4029/5379 3962/4109/5380
f 3957/3957/4879 3962/4109/5380 3687/4026/5375
f 3655/4118/5288 4102/3955/4877 3957/3957/4879
f 4103/3952/5381 3700/4032/5381 3758/4032/5381
f 3963/3952/5382 3758/4032/5383 3677/4032/5384
f 3686/3951/5385 4103/3952/5385 3963/3952/5385
f 3963/3952/5386 3956/3950/5386 3686/3951/5386
f 3677/4032/5387 4104/3948/5387 3963/3952/5387
f 3947/3813/5388 3900/4140/5388 4104/3948/5388
f 3964/3695/5389 3945/3947/4870 3675/3694/5390
f 3686/3951/5391 4105/3945/4868 3964/3695/5389
f 3956/3950/5392 3899/4120/5290 4105/3945/5393
f 3930/4139/5340 3923/3944/5394 3669/3981/4901
f 3661/4005/5395 4106/3942/4865 3930/4139/5340
f 3915/3731/4704 3778/4148/5396 4106/3942/4865
f 3965/4034/5397 3955/3941/4864 3685/4106/5398
f 3676/4107/5399 4107/3939/4862 3965/4034/5397
f 3946/3839/4801 3896/4138/5337 4107/3939/4862
f 3966/4037/5400 3768/3938/4861 3680/4149/5401
f 3685/4106/5402 4108/3936/4859 3966/4037/5400
f 3955/3941/5403 3895/4121/5297 4108/3936/4859
f 3892/4150/5404 3894/3935/5404 3652/3931/5404
f 3616/4151/5405 4109/3933/5405 3892/4150/5405
f 3798/3721/5406 3738/4152/5406 4109/3933/5406
f 3795/4153/5407 3893/3932/5408 3613/3889/5409
f 3580/4154/5410 4110/3930/5411 3795/4153/5412
f 3750/3865/5413 3892/4150/5413 4110/3930/5413
f 3747/4155/5414 3777/3929/5414 3577/3715/5414
f 3613/3889/5415 4111/3927/5415 3747/4155/5415
f 3893/3932/5416 3891/4156/5416 4111/3927/5416
f 3888/3921/5417 3890/3926/5417 3651/4157/5417
f 3612/3892/5418 4112/3924/5418 3888/3921/5418
f 3794/3712/5419 3733/4158/5419 4112/3924/5419
f 4113/3923/5420 3609/4159/5420 3791/3915/5420
f 3746/3893/5421 3791/3915/5421 3579/3709/5421
f 3612/3892/5422 4113/3923/5423 3746/3893/5424
f 3743/4160/5425 3778/3920/5425 3578/3706/5425
f 3889/3922/5426 3743/4160/5426 3609/4159/5426
f 3889/3922/5427 3887/4161/5428 4114/3918/5427
f 4115/3917/5429 3650/4162/5430 3884/3912/5431
f 3793/3710/5432 3884/3912/5432 3611/3901/5432
f 3579/3709/5433 4115/3917/5433 3793/3710/5433
f 4116/3914/5434 3593/4081/5434 3775/4080/5434
f 3745/3902/5435 3775/4080/5435 3575/4064/5435
f 3611/3901/5436 4116/3914/5436 3745/3902/5436
f 4117/3911/5437 3564/3739/5437 3727/3738/5437
f 3885/3913/5438 3727/3738/5438 3593/4081/5438
f 3650/4162/5439 4117/3911/5439 3885/3913/5439
f 3880/4163/5440 3882/3908/5440 3649/3904/5440
f 3590/4164/5441 4118/3906/5441 3880/4163/5441
f 3572/4165/5442 4118/3906/5442 3772/4166/5442
f 3787/4074/5443 3881/3905/5443 3605/4075/5443
f 3566/4062/5444 4119/3903/5444 3787/4074/5444
f 3724/4167/5445 3880/4163/5445 4119/3903/5445
f 3739/4065/5446 3745/3902/5446 3575/4064/5446
f 3605/4075/5447 4120/3900/5447 3739/4065/5447
f 3881/3905/5448 3879/4168/5448 4120/3900/5448
f 4121/3897/5449 3648/4169/5449 3876/3894/5449
f 3784/4170/5450 3876/3894/5450 3602/4171/5450
f 3784/4170/5451 3721/4172/5452 4121/3897/5453
f 3792/4173/5454 3877/3895/5454 3610/3907/5454
f 3736/4174/5455 3792/4173/5455 3572/4165/5455
f 3602/4171/5456 4122/3896/5456 3736/4174/5456
f 3744/4175/5457 3746/3893/5457 3579/3709/5457
f 3610/3907/5458 4123/3891/5458 3744/4175/5458
f 3877/3895/5459 3875/4176/5459 4123/3891/5459
f 3872/4177/5460 3874/3890/5460 3647/3886/5460
f 3615/4178/5461 4124/3888/5461 3872/4177/5461
f 3797/3718/5462 3795/4153/5462 4124/3888/5462
f 3767/4179/5463 3873/3887/5463 3585/4180/5463
f 3567/4181/5464 4125/3885/5464 3767/4179/5464
f 3749/3874/5465 3872/4177/5466 4125/3885/5467
f 3719/4182/5468 3789/3884/5468 3559/4183/5468
f 3585/4180/5469 4126/3882/5469 3719/4182/5469
f 3873/3887/5470 3871/4184/5470 4126/3882/5470
f 4127/3881/5471 3646/4185/5472 3868/3876/5473
f 3771/4186/5474 3868/3876/5475 3589/4187/5476
f 3571/4188/5477 4127/3881/5477 3771/4186/5477
f 4128/3878/5478 3597/4189/5478 3779/4190/5478
f 3723/4191/5479 3779/4190/5479 3561/4192/5479
f 3589/4187/5480 4128/3878/5480 3723/4191/5480
f 4129/3875/5481 3567/4181/5481 3731/4193/5481
f 3869/3877/5482 3731/4193/5482 3597/4189/5482
f 3646/4185/5483 4129/3875/5484 3869/3877/5485
f 4130/3872/5486 3645/4194/5486 3864/3867/5486
f 3783/4195/5487 3864/3867/5487 3601/4196/5487
f 3565/4197/5488 4130/3872/5488 3783/4195/5488
f 4131/3869/5489 3614/4198/5489 3796/3879/5489
f 3735/4199/5490 3796/3879/5490 3571/4188/5490
f 3601/4196/5491 4131/3869/5491 3735/4199/5491
f 4132/3866/5492 3580/4154/5493 3748/3717/5494
f 3865/3868/5495 3748/3717/5496 3614/4198/5497
f 3645/4194/5498 4132/3866/5498 3865/3868/5498
f 4133/3863/5499 3644/4200/5500 3860/3858/5501
f 3801/3727/5502 3860/3858/5503 3619/4201/5504
f 3581/4101/5242 4133/3863/4825 3801/3727/5505
f 4134/3860/5506 3607/4202/5506 3741/4203/5506
f 3753/3847/5507 3741/4203/5507 3577/4204/5507
f 3619/4201/5508 4134/3860/5509 3753/3847/5510
f 4135/3857/4819 3559/4205/5511 3789/4206/5512
f 3861/3859/5513 3789/4206/5514 3607/4202/5515
f 3644/4200/5516 4135/3857/5517 3861/3859/5513
f 4136/3854/5518 3643/4207/5519 3856/3849/5520
f 3776/3733/5521 3856/3849/4811 3594/4208/5522
f 3576/4048/5523 4136/3854/5518 3776/3733/5524
f 4137/3851/5525 3595/4209/5526 3729/4210/5527
f 3728/3829/5528 3729/4210/5528 3563/3700/5528
f 3594/4208/5529 4137/3851/5525 3728/3829/5530
f 4138/3848/5531 3577/4204/5531 3777/4211/5531
f 3857/3850/4812 3777/4211/5532 3595/4209/5533
f 3643/4207/5519 4138/3848/5534 3857/3850/5535
f 3931/4137/5336 3922/3845/4807 3668/3984/4904
f 3660/4011/5536 4139/3843/4805 3931/4137/5336
f 3914/4076/5537 3790/4212/5538 4139/3843/4805
f 3967/4040/5539 3954/3842/4804 3684/4103/5540
f 3675/3694/5541 4140/3840/4802 3967/4040/5539
f 3945/3947/5542 3852/4136/5333 4140/3840/4802
f 3968/4043/5543 3946/3839/4801 3676/4107/5399
f 3684/4103/5540 4141/3837/4799 3968/4043/5543
f 3954/3842/4804 3851/4123/5301 4141/3837/4799
f 4142/3836/5544 3641/4213/5545 3848/3831/5546
f 3805/3737/5547 3848/3831/5547 3623/3821/5547
f 3582/3736/5548 4142/3836/5548 3805/3737/5548
f 4143/3833/5549 3604/3934/5549 3738/4152/5549
f 3757/3822/5550 3738/4152/5550 3574/4214/5550
f 3623/3821/5551 4143/3833/5551 3757/3822/5551
f 4144/3830/5552 3563/3700/5552 3786/4215/5552
f 3849/3832/5553 3786/4215/5553 3604/3934/5553
f 3641/4213/5554 4144/3830/5554 3849/3832/5554
f 3844/4216/5555 3846/3827/5555 3640/3824/5555
f 3591/3804/5556 4145/3826/5557 3844/4216/5558
f 3773/3742/5559 3804/4079/5560 4145/3826/5561
f 3726/3870/5562 3845/3825/5562 3592/4217/5562
f 3565/4197/5563 4146/3823/5563 3726/3870/5563
f 3725/3805/5564 3844/4216/5564 4146/3823/5564
f 3774/3720/5565 3757/3822/5565 3574/4214/5565
f 3592/4217/5566 4147/3820/5566 3774/3720/5566
f 3845/3825/5567 3843/4218/5567 4147/3820/5567
f 4148/3819/5568 3699/3736/5568 4004/3736/5568
f 3756/3819/5569 4004/3736/5569 3582/3736/5569
f 3622/3818/5570 4148/3819/5570 3756/3819/5570
f 4149/3817/4787 3683/4070/5571 3969/4082/5572
f 3944/3954/5573 3969/4082/5572 3674/4029/5574
f 3603/4117/5575 4149/3817/4787 3944/3954/5573
f 4150/3814/5576 3677/4032/5576 3970/4031/5576
f 3953/3816/5577 3970/4031/5577 3683/4070/5577
f 3639/4126/5578 4150/3814/5579 3953/3816/5580
f 3836/4219/5581 3838/3811/5582 3638/3807/5583
f 3627/3795/5584 4151/3809/4781 3836/4219/5585
f 3809/3745/5586 3807/4110/5258 4151/3809/5587
f 3735/4220/5588 3837/3808/5589 3601/4221/5590
f 3571/4222/5591 4152/3806/5591 3735/4220/5591
f 3761/3796/5592 3836/4219/5593 4152/3806/5594
f 3783/4223/5595 3725/3805/5595 3565/4197/5595
f 3601/4221/5596 4153/3803/4775 3783/4223/5597
f 3837/3808/5589 3835/4224/5598 4153/3803/5599
f 3832/4225/5600 3834/3802/4774 3637/3798/5601
f 3588/4226/5602 4154/3800/4772 3832/4225/5600
f 3770/3750/5603 3808/4098/5205 4154/3800/5604
f 3723/4227/5605 3833/3799/4771 3589/4228/5606
f 3561/4229/5607 4155/3797/4769 3723/4227/5605
f 3722/3777/5608 3832/4225/5609 4155/3797/4769
f 3771/4230/5610 3761/3796/5610 3571/4222/5610
f 3589/4228/5611 4156/3794/5611 3771/4230/5611
f 3833/3799/5612 3831/4231/5613 4156/3794/5614
f 4157/3793/4765 3666/4129/5615 3933/3989/4909
f 3912/3690/5616 3933/3989/4909 3658/4017/5327
f 3562/3689/5617 4157/3793/4765 3912/3690/5616
f 4158/3790/4762 3682/4050/5618 3971/4100/5619
f 3943/3964/5620 3971/4100/5619 3673/4023/5621
f 3600/3963/5326 4158/3790/4762 3943/3964/5620
f 4159/3787/4759 3678/4053/5622 3972/4097/5623
f 3952/3789/5624 3972/4097/5623 3682/4050/5625
f 3636/4128/5308 4159/3787/4759 3952/3789/5624
f 4160/3784/4756 3635/4232/5626 3824/3779/5627
f 3813/3754/5628 3824/3779/5629 3631/3768/5630
f 3584/3753/5275 4160/3784/5631 3813/3754/5628
f 4161/3781/4753 3597/4233/5632 3731/4234/5633
f 3765/3769/5634 3731/4234/5635 3567/4235/5636
f 3631/3768/5637 4161/3781/5638 3765/3769/5634
f 4162/3778/5639 3561/4229/5639 3779/4236/5639
f 3825/3780/5640 3779/4236/5640 3597/4233/5640
f 3635/4232/5641 4162/3778/5642 3825/3780/5643
f 3820/4237/5644 3822/3775/5645 3634/3771/5646
f 3598/4238/5647 4163/3773/5648 3820/4237/5649
f 3732/4239/5650 3812/4092/5196 4163/3773/5651
f 3719/4240/5652 3821/3772/5652 3585/4241/5652
f 3559/4242/5653 4164/3770/5653 3719/4240/5653
f 3780/4243/5654 3820/4237/5655 4164/3770/5656
f 3767/4244/5657 3765/3769/4741 3567/4235/5658
f 3585/4241/5659 4165/3767/5660 3767/4244/5661
f 3821/3772/5662 3819/4245/5663 4165/3767/5660
f 4166/3766/4738 3665/4132/5664 3934/3992/4912
f 3720/4246/5665 3934/3992/5666 3657/4135/5322
f 3560/4247/5667 4166/3766/5668 3720/4246/5665
f 4167/3763/4735 3681/4091/5669 3973/4055/5670
f 3768/4248/5671 3973/4055/5672 3680/4094/5673
f 3586/4134/5321 4167/3763/5674 3768/4248/5671
f 4168/3760/4732 3679/4146/5675 3974/4058/5676
f 3951/3762/5677 3974/4058/5678 3681/4091/5679
f 3633/4131/5680 4168/3760/5681 3951/3762/5677
f 4169/3757/4729 3664/4144/5682 3935/3995/4915
f 3919/3765/5683 3935/3995/5684 3665/4132/5315
f 3599/4249/5685 4169/3757/5686 3919/3765/5683
f 3819/4245/5687 3813/3754/4726 3631/3768/5688
f 3634/3771/5689 4170/3752/5690 3819/4245/5691
f 3822/3775/5692 3764/4090/5188 4170/3752/5693
f 4171/3751/4723 3588/4226/5694 3823/3776/5695
f 3826/3783/5696 3823/3776/5697 3635/4232/5698
f 3629/4112/5267 4171/3751/5699 3826/3783/5696
f 4172/3748/4720 3663/4141/5348 3936/3998/4918
f 3920/3792/5700 3936/3998/4918 3666/4129/5309
f 3602/4250/5701 4172/3748/4720 3920/3792/5700
f 3831/4231/5702 3809/3745/5703 3627/3795/5704
f 3637/3798/5705 4173/3743/5706 3831/4231/5707
f 3834/3802/5708 3760/4096/5200 4173/3743/4715
f 3835/4224/5598 3773/3742/5709 3591/3804/5710
f 3638/3807/4779 4174/3740/4712 3835/4224/5711
f 3838/3811/5582 3759/4108/5712 4174/3740/5713
f 4175/3738/5714 3689/4081/5714 4006/4081/5714
f 3727/3738/5715 4006/4081/5715 3593/4081/5715
f 3564/3739/5716 4175/3738/5716 3727/3738/5716
f 3843/4218/5717 3805/3737/5717 3623/3821/5717
f 3640/3824/5718 4176/3735/5719 3843/4218/5720
f 3846/3827/5721 3756/3819/5722 4176/3735/5723
f 4177/3734/5724 3594/4208/5725 3847/3828/5726
f 3850/3835/5727 3847/3828/5727 3641/4213/5727
f 3621/4033/5728 4177/3734/5729 3850/3835/5730
f 3938/4124/5302 3915/3731/4704 3661/4005/5395
f 3668/3984/4904 4178/3729/4702 3938/4124/5302
f 3922/3845/4807 3742/4251/5731 4178/3729/4702
f 4179/3728/5732 3619/4201/5733 3855/3846/5734
f 3858/3853/4815 3855/3846/5735 3643/4207/5736
f 3618/4102/5737 4179/3728/5732 3858/3853/5738
f 4180/3725/4698 3598/4252/5739 3859/3855/4817
f 3862/3862/5740 3859/3855/5741 3644/4200/5516
f 3617/4105/5237 4180/3725/5742 3862/3862/5740
f 4181/3722/5743 3616/4151/5743 3863/3864/5743
f 3866/3871/5744 3863/3864/5744 3645/4194/5744
f 3592/4217/5745 4181/3722/5745 3866/3871/5745
f 4182/3719/5746 3615/4178/5746 3867/3873/5746
f 3870/3880/5747 3867/3873/5747 3646/4185/5747
f 3614/4198/5748 4182/3719/5748 3870/3880/5748
f 3871/4184/5749 3741/3716/5750 3607/3883/5751
f 3647/3886/5752 4183/3714/5753 3871/4184/5754
f 3874/3890/5755 3747/4155/5755 4183/3714/5755
f 4184/3713/5756 3612/3892/5756 3875/4176/5756
f 3878/3899/5757 3875/4176/5757 3648/4169/5757
f 3587/3898/5758 4184/3713/5758 3878/3899/5758
f 3879/4168/5759 3793/3710/5759 3611/3901/5759
f 3649/3904/5760 4185/3708/5761 3879/4168/5762
f 3882/3908/5763 3744/4175/5763 4185/3708/5763
f 4186/3705/5764 3608/4253/5764 3883/3909/5764
f 3886/3916/5765 3883/3909/5765 3650/4162/5765
f 3609/4159/5766 4186/3705/5766 3886/3916/5766
f 3887/4161/5767 3730/3703/5767 3596/3919/5767
f 3651/4157/5768 4187/3704/5768 3887/4161/5768
f 3599/3925/5769 4187/3704/5770 3890/3926/5771
f 3891/4156/5772 3729/3701/5772 3595/3928/5772
f 3652/3931/5773 4188/3699/5773 3891/4156/5773
f 3894/3935/5774 3786/4215/5774 4188/3699/5774
f 3939/4122/5300 3720/3698/4685 3657/4008/4928
f 3669/3981/5775 4189/3696/4683 3939/4122/5300
f 3923/3944/4867 3730/4254/5776 4189/3696/4683
f 4190/3695/5777 3703/3951/5777 4002/3951/5777
f 3964/3695/5778 4002/3951/5778 3686/3951/5778
f 3675/3694/5779 4190/3695/5779 3964/3695/5779
f 4191/3693/4681 3659/4063/5780 3941/4013/4931
f 3925/3960/4882 3941/4013/4931 3671/4119/5289
f 3590/4255/5781 4191/3693/4681 3925/3960/4882
f 3942/4116/5782 3912/3690/4678 3658/4017/4935
f 3672/3972/5783 4192/3688/5784 3942/4116/5284
f 3926/3970/5785 3721/4256/5786 4192/3688/5784
f 377/1/696 99/428/695 4/2/5787
f 376/4/690 102/427/689 8/5/5788
f 375/7/684 105/317/683 6/8/5789
f 374/10/678 108/426/677 2/11/5790
f 373/13/672 163/373/671 5/14/5791
f 372/16/666 158/425/665 2/17/5792
f 121/19/5793 20/313/5793 120/20/5793
f 370/22/20 122/331/5794 21/23/20
f 146/25/5795 11/4257/5795 171/26/5795
f 125/28/5796 19/307/5796 119/29/5796
f 367/31/24 126/354/5797 22/32/24
f 151/34/5798 16/372/5798 175/35/5798
f 129/37/5799 10/301/5799 110/38/5799
f 327/40/28 131/41/28 378/41/28
f 120/42/5800 20/4258/5800 177/43/5800
f 132/45/5801 18/295/5801 153/46/5801
f 362/48/31 133/380/5802 23/49/31
f 117/51/5803 17/316/5803 181/52/5803
f 136/54/5804 15/289/5804 150/55/5804
f 359/57/35 137/395/5805 24/58/35
f 114/60/5806 14/4259/5806 185/61/5806
f 140/63/5807 12/283/5807 147/64/5807
f 356/66/39 141/417/5808 25/67/39
f 111/69/5809 11/4260/5809 189/70/5809
f 190/72/42 72/280/5810 143/73/43
f 191/75/5811 73/411/5811 192/76/5811
f 158/78/5812 40/418/5812 193/79/5812
f 351/81/5813 194/410/5813 71/82/5813
f 350/84/541 195/401/540 74/85/5814
f 349/87/5815 187/404/5815 70/88/5815
f 198/90/5816 29/387/5816 100/91/5816
f 199/93/5817 75/396/5817 200/94/5817
f 186/96/62 69/282/5818 201/97/63
f 202/99/65 68/286/5819 139/100/66
f 203/102/5820 76/394/5820 204/103/5820
f 161/105/5821 43/419/5821 205/106/5821
f 342/108/5822 206/393/5822 67/109/5822
f 341/111/495 207/386/494 77/112/5823
f 340/114/5824 183/388/5824 66/115/5824
f 210/117/5825 32/375/5825 103/118/5825
f 211/120/5826 78/381/5826 212/121/5826
f 182/123/85 65/288/5827 213/124/86
f 214/126/88 64/292/5828 135/127/89
f 215/129/5829 79/379/5829 216/130/5829
f 164/132/5830 46/322/5830 217/133/5830
f 333/135/5831 218/378/5831 63/136/5831
f 332/138/449 219/374/448 80/139/5832
f 331/141/5833 179/376/5833 62/142/5833
f 222/144/5834 35/365/5834 106/145/5834
f 223/147/5835 81/371/5835 224/148/5835
f 178/150/108 61/294/5836 225/151/109
f 226/153/111 60/298/5837 131/41/112
f 227/154/5838 82/370/5838 228/155/5838
f 167/157/5839 49/420/5839 229/158/5839
f 231/160/119 83/161/119 383/161/119
f 323/162/408 230/364/407 83/161/5840
f 322/163/5841 176/366/5841 59/164/5841
f 233/166/5842 39/421/5842 157/167/5842
f 294/169/127 390/169/127 378/41/127
f 84/170/128 384/170/128 385/171/128
f 236/172/129 57/304/5843 128/173/130
f 237/175/5844 85/348/5844 238/176/5844
f 104/178/5845 33/377/5845 239/179/5845
f 316/181/5846 240/347/5846 56/182/5846
f 315/184/365 241/338/364 86/185/5847
f 314/187/5848 173/341/5848 55/188/5848
f 244/190/5849 48/422/5849 166/191/5849
f 245/193/5850 87/332/5850 246/194/5850
f 172/196/148 54/306/5851 247/197/149
f 248/199/151 53/310/5852 124/200/152
f 249/202/5853 88/325/5853 250/203/5853
f 99/205/5854 28/423/5854 251/206/5854
f 307/208/5855 252/324/5855 52/209/5855
f 306/211/322 253/318/321 89/212/5856
f 305/214/5857 169/321/5857 51/215/5857
f 256/217/5858 49/424/5858 167/218/5858
f 257/220/5859 90/315/5859 258/221/5859
f 168/223/171 50/312/5860 259/224/172
f 301/226/296 260/314/295 37/227/5861
f 300/229/5862 261/309/5862 91/230/5862
f 299/232/5863 111/311/5863 40/233/5863
f 298/235/280 264/308/279 36/236/5864
f 297/238/5865 265/303/5865 92/239/5865
f 296/241/5866 116/305/5866 45/242/5866
f 295/244/264 268/302/263 27/245/5867
f 294/169/5868 269/297/5868 93/247/5868
f 293/249/5869 155/299/5869 37/250/5869
f 292/252/251 272/296/250 47/253/5870
f 291/255/5871 273/291/5871 94/256/5871
f 290/258/5872 152/293/5872 34/259/5872
f 289/261/235 276/290/234 44/262/5873
f 288/264/5874 277/285/5874 95/265/5874
f 287/267/5875 149/287/5875 31/268/5875
f 286/270/219 280/284/218 41/271/5876
f 285/273/5877 281/279/5877 96/274/5877
f 284/276/5878 146/281/5878 28/277/5878
f 281/279/5879 284/276/201 283/278/203
f 72/280/5880 189/70/5880 284/276/5880
f 189/70/5881 11/4260/5881 146/281/5881
f 186/96/207 285/273/5882 282/275/208
f 25/67/210 143/73/5883 285/273/210
f 143/73/212 72/280/5884 281/279/213
f 140/63/5885 286/270/5885 112/272/5885
f 69/282/5886 282/275/5886 286/270/5886
f 282/275/5887 96/274/5887 280/284/5887
f 277/285/5888 287/267/196 279/269/198
f 68/286/5889 185/61/5889 287/267/5889
f 185/61/5890 14/4259/5890 149/287/5890
f 182/123/223 288/264/5891 278/266/224
f 24/58/226 139/100/5892 288/264/226
f 139/100/228 68/286/5893 277/285/229
f 136/54/5894 289/261/5894 115/263/5894
f 65/288/5895 278/266/5895 289/261/5895
f 278/266/5896 95/265/5896 276/290/5896
f 273/291/5897 290/258/191 275/260/193
f 64/292/5898 181/52/5898 290/258/5898
f 181/52/5899 17/316/5899 152/293/5899
f 178/150/239 291/255/5900 274/257/240
f 23/49/242 135/127/5901 291/255/242
f 135/127/244 64/292/5902 273/291/245
f 132/45/5903 292/252/5903 118/254/5903
f 61/294/5904 274/257/5904 292/252/5904
f 274/257/5905 94/256/5905 272/296/5905
f 269/297/5906 293/249/186 271/251/188
f 60/298/5907 177/43/5907 293/249/5907
f 177/43/5908 20/4258/5908 155/299/5908
f 270/248/255 386/248/255 390/169/255
f 58/300/256 235/171/256 385/171/256
f 131/41/257 60/298/5909 269/297/258
f 129/37/5910 295/244/5910 145/246/5910
f 58/300/5911 270/248/5911 295/244/5911
f 270/248/5912 93/247/5912 268/302/5912
f 265/303/5913 296/241/181 267/243/183
f 57/304/5914 175/35/5914 296/241/5914
f 175/35/5915 16/372/5915 116/305/5915
f 172/196/268 297/238/5916 266/240/269
f 22/32/271 128/173/5917 297/238/271
f 128/173/273 57/304/5918 265/303/274
f 125/28/5919 298/235/5919 154/237/5919
f 54/306/5920 266/240/5920 298/235/5920
f 266/240/5921 92/239/5921 264/308/5921
f 261/309/5922 299/232/176 263/234/178
f 53/310/5923 171/26/5923 299/232/5923
f 171/26/5924 11/4257/5924 111/311/5924
f 168/223/284 300/229/5925 262/231/285
f 21/23/287 124/200/5926 300/229/287
f 124/200/289 53/310/5927 261/309/290
f 121/19/5928 301/226/5928 155/228/5928
f 50/312/5929 262/231/5929 301/226/5929
f 262/231/5930 91/230/5930 260/314/5930
f 302/225/5931 259/224/5931 90/315/5931
f 170/24/298 302/225/5932 257/220/299
f 21/23/301 168/223/5933 302/225/301
f 303/222/170 258/221/169 34/259/5934
f 123/210/5935 303/222/5935 152/293/5935
f 52/209/5936 257/220/5936 303/222/5936
f 304/219/167 167/218/166 6/8/5937
f 258/221/311 304/219/306 105/317/308
f 90/315/5938 256/217/165 304/219/167
f 253/318/315 305/214/314 255/216/5939
f 31/319/5940 149/320/5940 305/214/5940
f 149/320/5941 14/330/5941 169/321/5941
f 164/132/319 306/211/161 254/213/163
f 8/5/5942 102/323/320 306/211/322
f 102/323/5943 31/319/5943 253/318/5943
f 117/51/5944 307/208/5944 123/210/5944
f 46/322/5945 254/213/325 307/208/327
f 254/213/5946 89/212/5946 252/324/5946
f 308/207/159 251/206/158 88/325/5947
f 161/326/333 308/207/328 249/202/330
f 4/328/5948 99/205/157 308/207/159
f 309/204/5949 250/203/5949 51/215/5949
f 114/329/5950 309/204/5950 169/321/5950
f 43/327/5951 249/202/154 309/204/156
f 310/201/337 124/200/5952 21/23/337
f 250/203/339 310/201/5953 122/331/340
f 88/325/5954 248/199/5954 310/201/5954
f 311/198/5955 247/197/5955 87/332/5955
f 174/33/344 311/198/5956 245/193/345
f 22/32/347 172/196/5957 311/198/347
f 312/195/147 246/194/146 26/333/5958
f 127/183/5959 312/195/5959 144/334/5959
f 56/182/5960 245/193/5960 312/195/5960
f 313/192/144 166/191/143 1/336/5961
f 246/194/354 313/192/352 97/337/354
f 87/332/5962 244/190/143 313/192/144
f 241/338/360 314/187/359 243/189/5963
f 30/339/5964 148/340/5964 314/187/5964
f 148/340/5965 13/353/5965 173/341/5965
f 156/342/141 315/184/139 242/186/141
f 3/344/5966 101/345/364 315/184/365
f 101/345/5967 30/339/5967 241/338/5967
f 109/346/5968 316/181/5968 127/183/5968
f 38/343/5969 242/186/368 316/181/370
f 242/186/5970 86/185/5970 240/347/5970
f 317/180/137 239/179/136 85/348/5971
f 160/349/376 317/180/371 237/175/373
f 7/351/5972 104/178/135 317/180/137
f 318/177/5973 238/176/5973 55/188/5973
f 113/352/5974 318/177/5974 173/341/5974
f 42/350/5975 237/175/132 318/177/134
f 319/174/380 128/173/5976 22/32/380
f 238/176/382 319/174/5977 126/354/383
f 85/348/5978 236/172/5978 319/174/5978
f 231/160/386 388/160/386 392/355/386
f 234/356/387 389/356/387 384/170/387
f 228/155/388 380/155/388 381/164/388
f 320/357/5979 234/356/5979 48/358/5979
f 130/360/5980 320/357/5980 119/359/5980
f 324/355/391 392/355/391 387/360/391
f 321/168/126 157/167/125 1/362/5981
f 234/356/397 321/168/392 166/363/394
f 84/170/5982 233/166/124 321/168/126
f 230/364/401 322/163/400 232/165/5983
f 35/365/5984 153/46/5984 322/163/5984
f 153/46/5985 18/295/5985 176/366/5985
f 107/367/405 323/162/120 231/160/122
f 5/14/5986 106/145/406 323/162/408
f 106/145/5987 35/365/5987 230/364/5987
f 154/369/5988 324/355/5988 130/360/5988
f 36/368/5989 231/160/5989 324/355/5989
f 270/248/411 58/300/411 379/300/411
f 325/159/118 229/158/117 82/370/5990
f 165/9/417 325/159/412 227/154/414
f 6/8/5991 167/157/117 325/159/118
f 326/156/5992 228/155/5992 59/164/5992
f 118/254/5993 326/156/5993 176/366/5993
f 47/253/5994 227/154/114 326/156/116
f 320/357/421 130/360/421 387/360/421
f 234/356/422 320/357/422 391/357/422
f 82/370/5995 226/153/5995 327/40/5995
f 328/152/5996 225/151/5996 81/371/5996
f 180/50/425 328/152/5997 223/147/426
f 23/49/428 178/150/5998 328/152/428
f 329/149/107 224/148/106 45/242/5999
f 134/137/6000 329/149/6000 116/305/6000
f 63/136/6001 223/147/6001 329/149/6001
f 330/146/104 106/145/103 5/14/6002
f 224/148/438 330/146/433 163/373/435
f 81/371/6003 222/144/102 330/146/104
f 219/374/442 331/141/441 221/143/6004
f 32/375/6005 150/55/6005 331/141/6005
f 150/55/6006 15/289/6006 179/376/6006
f 104/178/446 332/138/98 220/140/100
f 7/351/6007 103/118/447 332/138/449
f 103/118/6008 32/375/6008 219/374/6008
f 151/34/6009 333/135/6009 134/137/6009
f 33/377/6010 220/140/452 333/135/454
f 220/140/6011 80/139/6011 218/378/6011
f 334/134/96 217/133/95 79/379/6012
f 162/6/460 334/134/455 215/129/457
f 8/5/6013 164/132/94 334/134/96
f 335/131/6014 216/130/6014 62/142/6014
f 115/263/6015 335/131/6015 179/376/6015
f 44/262/6016 215/129/91 335/131/93
f 336/128/464 135/127/6017 23/49/464
f 216/130/466 336/128/6018 133/380/467
f 79/379/6019 214/126/6019 336/128/6019
f 337/125/6020 213/124/6020 78/381/6020
f 184/59/471 337/125/6021 211/120/472
f 24/58/474 182/123/6022 337/125/474
f 338/122/84 212/121/83 42/382/6023
f 138/110/6024 338/122/6024 113/383/6024
f 67/109/6025 211/120/6025 338/122/6025
f 339/119/81 103/118/80 7/351/6026
f 212/121/484 339/119/479 160/385/481
f 78/381/6027 210/117/79 339/119/81
f 207/386/488 340/114/487 209/116/6028
f 29/387/6029 147/64/6029 340/114/6029
f 147/64/6030 12/283/6030 183/388/6030
f 101/389/492 341/111/75 208/113/77
f 3/391/6031 100/91/493 341/111/495
f 100/91/6032 29/387/6032 207/386/6032
f 148/392/6033 342/108/6033 138/110/6033
f 30/390/6034 208/113/498 342/108/500
f 208/113/6035 77/112/6035 206/393/6035
f 343/107/73 205/106/72 76/394/6036
f 159/3/506 343/107/501 203/102/503
f 4/2/6037 161/105/71 343/107/73
f 344/104/6038 204/103/6038 66/115/6038
f 112/272/6039 344/104/6039 183/388/6039
f 41/271/6040 203/102/68 344/104/70
f 345/101/510 139/100/6041 24/58/510
f 204/103/512 345/101/6042 137/395/513
f 76/394/6043 202/99/6043 345/101/6043
f 346/98/6044 201/97/6044 75/396/6044
f 188/68/517 346/98/6045 199/93/518
f 25/67/520 186/96/6046 346/98/520
f 347/95/61 200/94/60 38/397/6047
f 142/83/6048 347/95/6048 109/398/6048
f 71/82/6049 199/93/6049 347/95/6049
f 348/92/58 100/91/57 3/391/6050
f 200/94/530 348/92/525 156/400/527
f 75/396/6051 198/90/56 348/92/58
f 195/401/534 349/87/533 197/89/6052
f 39/402/6053 110/403/6053 349/87/6053
f 110/403/6054 10/416/6054 187/404/6054
f 97/405/538 350/84/52 196/86/54
f 1/407/6055 157/408/539 350/84/541
f 157/408/6056 39/402/6056 195/401/6056
f 144/409/6057 351/81/6057 142/83/6057
f 26/406/6058 196/86/544 351/81/546
f 196/86/6059 74/85/6059 194/410/6059
f 352/80/50 193/79/49 73/411/6060
f 98/412/552 352/80/547 191/75/549
f 2/414/6061 158/78/48 352/80/50
f 353/77/6062 192/76/6062 70/88/6062
f 145/415/6063 353/77/6063 187/404/6063
f 27/413/6064 191/75/45 353/77/47
f 354/74/556 143/73/6065 25/67/556
f 192/76/558 354/74/6066 141/417/559
f 73/411/6067 190/72/6067 354/74/6067
f 355/71/6068 189/70/6068 72/280/6068
f 193/79/566 355/71/565 190/72/6069
f 40/418/6070 111/69/6070 355/71/6070
f 194/410/567 356/66/6071 188/68/568
f 74/85/6072 197/89/6072 356/66/6072
f 197/89/571 70/88/6073 141/417/572
f 357/65/6074 147/64/6074 29/387/6074
f 201/97/6075 357/65/574 198/90/576
f 69/282/6076 140/63/6076 357/65/6076
f 358/62/6077 185/61/6077 68/286/6077
f 205/106/583 358/62/582 202/99/6078
f 43/419/6079 114/60/6079 358/62/6079
f 206/393/584 359/57/6080 184/59/585
f 77/112/6081 209/116/6081 359/57/6081
f 209/116/588 66/115/6082 137/395/589
f 360/56/6083 150/55/6083 32/375/6083
f 213/124/6084 360/56/591 210/117/593
f 65/288/6085 136/54/6085 360/56/6085
f 361/53/6086 181/52/6086 64/292/6086
f 217/133/600 361/53/599 214/126/6087
f 46/322/6088 117/51/6088 361/53/6088
f 218/378/601 362/48/6089 180/50/602
f 80/139/6090 221/143/6090 362/48/6090
f 221/143/605 62/142/6091 133/380/606
f 363/47/6092 153/46/6092 35/365/6092
f 225/151/6093 363/47/608 222/144/610
f 61/294/6094 132/45/6094 363/47/6094
f 364/44/6095 177/43/6095 60/298/6095
f 229/158/617 364/44/616 226/153/6096
f 49/420/6097 120/42/6097 364/44/6097
f 228/155/618 327/40/618 393/40/618
f 83/161/619 232/165/619 382/165/619
f 59/164/620 381/164/621 382/165/621
f 365/39/6098 110/38/6098 39/421/6098
f 235/171/6099 365/39/622 233/166/624
f 58/300/6100 129/37/6100 365/39/6100
f 366/36/6101 175/35/6101 57/304/6101
f 239/179/631 366/36/630 236/172/6102
f 33/377/6103 151/34/6103 366/36/6103
f 240/347/632 367/31/6104 174/33/633
f 86/185/6105 243/189/6105 367/31/6105
f 243/189/636 55/188/6106 126/354/637
f 368/30/6107 119/29/6107 48/422/6107
f 247/197/6108 368/30/639 244/190/641
f 54/306/6109 125/28/6109 368/30/6109
f 369/27/6110 171/26/6110 53/310/6110
f 251/206/648 369/27/647 248/199/6111
f 28/423/6112 146/25/6112 369/27/6112
f 252/324/649 370/22/6113 170/24/650
f 89/212/6114 255/216/6114 370/22/6114
f 255/216/653 51/215/6115 122/331/654
f 371/21/6116 120/20/6116 49/424/6116
f 259/224/6117 371/21/656 256/217/658
f 50/312/6118 121/19/6118 371/21/6118
f 260/314/663 372/16/16 108/18/18
f 91/230/6119 263/234/664 372/16/666
f 263/234/6120 40/233/6120 158/425/6120
f 264/308/669 373/13/13 107/15/15
f 92/239/6121 267/243/670 373/13/672
f 267/243/6122 45/242/6122 163/373/6122
f 268/302/675 374/10/10 98/12/12
f 93/247/6123 271/251/676 374/10/678
f 271/251/6124 37/250/6124 108/426/6124
f 272/296/681 375/7/7 165/9/9
f 94/256/6125 275/260/682 375/7/684
f 275/260/6126 34/259/6126 105/317/6126
f 276/290/687 376/4/4 162/6/6
f 95/265/6127 279/269/688 376/4/690
f 279/269/6128 31/268/6128 102/427/6128
f 280/284/693 377/1/1 159/3/3
f 96/274/6129 283/278/694 377/1/696
f 283/278/6130 28/277/6130 99/428/6130
f 386/248/255 409/248/255 413/169/255
f 389/356/422 391/357/422 415/357/422
f 380/155/618 393/40/618 417/40/618
f 379/300/256 385/171/256 408/171/256
f 380/155/388 401/155/388 402/164/388
f 393/40/28 378/41/28 396/41/28
f 389/356/387 412/356/387 407/170/387
f 386/248/411 379/300/411 398/300/411
f 388/160/386 411/160/386 416/355/386
f 381/164/621 402/164/697 404/165/697
f 384/170/128 407/170/128 408/171/128
f 392/355/391 416/355/391 410/360/391
f 388/160/119 383/161/119 405/161/119
f 390/169/127 413/169/127 396/41/127
f 383/161/619 382/165/619 404/165/619
f 391/357/421 387/360/421 410/360/421
f 418/429/698 394/437/6131 395/430/698
f 416/355/6132 403/436/6132 400/432/6132
f 406/433/6133 407/170/6133 412/356/6133
f 397/434/702 398/300/6134 408/171/703
f 397/434/705 413/169/6135 409/248/706
f 395/430/708 396/41/6136 413/169/708
f 414/435/6137 408/171/6137 407/170/6137
f 399/431/711 414/435/6138 406/433/712
f 395/430/714 397/434/6139 414/435/714
f 400/432/6140 406/433/6140 415/357/6140
f 411/160/6141 405/161/6141 403/436/6141
f 417/40/718 396/41/6142 395/430/718
f 401/155/720 417/40/6143 394/437/721
f 403/436/723 418/429/6144 399/431/724
f 405/161/6145 404/165/6145 418/429/6145
f 404/165/727 402/164/6146 394/437/728
f 804/438/1361 519/874/1360 422/439/6147
f 803/441/1355 522/873/1354 426/442/6148
f 802/444/1348 525/764/1347 424/445/6149
f 801/447/1342 528/872/1341 420/448/6150
f 800/450/1335 584/819/1334 423/451/6151
f 799/453/1329 579/871/1328 420/454/6152
f 541/456/6153 438/760/6153 540/457/6153
f 797/459/745 542/778/6154 439/460/746
f 567/462/6155 429/4261/6155 592/463/6155
f 545/465/6156 437/754/6156 539/466/6156
f 794/468/750 546/801/6157 440/469/751
f 572/471/6158 434/818/6158 596/472/6158
f 549/474/6159 428/748/6159 530/475/6159
f 791/477/755 550/816/6160 441/478/755
f 540/480/6161 438/4262/6161 600/481/6161
f 553/483/6162 436/742/6162 574/484/6162
f 788/486/759 554/826/6163 442/487/760
f 537/489/6164 435/763/6164 604/490/6164
f 557/492/6165 433/736/6165 571/493/6165
f 785/495/764 558/841/6166 443/496/764
f 534/498/6167 432/4263/6167 608/499/6167
f 561/501/6168 430/730/6168 568/502/6168
f 782/504/768 562/863/6169 444/505/769
f 531/507/6170 429/4264/6170 612/508/6170
f 613/510/772 492/727/6171 564/511/773
f 614/513/6172 493/857/6172 615/514/6172
f 579/516/6173 459/864/6173 616/517/6173
f 777/519/6174 617/856/6174 491/520/6174
f 776/522/1226 618/847/1225 494/523/6175
f 775/525/6176 610/850/6176 490/526/6176
f 621/528/6177 448/833/6177 520/529/6177
f 622/531/6178 495/842/6178 623/532/6178
f 609/534/790 489/729/6179 624/535/791
f 625/537/6180 488/733/6180 560/538/6180
f 626/540/6181 496/840/6181 627/541/6181
f 582/543/6182 462/865/6182 628/544/6182
f 768/546/6183 629/839/6183 487/547/6183
f 767/549/1184 630/832/1183 497/550/6184
f 766/552/6185 606/834/6185 486/553/6185
f 633/555/6186 451/821/6186 523/556/6186
f 634/558/6187 498/827/6187 635/559/6187
f 605/561/6188 485/735/6188 636/562/6188
f 637/564/806 484/739/6189 556/565/807
f 638/567/6190 499/825/6190 639/568/6190
f 585/570/6191 465/769/6191 640/571/6191
f 759/573/6192 641/824/6192 483/574/6192
f 758/576/1143 642/820/1142 500/577/6193
f 757/579/6194 602/822/6194 482/580/6194
f 645/582/6195 454/809/6195 526/583/6195
f 646/585/6196 501/817/6196 647/586/6196
f 601/588/824 481/741/6197 648/589/825
f 649/591/6198 480/745/6198 552/592/6198
f 650/594/6199 502/815/6199 651/595/6199
f 588/597/6200 468/866/6200 652/598/6200
f 750/600/6201 653/814/6201 479/601/6201
f 749/603/1101 654/808/1100 503/604/6202
f 748/606/6203 598/810/6203 478/607/6203
f 657/609/6204 458/867/6204 578/610/6204
f 658/612/6205 504/802/6205 659/613/6205
f 597/615/6206 477/747/6206 660/616/6206
f 661/618/840 476/751/6207 548/619/841
f 662/621/6208 505/795/6208 663/622/6208
f 524/624/6209 452/823/6209 664/625/6209
f 741/627/6210 665/794/6210 475/628/6210
f 740/630/1060 666/785/1059 506/631/6211
f 739/633/6212 594/788/6212 474/634/6212
f 669/636/6213 467/868/6213 587/637/6213
f 670/639/6214 507/779/6214 671/640/6214
f 593/642/858 473/753/6215 672/643/859
f 673/645/861 472/757/6216 544/646/862
f 674/648/6217 508/772/6217 675/649/6217
f 519/651/6218 447/869/6218 676/652/6218
f 732/654/6219 677/771/6219 471/655/6219
f 731/657/1014 678/765/1013 509/658/6220
f 730/660/6221 590/768/6221 470/661/6221
f 681/663/6222 468/870/6222 588/664/6222
f 682/666/6223 510/762/6223 683/667/6223
f 589/669/879 469/759/6224 684/670/880
f 726/672/987 685/761/986 456/673/6225
f 725/675/6226 686/756/6226 511/676/6226
f 724/678/6227 531/758/6227 459/679/6227
f 723/681/970 689/755/969 455/682/6228
f 722/684/6229 690/750/6229 512/685/6229
f 721/687/6230 536/752/6230 464/688/6230
f 720/690/6231 693/749/6231 446/691/6231
f 719/693/6232 694/744/6232 513/694/6232
f 718/696/6233 576/746/6233 456/697/6233
f 717/699/943 697/743/942 466/700/6234
f 716/702/6235 698/738/6235 514/703/6235
f 715/705/6236 573/740/6236 453/706/6236
f 714/708/6237 701/737/6237 463/709/6237
f 713/711/6238 702/732/6238 515/712/6238
f 712/714/6239 570/734/6239 450/715/6239
f 711/717/916 705/731/915 460/718/6240
f 710/720/6241 706/726/6241 516/721/6241
f 709/723/6242 567/728/6242 447/724/6242
f 706/726/6243 709/723/6243 708/725/6243
f 492/727/6244 612/508/6244 709/723/6244
f 612/508/6245 429/4264/6245 567/728/6245
f 609/534/903 710/720/6246 707/722/904
f 444/505/906 564/511/6247 710/720/907
f 564/511/909 492/727/6248 706/726/910
f 561/501/6249 711/717/6249 532/719/6249
f 489/729/6250 707/722/6250 711/717/6250
f 707/722/6251 516/721/6251 705/731/6251
f 702/732/6252 712/714/6252 704/716/6252
f 488/733/6253 608/499/6253 712/714/6253
f 608/499/6254 432/4263/6254 570/734/6254
f 605/561/6255 713/711/6255 703/713/6255
f 443/496/921 560/538/6256 713/711/921
f 560/538/6257 488/733/6257 702/732/6257
f 557/492/6258 714/708/6258 535/710/6258
f 485/735/6259 703/713/6259 714/708/6259
f 703/713/6260 515/712/6260 701/737/6260
f 698/738/6261 715/705/6261 700/707/6261
f 484/739/6262 604/490/6262 715/705/6262
f 604/490/6263 435/763/6263 573/740/6263
f 601/588/930 716/702/6264 699/704/931
f 442/487/933 556/565/6265 716/702/934
f 556/565/936 484/739/6266 698/738/937
f 553/483/6267 717/699/6267 538/701/6267
f 481/741/6268 699/704/6268 717/699/6268
f 699/704/6269 514/703/6269 697/743/6269
f 694/744/6270 718/696/6270 696/698/6270
f 480/745/6271 600/481/6271 718/696/6271
f 600/481/6272 438/4262/6272 576/746/6272
f 597/615/6273 719/693/6273 695/695/6273
f 441/478/948 552/592/6274 719/693/948
f 552/592/6275 480/745/6275 694/744/6275
f 549/474/6276 720/690/6276 566/692/6276
f 477/747/6277 695/695/6277 720/690/6277
f 695/695/6278 513/694/6278 693/749/6278
f 690/750/6279 721/687/6279 692/689/6279
f 476/751/6280 596/472/6280 721/687/6280
f 596/472/6281 434/818/6281 536/752/6281
f 593/642/957 722/684/6282 691/686/958
f 440/469/960 548/619/6283 722/684/961
f 548/619/963 476/751/6284 690/750/964
f 545/465/6285 723/681/6285 575/683/6285
f 473/753/6286 691/686/6286 723/681/6286
f 691/686/6287 512/685/6287 689/755/6287
f 686/756/6288 724/678/6288 688/680/6288
f 472/757/6289 592/463/6289 724/678/6289
f 592/463/6290 429/4261/6290 531/758/6290
f 589/669/974 725/675/6291 687/677/975
f 439/460/977 544/646/6292 725/675/978
f 544/646/980 472/757/6293 686/756/981
f 541/456/6294 726/672/6294 576/674/6294
f 469/759/6295 687/677/6295 726/672/6295
f 687/677/6296 511/676/6296 685/761/6296
f 727/671/6297 684/670/6297 510/762/6297
f 591/461/989 727/671/6298 682/666/990
f 439/460/992 589/669/6299 727/671/993
f 728/668/6300 683/667/6300 453/706/6300
f 543/656/6301 728/668/6301 573/740/6301
f 471/655/6302 682/666/6302 728/668/6302
f 729/665/877 588/664/876 424/445/6303
f 683/667/1003 729/665/998 525/764/1000
f 510/762/6304 681/663/875 729/665/877
f 678/765/1007 730/660/1006 680/662/6305
f 450/766/6306 570/767/6306 730/660/6306
f 570/767/6307 432/777/6307 590/768/6307
f 585/570/1011 731/657/871 679/659/873
f 426/442/6308 522/770/1012 731/657/1014
f 522/770/6309 450/766/6309 678/765/6309
f 537/489/6310 732/654/6310 543/656/6310
f 465/769/6311 679/659/6311 732/654/6311
f 679/659/6312 509/658/6312 677/771/6312
f 733/653/869 676/652/868 508/772/6313
f 582/773/1023 733/653/1018 674/648/1020
f 422/775/6314 519/651/867 733/653/869
f 734/650/6315 675/649/6315 470/661/6315
f 534/776/6316 734/650/6316 590/768/6316
f 462/774/6317 674/648/864 734/650/866
f 735/647/1027 544/646/6318 439/460/1028
f 675/649/1030 735/647/6319 542/778/1031
f 508/772/6320 673/645/6320 735/647/6320
f 736/644/6321 672/643/6321 507/779/6321
f 595/470/1035 736/644/6322 670/639/1036
f 440/469/1038 593/642/6323 736/644/1039
f 737/641/6324 671/640/6324 445/780/6324
f 547/629/6325 737/641/6325 565/781/6325
f 475/628/6326 670/639/6326 737/641/6326
f 738/638/856 587/637/855 419/783/6327
f 671/640/1049 738/638/1044 517/784/1046
f 507/779/6328 669/636/854 738/638/856
f 666/785/1053 739/633/1052 668/635/6329
f 449/786/6330 569/787/6330 739/633/6330
f 569/787/6331 431/800/6331 594/788/6331
f 577/789/1057 740/630/850 667/632/852
f 421/791/6332 521/792/1058 740/630/1060
f 521/792/6333 449/786/6333 666/785/6333
f 529/793/6334 741/627/6334 547/629/6334
f 457/790/6335 667/632/6335 741/627/6335
f 667/632/6336 506/631/6336 665/794/6336
f 742/626/848 664/625/847 505/795/6337
f 581/796/1069 742/626/1064 662/621/1066
f 425/798/6338 524/624/846 742/626/848
f 743/623/6339 663/622/6339 474/634/6339
f 533/799/6340 743/623/6340 594/788/6340
f 461/797/6341 662/621/843 743/623/845
f 744/620/1073 548/619/6342 440/469/1074
f 663/622/1076 744/620/6343 546/801/1077
f 505/795/6344 661/618/6344 744/620/6344
f 745/617/6345 660/616/6345 504/802/6345
f 599/479/6346 745/617/6346 658/612/6346
f 441/478/1082 597/615/6347 745/617/1082
f 746/614/6348 659/613/6348 467/803/6348
f 551/602/6349 746/614/6349 539/804/6349
f 479/601/6350 658/612/6350 746/614/6350
f 747/611/837 578/610/836 419/806/6351
f 659/613/1091 747/611/1090 587/807/6352
f 504/802/6353 657/609/6353 747/611/6353
f 654/808/6354 748/606/6354 656/608/6354
f 454/809/6355 574/484/6355 748/606/6355
f 574/484/6356 436/742/6356 598/810/6356
f 527/811/1098 749/603/1097 655/605/6357
f 423/451/6358 526/583/6358 749/603/6358
f 526/583/6359 454/809/6359 654/808/6359
f 575/813/6360 750/600/6360 551/602/6360
f 455/812/6361 655/605/6361 750/600/6361
f 655/605/6362 503/604/6362 653/814/6362
f 751/599/831 652/598/830 502/815/6363
f 586/446/1109 751/599/1108 650/594/6364
f 424/445/6365 588/597/6365 751/599/6365
f 752/596/6366 651/595/6366 478/607/6366
f 538/701/6367 752/596/6367 598/810/6367
f 466/700/6368 650/594/6368 752/596/6368
f 753/593/1113 552/592/6369 441/478/1113
f 651/595/6370 753/593/6370 550/816/6370
f 502/815/6371 649/591/6371 753/593/6371
f 754/590/6372 648/589/6372 501/817/6372
f 603/488/1118 754/590/6373 646/585/1119
f 442/487/1121 601/588/6374 754/590/1122
f 755/587/6375 647/586/6375 464/688/6375
f 555/575/6376 755/587/6376 536/752/6376
f 483/574/6377 646/585/6377 755/587/6377
f 756/584/822 526/583/821 423/451/6378
f 647/586/1132 756/584/1127 584/819/1129
f 501/817/6379 645/582/820 756/584/822
f 642/820/1136 757/579/1135 644/581/6380
f 451/821/6381 571/493/6381 757/579/6381
f 571/493/6382 433/736/6382 602/822/6382
f 524/624/1140 758/576/816 643/578/818
f 425/798/6383 523/556/1141 758/576/1143
f 523/556/6384 451/821/6384 642/820/6384
f 572/471/6385 759/573/6385 555/575/6385
f 452/823/6386 643/578/6386 759/573/6386
f 643/578/6387 500/577/6387 641/824/6387
f 760/572/814 640/571/813 499/825/6388
f 583/443/1152 760/572/1147 638/567/1149
f 426/442/6389 585/570/812 760/572/814
f 761/569/6390 639/568/6390 482/580/6390
f 535/710/6391 761/569/6391 602/822/6391
f 463/709/6392 638/567/809 761/569/811
f 762/566/1156 556/565/6393 442/487/1157
f 639/568/1159 762/566/6394 554/826/1160
f 499/825/6395 637/564/6395 762/566/6395
f 763/563/6396 636/562/6396 498/827/6396
f 607/497/6397 763/563/6397 634/558/6397
f 443/496/1165 605/561/6398 763/563/1165
f 764/560/6399 635/559/6399 461/828/6399
f 559/548/6400 764/560/6400 533/829/6400
f 487/547/6401 634/558/6401 764/560/6401
f 765/557/803 523/556/802 425/798/6402
f 635/559/1174 765/557/1173 581/831/6403
f 498/827/6404 633/555/6404 765/557/6404
f 630/832/6405 766/552/6405 632/554/6405
f 448/833/6406 568/502/6406 766/552/6406
f 568/502/6407 430/730/6407 606/834/6407
f 521/835/1181 767/549/1180 631/551/6408
f 421/837/6409 520/529/6409 767/549/6409
f 520/529/6410 448/833/6410 630/832/6410
f 569/838/6411 768/546/6411 559/548/6411
f 449/836/6412 631/551/6412 768/546/6412
f 631/551/6413 497/550/6413 629/839/6413
f 769/545/797 628/544/796 496/840/6414
f 580/440/1192 769/545/1191 626/540/6415
f 422/439/6416 582/543/6416 769/545/6416
f 770/542/6417 627/541/6417 486/553/6417
f 532/719/6418 770/542/6418 606/834/6418
f 460/718/6419 626/540/6419 770/542/6419
f 771/539/1196 560/538/6420 443/496/1196
f 627/541/6421 771/539/6421 558/841/6421
f 496/840/6422 625/537/6422 771/539/6422
f 772/536/6423 624/535/6423 495/842/6423
f 611/506/1201 772/536/6424 622/531/1202
f 444/505/1204 609/534/6425 772/536/1205
f 773/533/6426 623/532/6426 457/843/6426
f 563/521/6427 773/533/6427 529/844/6427
f 491/520/6428 622/531/6428 773/533/6428
f 774/530/788 520/529/787 421/837/6429
f 623/532/1215 774/530/1210 577/846/1212
f 495/842/6430 621/528/786 774/530/788
f 618/847/1219 775/525/1218 620/527/6431
f 458/848/6432 530/849/6432 775/525/6432
f 530/849/6433 428/862/6433 610/850/6433
f 517/851/1223 776/522/782 619/524/784
f 419/853/6434 578/854/1224 776/522/1226
f 578/854/6435 458/848/6435 618/847/6435
f 565/855/6436 777/519/6436 563/521/6436
f 445/852/6437 619/524/6437 777/519/6437
f 619/524/6438 494/523/6438 617/856/6438
f 778/518/780 616/517/779 493/857/6439
f 518/858/1235 778/518/1230 614/513/1232
f 420/860/6440 579/516/778 778/518/780
f 779/515/6441 615/514/6441 490/526/6441
f 566/861/6442 779/515/6442 610/850/6442
f 446/859/6443 614/513/775 779/515/777
f 780/512/1239 564/511/6444 444/505/1240
f 615/514/1242 780/512/6445 562/863/1243
f 493/857/6446 613/510/6446 780/512/6446
f 781/509/6447 612/508/6447 492/727/6447
f 616/517/6448 781/509/6448 613/510/6448
f 459/864/6449 531/507/6449 781/509/6449
f 617/856/1249 782/504/6450 611/506/1250
f 494/523/6451 620/527/6451 782/504/6451
f 620/527/1253 490/526/6452 562/863/1254
f 783/503/6453 568/502/6453 448/833/6453
f 624/535/6454 783/503/1256 621/528/1258
f 489/729/6455 561/501/6455 783/503/6455
f 784/500/6456 608/499/6456 488/733/6456
f 628/544/6457 784/500/6457 625/537/6457
f 462/865/6458 534/498/6458 784/500/6458
f 629/839/6459 785/495/6459 607/497/6459
f 497/550/6460 632/554/6460 785/495/6460
f 632/554/6461 486/553/6461 558/841/6461
f 786/494/6462 571/493/6462 451/821/6462
f 636/562/6463 786/494/6463 633/555/6463
f 485/735/6464 557/492/6464 786/494/6464
f 787/491/6465 604/490/6465 484/739/6465
f 640/571/6466 787/491/6466 637/564/6466
f 465/769/6467 537/489/6467 787/491/6467
f 641/824/1273 788/486/6468 603/488/1274
f 500/577/6469 644/581/6469 788/486/6469
f 644/581/1277 482/580/6470 554/826/1278
f 789/485/6471 574/484/6471 454/809/6471
f 648/589/6472 789/485/1280 645/582/1282
f 481/741/6473 553/483/6473 789/485/6473
f 790/482/6474 600/481/6474 480/745/6474
f 652/598/6475 790/482/6475 649/591/6475
f 468/866/6476 540/480/6476 790/482/6476
f 653/814/6477 791/477/6477 599/479/6477
f 503/604/6478 656/608/6478 791/477/6478
f 656/608/6479 478/607/6479 550/816/6479
f 792/476/6480 530/475/6480 458/867/6480
f 660/616/6481 792/476/6481 657/609/6481
f 477/747/6482 549/474/6482 792/476/6482
f 793/473/6483 596/472/6483 476/751/6483
f 664/625/6484 793/473/6484 661/618/6484
f 452/823/6485 572/471/6485 793/473/6485
f 665/794/1297 794/468/6486 595/470/1298
f 506/631/6487 668/635/6487 794/468/6487
f 668/635/1301 474/634/6488 546/801/1302
f 795/467/6489 539/466/6489 467/868/6489
f 672/643/6490 795/467/1304 669/636/1306
f 473/753/6491 545/465/6491 795/467/6491
f 796/464/6492 592/463/6492 472/757/6492
f 676/652/6493 796/464/6493 673/645/6493
f 447/869/6494 567/462/6494 796/464/6494
f 677/771/1312 797/459/6495 591/461/1313
f 509/658/6496 680/662/6496 797/459/6496
f 680/662/1316 470/661/6497 542/778/1317
f 798/458/6498 540/457/6498 468/870/6498
f 684/670/6499 798/458/1319 681/663/1321
f 469/759/6500 541/456/6500 798/458/6500
f 685/761/1326 799/453/741 528/455/743
f 511/676/6501 688/680/1327 799/453/1329
f 688/680/6502 459/679/6502 579/871/6502
f 689/755/1332 800/450/738 527/452/740
f 512/685/6503 692/689/1333 800/450/1335
f 692/689/6504 464/688/6504 584/819/6504
f 693/749/1339 801/447/1338 518/449/6505
f 513/694/6506 696/698/6506 801/447/6506
f 696/698/6507 456/697/6507 528/872/6507
f 697/743/1345 802/444/734 586/446/736
f 514/703/6508 700/707/1346 802/444/1348
f 700/707/6509 453/706/6509 525/764/6509
f 701/737/1352 803/441/1351 583/443/6510
f 515/712/6511 704/716/6511 803/441/6511
f 704/716/6512 450/715/6512 522/873/6512
f 705/731/1358 804/438/730 580/440/732
f 516/721/6513 708/725/1359 804/438/1361
f 708/725/6514 447/724/6514 519/874/6514
f 905/875/6515 808/1276/6515 966/876/6515
f 1189/878/2008 908/1308/2007 812/879/6516
f 911/881/6517 810/1197/6517 972/882/6517
f 1187/884/1998 914/1307/1997 806/885/6518
f 1186/887/1366 970/1254/1991 809/888/1367
f 1185/890/1369 965/1306/1988 806/891/1370
f 927/893/1372 824/1193/1658 926/894/1373
f 1183/896/1375 928/1212/1704 825/897/1376
f 953/899/6519 815/4265/6519 978/900/6519
f 931/902/1381 823/1187/1640 925/903/1382
f 1180/905/1384 932/1235/1755 826/906/1385
f 958/908/6520 820/1253/6520 982/909/6520
f 935/911/1390 814/1181/6521 916/912/1391
f 1177/914/1393 936/1250/1948 827/915/1394
f 926/917/1396 824/4266/6522 986/918/1397
f 1175/920/6523 939/1176/6523 822/921/6523
f 940/923/6524 828/1175/6524 989/924/6524
f 1173/926/6525 923/1204/6525 821/927/6525
f 943/929/1402 819/1171/6526 957/930/1403
f 1171/932/1405 944/1277/1925 829/933/1406
f 920/935/1408 818/4267/6527 994/936/1409
f 1169/938/6528 947/1166/6528 816/939/6528
f 948/941/6529 830/1165/6529 997/942/6529
f 1167/944/6530 917/1299/6530 815/945/6530
f 1166/947/6531 999/1298/6531 878/948/6531
f 1165/950/6532 1000/1292/6532 879/951/6532
f 1164/953/6533 965/1295/6533 845/954/6533
f 1003/956/6534 877/1279/6534 949/957/6534
f 1004/959/6535 880/1285/6535 1005/960/6535
f 996/962/6536 876/1296/6536 1006/963/6536
f 1160/965/6537 1007/1284/6537 834/966/6537
f 1159/968/6538 1008/1278/6538 881/969/6538
f 1158/971/6539 995/1164/6539 875/972/6539
f 1011/974/1423 874/1168/6540 946/975/1424
f 1012/977/1426 882/1274/1868 1013/978/1427
f 968/980/6541 848/1300/1921 1014/981/1922
f 1154/983/1432 1015/1273/1866 873/984/1433
f 1153/986/1864 1016/1267/1850 883/987/1852
f 1152/989/1858 992/1268/1857 872/990/6542
f 1019/992/6543 837/1257/6543 909/993/6543
f 1020/995/6544 884/1262/1847 1021/996/1849
f 991/998/1447 871/1170/1930 1022/999/1448
f 1148/1001/6545 1023/1261/6545 870/1002/6545
f 1147/1004/6546 1024/1259/6546 885/1005/6546
f 1146/1007/6547 971/1202/6547 851/1008/6547
f 1027/1010/6548 869/1252/6548 941/1011/6548
f 1028/1013/6549 886/1256/6549 1029/1014/6549
f 988/1016/6550 868/1260/6550 1030/1017/6550
f 1142/1019/6551 1031/1255/6551 840/1020/6551
f 1141/1022/6552 1032/1251/6552 887/1023/6552
f 1140/1025/6553 987/1174/6553 867/1026/6553
f 1035/1028/1459 866/1178/6554 938/1029/1460
f 1036/1031/1462 888/1248/1792 1037/1032/1463
f 974/1034/6555 854/1301/1944 1038/1035/1945
f 1136/1037/1468 1039/1247/1790 865/1038/1469
f 1135/1040/1786 1040/1242/1774 889/1041/1776
f 1134/1043/1782 984/1243/1781 864/1044/6556
f 1043/1046/6557 844/1302/6557 964/1047/6557
f 1044/1049/6558 890/1236/1771 1045/1050/1773
f 983/1052/1483 863/1180/1953 1046/1053/1484
f 1047/1055/1486 862/1184/6559 934/1056/1487
f 1048/1058/6560 891/1229/1758 1049/1059/1760
f 910/1061/1492 838/1258/1958 1050/1062/1493
f 1127/1064/1495 1051/1228/6561 861/1065/1496
f 1126/1067/6562 1052/1219/6562 892/1068/6562
f 1125/1070/1499 980/1222/1733 860/1071/1500
f 1055/1073/6563 853/1303/6563 973/1074/6563
f 1056/1076/1503 893/1213/6564 1057/1077/1504
f 979/1079/1633 859/1186/1634 1058/1080/1969
f 1059/1082/1509 858/1190/6565 930/1083/1510
f 1060/1085/6566 894/1206/1707 1061/1086/1709
f 905/1088/1515 833/1304/1974 1062/1089/1516
f 1118/1091/1518 1063/1205/1696 857/1092/1519
f 1117/1094/6567 1064/1198/6567 895/1095/6567
f 1116/1097/1522 976/1201/1683 856/1098/1523
f 1067/1100/6568 854/1305/6568 974/1101/6568
f 1068/1103/6569 896/1195/6569 1069/1104/6569
f 975/1106/1651 855/1192/1652 1070/1107/1985
f 1112/1109/1532 1071/1194/1661 842/1110/1533
f 1111/1112/1535 1072/1189/6570 897/1113/1536
f 1110/1115/1538 917/1191/6571 845/1116/1539
f 1109/1118/1541 1075/1188/1643 841/1119/1542
f 1108/1121/1544 1076/1183/6572 898/1122/1545
f 1107/1124/1547 922/1185/6573 850/1125/1548
f 1106/1127/1625 1079/1182/1624 832/1128/1993
f 1105/1130/1618 1080/1177/1607 899/1131/1609
f 1104/1133/1554 962/1179/1612 842/1134/1555
f 1083/1136/6574 852/1249/6574 924/1137/6574
f 1084/1139/6575 900/1173/6575 1085/1140/6575
f 959/1142/6576 839/1196/6576 1086/1143/6576
f 1100/1145/1597 1087/1172/1596 849/1146/2003
f 1099/1148/1590 1088/1167/1579 901/1149/1581
f 1098/1151/1564 956/1169/1584 836/1152/1565
f 1091/1154/6577 846/1275/6577 918/1155/6577
f 1092/1157/6578 902/1163/6578 1093/1158/6578
f 953/1160/6579 833/1309/6579 1094/1161/6579
f 1095/1162/6580 1094/1161/6580 902/1163/6580
f 998/946/6581 1095/1162/6581 1092/1157/6581
f 815/945/6582 953/1160/6582 1095/1162/6582
f 1096/1159/6583 1093/1158/6583 875/972/6583
f 950/949/6584 1096/1159/6584 995/1164/6584
f 878/948/6585 1092/1157/6585 1096/1159/6585
f 1097/1156/6586 918/1155/6586 816/939/6586
f 1093/1158/6587 1097/1156/6587 947/1166/6587
f 902/1163/6588 1091/1154/6588 1097/1156/6588
f 1088/1167/1583 1098/1151/1564 1090/1153/1566
f 874/1168/1582 994/936/1409 1098/1151/1564
f 994/936/1409 818/4267/6527 956/1169/1584
f 991/998/1585 1099/1148/1589 1089/1150/1586
f 829/933/1588 946/975/6589 1099/1148/1589
f 946/975/1424 874/1168/6540 1088/1167/1579
f 943/929/1591 1100/1145/1594 921/1147/1592
f 871/1170/1587 1089/1150/1586 1100/1145/1594
f 1089/1150/1563 901/1149/1562 1087/1172/2005
f 1101/1144/6590 1086/1143/6590 900/1173/6590
f 990/928/6591 1101/1144/6591 1084/1139/6591
f 821/927/6592 959/1142/6592 1101/1144/6592
f 1102/1141/6593 1085/1140/6593 867/1026/6593
f 942/1003/6594 1102/1141/6594 987/1174/6594
f 870/1002/6595 1084/1139/6595 1102/1141/6595
f 1103/1138/6596 924/1137/6596 822/921/6596
f 1085/1140/6597 1103/1138/6597 939/1176/6597
f 900/1173/6598 1083/1136/6598 1103/1138/6598
f 1080/1177/1611 1104/1133/1554 1082/1135/1556
f 866/1178/1610 986/918/1397 1104/1133/1554
f 986/918/1397 824/4266/6522 962/1179/1612
f 983/1052/1613 1105/1130/1617 1081/1132/1614
f 827/915/1616 938/1029/6599 1105/1130/1617
f 938/1029/1460 866/1178/6554 1080/1177/1607
f 935/911/1619 1106/1127/1622 952/1129/1620
f 863/1180/1615 1081/1132/1614 1106/1127/1622
f 1081/1132/1553 899/1131/1552 1079/1182/1995
f 1076/1183/6600 1107/1124/6600 1078/1126/6600
f 862/1184/1627 982/909/6601 1107/1124/1628
f 982/909/1630 820/1253/6602 922/1185/1631
f 979/1079/1633 1108/1121/1544 1077/1123/1546
f 826/906/1635 934/1056/1638 1108/1121/1636
f 934/1056/1638 862/1184/6603 1076/1183/1639
f 931/902/1381 1109/1118/1541 961/1120/1543
f 859/1186/1641 1077/1123/1642 1109/1118/1541
f 1077/1123/1642 898/1122/6604 1075/1188/1643
f 1072/1189/1647 1110/1115/1646 1074/1117/6605
f 858/1190/1645 978/900/6606 1110/1115/1646
f 978/900/1648 815/4265/6607 917/1191/1649
f 975/1106/1651 1111/1112/1535 1073/1114/1537
f 825/897/1653 930/1083/1656 1111/1112/1654
f 930/1083/1656 858/1190/6608 1072/1189/1657
f 927/893/1372 1112/1109/1532 962/1111/1534
f 855/1192/1659 1073/1114/1660 1112/1109/1532
f 1073/1114/1660 897/1113/6609 1071/1194/1661
f 1113/1108/1531 1070/1107/1530 896/1195/1984
f 977/898/1663 1113/1108/1666 1068/1103/1664
f 825/897/1653 975/1106/1655 1113/1108/1666
f 1114/1105/6610 1069/1104/1676 839/1196/1677
f 929/1093/6611 1114/1105/1667 959/1142/1669
f 857/1092/1671 1068/1103/1526 1114/1105/1528
f 1115/1102/1673 974/1101/6612 810/1197/1674
f 1069/1104/1676 1115/1102/1673 911/881/1675
f 896/1195/6613 1067/1100/6613 1115/1102/6613
f 1064/1198/1679 1116/1097/1522 1066/1099/1524
f 836/1199/1681 956/1200/1682 1116/1097/1522
f 956/1200/1682 818/1211/1702 976/1201/1683
f 971/1202/1684 1117/1094/1688 1065/1096/1685
f 812/879/1687 908/1203/6614 1117/1094/1688
f 908/1203/6615 836/1199/6615 1064/1198/6615
f 923/1204/1690 1118/1091/6616 929/1093/1691
f 851/1008/1686 1065/1096/1685 1118/1091/1693
f 1065/1096/6617 895/1095/6617 1063/1205/6617
f 1119/1090/6618 1062/1089/6618 894/1206/6618
f 968/1207/6619 1119/1090/6619 1060/1085/6619
f 808/1209/1699 905/1088/1515 1119/1090/1517
f 1120/1087/1514 1061/1086/1513 856/1098/1706
f 920/1210/1701 1120/1087/1514 976/1201/1683
f 848/1208/1703 1060/1085/1512 1120/1087/1514
f 1121/1084/1511 930/1083/1510 825/897/1376
f 1061/1086/1709 1121/1084/1708 928/1212/6620
f 894/1206/6621 1059/1082/6621 1121/1084/6621
f 1122/1081/1508 1058/1080/1507 893/1213/1968
f 981/907/1711 1122/1081/1714 1056/1076/1712
f 826/906/1635 979/1079/1637 1122/1081/1714
f 1123/1078/6622 1057/1077/1726 831/1214/1727
f 933/1066/1718 1123/1078/1715 951/1215/1717
f 861/1065/1720 1056/1076/6623 1123/1078/1721
f 1124/1075/1723 973/1074/6624 805/1217/1724
f 1057/1077/1726 1124/1075/1723 903/1218/1725
f 893/1213/6625 1055/1073/6625 1124/1075/6625
f 1052/1219/1729 1125/1070/1499 1054/1072/1501
f 835/1220/1731 955/1221/1732 1125/1070/1499
f 955/1221/1732 817/1234/1753 980/1222/1733
f 963/1223/1734 1126/1067/1738 1053/1069/1735
f 807/1225/1737 907/1226/6626 1126/1067/1738
f 907/1226/6627 835/1220/6627 1052/1219/6627
f 915/1227/1740 1127/1064/6628 933/1066/1741
f 843/1224/1736 1053/1069/1735 1127/1064/1743
f 1053/1069/1745 892/1068/6629 1051/1228/1746
f 1128/1063/6630 1050/1062/6630 891/1229/6630
f 967/1230/6631 1128/1063/6631 1048/1058/6631
f 811/1232/1750 910/1061/1492 1128/1063/1494
f 1129/1060/1491 1049/1059/1490 860/1071/1757
f 919/1233/1752 1129/1060/1491 980/1222/1733
f 847/1231/1754 1048/1058/1489 1129/1060/1491
f 1130/1057/1488 934/1056/1487 826/906/1385
f 1049/1059/1760 1130/1057/1759 932/1235/6632
f 891/1229/6633 1047/1055/6633 1130/1057/6633
f 1131/1054/1761 1046/1053/1952 890/1236/1762
f 985/916/1764 1131/1054/1761 1044/1049/1763
f 827/915/1394 983/1052/1483 1131/1054/1485
f 1132/1051/1482 1045/1050/1481 853/1237/1766
f 937/1039/1470 1132/1051/1482 925/1238/1767
f 865/1038/1469 1044/1049/1480 1132/1051/1482
f 1133/1048/6634 964/1047/6634 805/1240/6634
f 1045/1050/6635 1133/1048/6635 973/1241/6635
f 890/1236/6636 1043/1046/1477 1133/1048/1479
f 1040/1242/1779 1134/1043/1778 1042/1045/6637
f 840/1020/6638 960/922/6638 1134/1043/6638
f 960/922/1780 822/921/6639 984/1243/1781
f 913/1244/6640 1135/1040/6640 1041/1042/6640
f 809/888/6641 912/1021/6641 1135/1040/6641
f 912/1021/6642 840/1020/1777 1040/1242/1779
f 961/1246/1787 1136/1037/1468 937/1039/1470
f 841/1245/1788 1041/1042/1789 1136/1037/1468
f 1041/1042/1473 889/1041/1472 1039/1247/1946
f 1137/1036/6643 1038/1035/1941 888/1248/1943
f 972/882/6644 1137/1036/1791 1036/1031/1462
f 810/1197/6645 974/1034/1465 1137/1036/1467
f 1138/1033/1795 1037/1032/1804 864/1044/1796
f 924/1137/1798 1138/1033/1795 984/1243/1797
f 852/1249/1800 1036/1031/1462 1138/1033/1464
f 1139/1030/1802 938/1029/6599 827/915/1616
f 1037/1032/1804 1139/1030/1802 936/1250/1803
f 888/1248/1792 1035/1028/1459 1139/1030/1461
f 1032/1251/6646 1140/1025/6646 1034/1027/6646
f 869/1252/6647 989/924/6647 1140/1025/6647
f 989/924/6648 828/1175/6648 987/1174/6648
f 922/1185/6649 1141/1022/6649 1033/1024/6649
f 820/1253/1809 958/908/6650 1199/908/1810
f 941/1011/6651 869/1252/6651 1032/1251/6651
f 1142/1019/1813 912/1021/1813 1194/1021/1813
f 1033/1024/6652 1142/1019/6652 970/1254/6652
f 1033/1024/6653 887/1023/6653 1031/1255/6653
f 1143/1018/6654 1030/1017/6654 886/1256/6654
f 957/930/6655 1143/1018/6655 1028/1013/6655
f 819/1171/6656 988/1016/6656 1143/1018/6656
f 910/1061/6657 1144/1015/6657 1029/1014/6657
f 809/888/6658 1195/888/6658 1194/1021/6658
f 837/1257/6659 1028/1013/6659 1144/1015/6659
f 958/908/1822 1145/1012/6660 1204/1012/1823
f 1029/1014/6661 1145/1012/6661 958/908/6661
f 886/1256/6662 1027/1010/6662 1145/1012/6662
f 1024/1259/6663 1146/1007/6663 1026/1009/6663
f 849/1146/6664 969/880/6664 1146/1007/6664
f 969/880/6665 812/879/6665 971/1202/6665
f 988/1016/6666 1147/1004/6666 1025/1006/6666
f 819/1171/6667 921/1147/6667 1147/1004/6667
f 921/1147/6668 849/1146/6668 1024/1259/6668
f 940/923/6669 1148/1001/6669 942/1003/6669
f 868/1260/6670 1025/1006/6670 1148/1001/6670
f 1025/1006/6671 885/1005/6671 1023/1261/6671
f 1149/1000/1836 1022/999/1929 884/1262/1837
f 993/934/1839 1149/1000/1836 1020/995/1838
f 829/933/1406 991/998/1447 1149/1000/1449
f 1150/997/1446 1021/996/1445 847/1263/1846
f 945/985/1434 1150/997/1446 919/1264/1842
f 873/984/1433 1020/995/1444 1150/997/1446
f 1151/994/6672 909/993/6672 811/1232/6672
f 1021/996/6673 1151/994/6673 967/1266/6673
f 884/1262/6674 1019/992/1441 1151/994/1443
f 1016/1267/1855 1152/989/1854 1018/991/6675
f 834/966/6676 954/940/6676 1152/989/6676
f 954/940/1856 816/939/6677 992/1268/1857
f 907/1269/6678 1153/986/6678 1017/988/6678
f 807/1271/6679 906/967/6679 1153/986/6679
f 906/967/6680 834/966/1853 1016/1267/1855
f 955/1272/1865 1154/983/1432 945/985/1434
f 835/1270/1861 1017/988/1860 1154/983/1432
f 1017/988/1437 883/987/1436 1015/1273/1923
f 1155/982/6681 1014/981/1918 882/1274/1920
f 966/876/6682 1155/982/1867 1012/977/1426
f 808/1276/6683 968/980/1429 1155/982/1431
f 1156/979/1871 1013/978/1880 872/990/1872
f 918/1155/1874 1156/979/1871 992/1268/1873
f 846/1275/1876 1012/977/1426 1156/979/1428
f 1157/976/1878 946/975/6589 829/933/1588
f 1013/978/1880 1157/976/1878 944/1277/1879
f 882/1274/1868 1011/974/1423 1157/976/1425
f 1008/1278/6684 1158/971/6684 1010/973/6684
f 877/1279/6685 997/942/6685 1158/971/6685
f 997/942/6686 830/1165/6686 995/1164/6686
f 915/1280/6687 1159/968/6687 1009/970/6687
f 1162/961/6688 903/1282/6688 1205/1282/6688
f 949/957/6689 877/1279/6689 1008/1278/6689
f 1160/965/6690 1216/965/6690 1213/1283/6690
f 1009/970/6691 1160/965/6691 963/1283/6691
f 1009/970/6692 881/969/6692 1007/1284/6692
f 1161/964/6693 1006/963/6693 880/1285/6693
f 916/1286/6694 1161/964/6694 1004/959/6694
f 814/1288/6695 996/962/6695 1161/964/6695
f 903/1282/6696 1162/961/6696 1005/960/6696
f 1162/961/1894 1217/961/1894 1214/1290/1894
f 844/1287/6697 1004/959/6697 1162/961/6697
f 805/1240/6698 964/1047/6698 1214/1047/6698
f 1005/960/6699 1163/958/6699 951/1291/6699
f 880/1285/6700 1003/956/6700 1163/958/6700
f 1000/1292/6701 1164/953/6701 1002/955/6701
f 832/1293/6702 904/1294/6702 1164/953/6702
f 904/1294/6703 806/4268/6703 965/1295/6703
f 996/962/6704 1165/950/6704 1001/952/6704
f 814/1288/6705 952/1297/6705 1165/950/6705
f 952/1297/6706 832/1293/6706 1000/1292/6706
f 948/941/6707 1166/947/6707 950/949/6707
f 876/1296/6708 1001/952/6708 1166/947/6708
f 1001/952/6709 879/951/6709 999/1298/6709
f 999/1298/6710 1167/944/6710 998/946/6710
f 879/951/6711 1002/955/6711 1167/944/6711
f 1002/955/6712 845/954/6712 917/1299/6712
f 1168/943/6713 997/942/6713 877/1279/6713
f 1006/963/6714 1168/943/6714 1003/956/6714
f 876/1296/6715 948/941/6715 1168/943/6715
f 1007/1284/6716 1169/938/6716 954/940/6716
f 881/969/6717 1010/973/6717 1169/938/6717
f 1010/973/6718 875/972/6718 947/1166/6718
f 1170/937/1410 994/936/1409 874/1168/1582
f 1014/981/1922 1170/937/1410 1011/974/1917
f 848/1300/6719 920/935/1408 1170/937/1410
f 1015/1273/1923 1171/932/1924 993/934/1839
f 883/987/1852 1018/991/1851 1171/932/6720
f 1018/991/1440 872/990/1439 944/1277/1925
f 1172/931/1926 957/930/6721 837/1257/1927
f 1022/999/1929 1172/931/1926 1019/992/1928
f 871/1170/1930 943/929/1402 1172/931/1404
f 1023/1261/6722 1173/926/6722 990/928/6722
f 885/1005/6723 1026/1009/6723 1173/926/6723
f 1026/1009/6724 851/1008/6724 923/1204/6724
f 1174/925/6725 989/924/6725 869/1252/6725
f 1030/1017/6726 1174/925/6726 1027/1010/6726
f 868/1260/6727 940/923/6727 1174/925/6727
f 1031/1255/6728 1175/920/6728 960/922/6728
f 887/1023/6729 1034/1027/6729 1175/920/6729
f 1034/1027/6730 867/1026/6730 939/1176/6730
f 1176/919/1398 986/918/1397 866/1178/1610
f 1038/1035/1945 1176/919/1398 1035/1028/1940
f 854/1301/1944 926/917/1396 1176/919/1398
f 1039/1247/1946 1177/914/1947 985/916/1764
f 889/1041/1776 1042/1045/1775 1177/914/6731
f 1042/1045/1476 864/1044/1475 936/1250/1948
f 1178/913/1949 916/912/6732 844/1302/1950
f 1046/1053/1952 1178/913/1949 1043/1046/1951
f 863/1180/1953 935/911/1390 1178/913/1392
f 1179/910/1954 982/909/6733 862/1184/1955
f 1050/1062/6734 1179/910/6734 1047/1055/6734
f 838/1258/1958 958/908/1387 1179/910/1389
f 1051/1228/1959 1180/905/1384 981/907/1386
f 892/1068/1961 1054/1072/1964 1180/905/1962
f 1054/1072/1964 860/1071/1757 932/1235/1756
f 1181/904/1383 925/903/1382 853/1303/1965
f 1058/1080/1969 1181/904/1383 1055/1073/1966
f 859/1186/1641 931/902/1381 1181/904/1383
f 1182/901/6735 978/900/6606 858/1190/1645
f 1062/1089/6736 1182/901/1970 1059/1082/1972
f 833/1304/1974 953/899/1378 1182/901/1380
f 1063/1205/1975 1183/896/1375 977/898/1377
f 895/1095/1977 1066/1099/1980 1183/896/1978
f 1066/1099/1980 856/1098/1706 928/1212/1705
f 1184/895/1374 926/894/1373 854/1305/1981
f 1070/1107/1985 1184/895/1374 1067/1100/1982
f 855/1192/1659 927/893/1372 1184/895/1374
f 1071/1194/6737 1185/890/6737 914/892/6737
f 897/1113/6738 1074/1117/6738 1185/890/6738
f 1074/1117/1540 845/1116/1539 965/1306/1988
f 1075/1188/6739 1186/887/6739 913/889/6739
f 898/1122/6740 1078/1126/6740 1186/887/6740
f 1078/1126/1549 850/1125/1548 970/1254/1991
f 1079/1182/1995 1187/884/1994 904/886/6741
f 899/1131/1609 1082/1135/1608 1187/884/6742
f 1082/1135/6743 842/1134/6743 914/1307/6743
f 1188/883/6744 972/882/6744 852/1249/6744
f 1086/1143/6745 1188/883/6745 1083/1136/6745
f 839/1196/6746 911/881/6746 1188/883/6746
f 1087/1172/2005 1189/878/2004 969/880/6747
f 901/1149/1581 1090/1153/1580 1189/878/6748
f 1090/1153/1566 836/1152/1565 908/1308/6749
f 1190/877/6750 966/876/6750 846/1275/6750
f 1094/1161/6751 1190/877/6751 1091/1154/6751
f 833/1309/6752 905/875/6752 1190/877/6752
f 1197/1253/6753 1198/1011/6753 1201/1022/6753
f 1202/1019/6754 1194/1021/6754 1195/888/6754
f 1192/1232/6755 1191/993/6755 1203/1015/6755
f 1204/1012/6756 1198/1011/6756 1197/1253/6756
f 1144/1015/2016 1203/1015/2016 1191/993/2016
f 970/1254/6757 1142/1019/6757 1202/1019/6757
f 820/1253/1809 1197/1253/1811 1196/1185/2018
f 910/1061/6758 1193/1061/6758 1203/1015/6758
f 811/1232/6759 909/993/6759 1191/993/6759
f 941/1011/2022 1141/1022/2022 1201/1022/2022
f 941/1011/2023 1198/1011/2023 1204/1012/2023
f 910/1061/6760 811/1232/6760 1192/1232/6760
f 970/1254/6761 1200/1254/6761 1195/888/6761
f 922/1185/2026 1196/1185/6762 1201/1022/2027
f 1210/1310/6763 1211/957/6763 1215/968/6763
f 1216/965/6764 1207/967/6764 1208/1271/6764
f 1206/1311/6765 1214/1290/6765 1217/961/6765
f 1218/958/6766 1211/957/6766 1210/1310/6766
f 807/1271/6767 1208/1271/6767 1207/967/6767
f 813/1216/6768 951/1215/6768 1212/1215/6768
f 813/1216/2034 1210/1216/2036 1209/1227/2037
f 949/957/2039 1159/968/2039 1215/968/2039
f 949/957/2041 1211/957/6769 1218/958/2041
f 1159/968/2042 915/1280/6770 1209/1280/2043
f 1163/958/2045 1218/958/6771 1212/1291/2046
f 903/1218/6772 805/1217/6772 1206/1217/6772
f 1160/965/2049 906/967/2049 1207/967/2049
f 963/1223/6773 1213/1223/6773 1208/1225/6773
f 1319/1312/6774 1222/1712/6774 1380/1313/6774
f 1603/1315/2724 1322/1744/2723 1226/1316/6775
f 1325/1318/6776 1224/1634/6776 1386/1319/6776
f 1601/1321/2715 1328/1743/2714 1220/1322/6777
f 1600/1324/2055 1384/1690/2709 1223/1325/2056
f 1599/1327/2705 1379/1742/2704 1220/1328/6778
f 1341/1330/2061 1238/1630/2351 1340/1331/2062
f 1597/1333/2064 1342/1649/2401 1239/1334/2065
f 1367/1336/2067 1229/4269/6779 1392/1337/2068
f 1345/1339/2070 1237/1624/2336 1339/1340/2071
f 1594/1342/2073 1346/1672/2451 1240/1343/2074
f 1372/1345/2076 1234/1746/6780 1396/1346/2077
f 1349/1348/2079 1228/1618/6781 1330/1349/2080
f 1591/1351/2082 1350/1687/2659 1241/1352/2083
f 1340/1354/2085 1238/4270/6782 1400/1355/2086
f 1589/1357/6783 1353/1613/6783 1236/1358/6783
f 1354/1360/6784 1242/1612/6784 1403/1361/6784
f 1587/1363/6785 1337/1641/6785 1235/1364/6785
f 1357/1366/2091 1233/1608/6786 1371/1367/2092
f 1585/1369/2094 1358/1713/2633 1243/1370/2095
f 1334/1372/2097 1232/4271/6787 1408/1373/2098
f 1583/1375/6788 1361/1603/6788 1230/1376/6788
f 1362/1378/6789 1244/1602/6789 1411/1379/6789
f 1581/1381/6790 1331/1735/6790 1229/1382/6790
f 1580/1384/6791 1413/1734/6791 1292/1385/6791
f 1579/1387/6792 1414/1728/6792 1293/1388/6792
f 1578/1390/6793 1379/1731/6793 1259/1391/6793
f 1417/1393/6794 1291/1715/6794 1363/1394/6794
f 1418/1396/6795 1294/1720/6795 1419/1397/6795
f 1410/1399/6796 1290/1732/6796 1420/1400/6796
f 1574/1402/6797 1421/1719/6797 1248/1403/6797
f 1573/1405/6798 1422/1714/6798 1295/1406/6798
f 1572/1408/6799 1409/1601/6799 1289/1409/6799
f 1425/1411/2112 1288/1605/6800 1360/1412/2113
f 1426/1414/6801 1296/1710/2581 1427/1415/2583
f 1382/1417/6802 1262/1736/2629 1428/1418/2630
f 1568/1420/2121 1429/1709/2565 1287/1421/2122
f 1567/1423/2562 1430/1703/2549 1297/1424/2551
f 1566/1426/2127 1406/1704/2556 1286/1427/2128
f 1433/1429/2636 1251/1693/2635 1323/1430/6803
f 1434/1432/6804 1298/1698/2546 1435/1433/2548
f 1405/1435/2136 1285/1607/2640 1436/1436/2137
f 1562/1438/6805 1437/1697/6805 1284/1439/6805
f 1561/1441/6806 1438/1695/6806 1299/1442/6806
f 1560/1444/6807 1385/1639/6807 1265/1445/6807
f 1441/1447/6808 1283/1689/6808 1355/1448/6808
f 1442/1450/6809 1300/1692/6809 1443/1451/6809
f 1402/1453/6810 1282/1696/6810 1444/1454/6810
f 1556/1456/6811 1445/1691/6811 1254/1457/6811
f 1555/1459/6812 1446/1688/6812 1301/1460/6812
f 1554/1462/6813 1401/1611/6813 1281/1463/6813
f 1449/1465/2150 1280/1615/6814 1352/1466/2151
f 1450/1468/6815 1302/1685/2502 1451/1469/2504
f 1388/1471/6816 1268/1737/2655 1452/1472/2656
f 1550/1474/2159 1453/1684/2486 1279/1475/2160
f 1549/1477/2483 1454/1679/2470 1303/1478/2472
f 1548/1480/2165 1398/1680/2477 1278/1481/2166
f 1457/1483/2662 1258/1738/2661 1378/1484/6817
f 1458/1486/6818 1304/1673/2467 1459/1487/2469
f 1397/1489/2174 1277/1617/2666 1460/1490/2175
f 1461/1492/2177 1276/1621/6819 1348/1493/2178
f 1462/1495/6820 1305/1666/2455 1463/1496/2452
f 1324/1498/6821 1252/1694/2673 1464/1499/2675
f 1541/1501/2186 1465/1665/6822 1275/1502/2187
f 1540/1504/6823 1466/1656/6823 1306/1505/6823
f 1539/1507/2190 1394/1659/2430 1274/1508/2191
f 1469/1510/6824 1267/1739/6824 1387/1511/6824
f 1470/1513/6825 1307/1650/6825 1471/1514/6825
f 1393/1516/2195 1273/1623/2330 1472/1517/2196
f 1473/1519/2198 1272/1627/2688 1344/1520/2199
f 1474/1522/2394 1308/1643/2393 1475/1523/2402
f 1319/1525/6826 1247/1740/2691 1476/1526/2693
f 1532/1528/2207 1477/1642/2694 1271/1529/2208
f 1531/1531/2384 1478/1635/2373 1309/1532/2375
f 1530/1534/2213 1390/1638/2379 1270/1535/2214
f 1481/1537/2216 1268/1741/2698 1388/1538/2217
f 1482/1540/2357 1310/1632/2356 1483/1541/2372
f 1389/1543/2222 1269/1629/2346 1484/1544/2223
f 1526/1546/2225 1485/1631/2354 1256/1547/2226
f 1525/1549/2228 1486/1626/2340 1311/1550/2229
f 1524/1552/2231 1331/1628/6827 1259/1553/2232
f 1523/1555/2234 1489/1625/2339 1255/1556/2235
f 1522/1558/2237 1490/1620/6828 1312/1559/2238
f 1521/1561/2240 1336/1622/6829 1264/1562/2241
f 1520/1564/2320 1493/1619/2319 1246/1565/2711
f 1519/1567/2313 1494/1614/2301 1313/1568/2303
f 1518/1570/2305 1376/1616/2307 1256/1571/6830
f 1497/1573/6831 1266/1686/6831 1338/1574/6831
f 1498/1576/6832 1314/1610/6832 1499/1577/6832
f 1373/1579/6833 1253/1633/6833 1500/1580/6833
f 1514/1582/2291 1501/1609/2290 1263/1583/2720
f 1513/1585/2284 1502/1604/2272 1315/1586/2274
f 1512/1588/2276 1370/1606/2278 1250/1589/6834
f 1505/1591/6835 1260/1711/6835 1332/1592/6835
f 1506/1594/6836 1316/1600/6836 1507/1595/6836
f 1367/1597/6837 1247/1745/6837 1508/1598/6837
f 1509/1599/6838 1508/1598/6838 1316/1600/6838
f 1412/1383/6839 1509/1599/6839 1506/1594/6839
f 1229/1382/6840 1367/1597/6840 1509/1599/6840
f 1510/1596/6841 1507/1595/6841 1289/1409/6841
f 1364/1386/6842 1510/1596/6842 1409/1601/6842
f 1292/1385/6843 1506/1594/6843 1510/1596/6843
f 1511/1593/6844 1332/1592/6844 1230/1376/6844
f 1507/1595/6845 1511/1593/6845 1361/1603/6845
f 1316/1600/6846 1505/1591/6846 1511/1593/6846
f 1502/1604/2277 1512/1588/2276 1504/1590/6847
f 1288/1605/2275 1408/1373/2098 1512/1588/2276
f 1408/1373/2098 1232/4271/6787 1370/1606/2278
f 1405/1435/2279 1513/1585/2283 1503/1587/2280
f 1243/1370/2282 1360/1412/6848 1513/1585/2283
f 1360/1412/2113 1288/1605/6800 1502/1604/2272
f 1357/1366/2285 1514/1582/2288 1335/1584/2286
f 1285/1607/2281 1503/1587/2280 1514/1582/2288
f 1503/1587/2256 1315/1586/2255 1501/1609/2722
f 1515/1581/6849 1500/1580/6849 1314/1610/6849
f 1404/1365/6850 1515/1581/6850 1498/1576/6850
f 1235/1364/6851 1373/1579/6851 1515/1581/6851
f 1516/1578/6852 1499/1577/6852 1281/1463/6852
f 1356/1440/6853 1516/1578/6853 1401/1611/6853
f 1284/1439/6854 1498/1576/6854 1516/1578/6854
f 1517/1575/6855 1338/1574/6855 1236/1358/6855
f 1499/1577/6856 1517/1575/6856 1353/1613/6856
f 1314/1610/6857 1497/1573/6857 1517/1575/6857
f 1494/1614/2306 1518/1570/2305 1496/1572/6858
f 1280/1615/2304 1400/1355/2086 1518/1570/2305
f 1400/1355/2086 1238/4270/6782 1376/1616/2307
f 1397/1489/2308 1519/1567/2312 1495/1569/2309
f 1241/1352/2311 1352/1466/6859 1519/1567/2312
f 1352/1466/2151 1280/1615/6814 1494/1614/2301
f 1349/1348/2314 1520/1564/2317 1366/1566/2315
f 1277/1617/2310 1495/1569/2309 1520/1564/2317
f 1495/1569/2246 1313/1568/2245 1493/1619/2713
f 1490/1620/2321 1521/1561/6860 1492/1563/2322
f 1276/1621/2324 1396/1346/6861 1521/1561/2325
f 1396/1346/2327 1234/1746/6862 1336/1622/2328
f 1393/1516/2195 1522/1558/2237 1491/1560/2239
f 1240/1343/2331 1348/1493/2334 1522/1558/2332
f 1348/1493/2334 1276/1621/6863 1490/1620/2335
f 1345/1339/2070 1523/1555/2234 1375/1557/2236
f 1273/1623/2337 1491/1560/2338 1523/1555/2234
f 1491/1560/2338 1312/1559/6864 1489/1625/2339
f 1486/1626/2340 1524/1552/2231 1488/1554/2233
f 1272/1627/2341 1392/1337/2344 1524/1552/2342
f 1392/1337/2344 1229/4269/6865 1331/1628/2345
f 1389/1543/2222 1525/1549/2228 1487/1551/2230
f 1239/1334/2347 1344/1520/2350 1525/1549/2348
f 1344/1520/2350 1272/1627/2341 1486/1626/2343
f 1341/1330/2061 1526/1546/2225 1376/1548/2227
f 1269/1629/2352 1487/1551/2353 1526/1546/2225
f 1487/1551/2353 1311/1550/2702 1485/1631/2354
f 1527/1545/2224 1484/1544/2223 1310/1632/2700
f 1391/1335/2358 1527/1545/2361 1482/1540/2359
f 1239/1334/2347 1389/1543/2349 1527/1545/2361
f 1528/1542/2221 1483/1541/2220 1253/1633/2371
f 1343/1530/2363 1528/1542/2366 1373/1579/2364
f 1271/1529/2360 1482/1540/2359 1528/1542/2366
f 1529/1539/2367 1388/1538/6866 1224/1634/2368
f 1483/1541/2372 1529/1539/2367 1325/1318/2369
f 1310/1632/2700 1481/1537/2699 1529/1539/6867
f 1478/1635/2377 1530/1534/2213 1480/1536/2215
f 1250/1636/2376 1370/1637/2378 1530/1534/2213
f 1370/1637/2378 1232/1648/2400 1390/1638/2379
f 1385/1639/2380 1531/1531/2210 1479/1533/2212
f 1226/1316/6868 1322/1640/2383 1531/1531/2384
f 1322/1640/6869 1250/1636/2376 1478/1635/2377
f 1337/1641/2385 1532/1528/2207 1343/1530/2209
f 1265/1445/2387 1479/1533/2390 1532/1528/2388
f 1479/1533/2390 1309/1532/2695 1477/1642/2391
f 1533/1527/2206 1476/1526/2205 1308/1643/2690
f 1382/1644/2395 1533/1527/6870 1474/1522/2201
f 1222/1646/2397 1319/1525/2204 1533/1527/2206
f 1534/1524/2203 1475/1523/2202 1270/1535/2214
f 1334/1647/2399 1534/1524/2203 1390/1638/2379
f 1262/1645/2396 1474/1522/2201 1534/1524/2203
f 1535/1521/2200 1344/1520/2199 1239/1334/2065
f 1475/1523/2402 1535/1521/2405 1342/1649/2403
f 1308/1643/2690 1473/1519/2689 1535/1521/6871
f 1536/1518/2197 1472/1517/2196 1307/1650/2685
f 1395/1344/2407 1536/1518/2410 1470/1513/2408
f 1240/1343/2331 1393/1516/2333 1536/1518/2410
f 1537/1515/2411 1471/1514/2423 1245/1651/2412
f 1347/1503/2414 1537/1515/6872 1365/1652/2415
f 1275/1502/2417 1470/1513/6873 1537/1515/2418
f 1538/1512/2420 1387/1511/6874 1219/1654/2421
f 1471/1514/6875 1538/1512/2420 1317/1655/2422
f 1307/1650/6876 1469/1510/6876 1538/1512/6876
f 1466/1656/2426 1539/1507/2190 1468/1509/2192
f 1249/1657/2428 1369/1658/2429 1539/1507/2190
f 1369/1658/2429 1231/1671/2449 1394/1659/2430
f 1377/1660/2431 1540/1504/2435 1467/1506/2432
f 1221/1662/6877 1321/1663/6877 1540/1504/6877
f 1321/1663/6878 1249/1657/6878 1466/1656/6878
f 1329/1664/2437 1541/1501/6879 1347/1503/2438
f 1257/1661/2440 1467/1506/6880 1541/1501/2441
f 1467/1506/6881 1306/1505/6881 1465/1665/6881
f 1542/1500/6882 1464/1499/6882 1305/1666/6882
f 1381/1667/6883 1542/1500/6883 1462/1495/6883
f 1225/1669/2446 1324/1498/2183 1542/1500/2185
f 1543/1497/2182 1463/1496/2181 1274/1508/2191
f 1333/1670/2448 1543/1497/2182 1394/1659/2430
f 1261/1668/2450 1462/1495/2180 1543/1497/2182
f 1544/1494/2179 1348/1493/2178 1240/1343/2074
f 1463/1496/2452 1544/1494/2456 1346/1672/2453
f 1305/1666/6884 1461/1492/6884 1544/1494/6884
f 1545/1491/6885 1460/1490/2663 1304/1673/2665
f 1399/1353/2458 1545/1491/6886 1458/1486/2459
f 1241/1352/2083 1397/1489/2174 1545/1491/2176
f 1546/1488/2173 1459/1487/2172 1267/1674/2466
f 1351/1476/2161 1546/1488/2173 1339/1675/2462
f 1279/1475/2160 1458/1486/2171 1546/1488/2173
f 1547/1485/6887 1378/1484/6887 1219/1677/6887
f 1459/1487/6888 1547/1485/6888 1387/1678/6888
f 1304/1673/6889 1457/1483/2168 1547/1485/2170
f 1454/1679/2475 1548/1480/2474 1456/1482/6890
f 1254/1457/6891 1374/1359/6891 1548/1480/6891
f 1374/1359/2476 1236/1358/6892 1398/1680/2477
f 1327/1681/6893 1549/1477/6893 1455/1479/6893
f 1223/1325/6894 1326/1458/6894 1549/1477/6894
f 1326/1458/6895 1254/1457/2473 1454/1679/2475
f 1375/1683/2484 1550/1474/2159 1351/1476/2161
f 1255/1682/2480 1455/1479/2479 1550/1474/2159
f 1455/1479/2164 1303/1478/2163 1453/1684/2657
f 1551/1473/2158 1452/1472/2157 1302/1685/2654
f 1386/1319/2492 1551/1473/2487 1450/1468/2489
f 1224/1634/6896 1388/1471/2156 1551/1473/2158
f 1552/1470/2493 1451/1469/2501 1278/1481/2494
f 1338/1574/2496 1552/1470/2493 1398/1680/2495
f 1266/1686/6897 1450/1468/2153 1552/1470/2155
f 1553/1467/2499 1352/1466/6859 1241/1352/2311
f 1451/1469/2501 1553/1467/2499 1350/1687/2500
f 1302/1685/2654 1449/1465/2653 1553/1467/6898
f 1446/1688/6899 1554/1462/6899 1448/1464/6899
f 1283/1689/6900 1403/1361/6900 1554/1462/6900
f 1403/1361/6901 1242/1612/6901 1401/1611/6901
f 1336/1622/6902 1555/1459/6902 1447/1461/6902
f 1324/1498/6903 1225/1669/6903 1606/1669/6903
f 1355/1448/6904 1283/1689/6904 1446/1688/6904
f 1355/1448/2511 1612/1448/6905 1618/1449/2512
f 1264/1562/6906 1447/1461/2514 1556/1456/2516
f 1447/1461/6907 1301/1460/6907 1445/1691/6907
f 1557/1455/6908 1444/1454/6908 1300/1692/6908
f 1371/1367/6909 1557/1455/6909 1442/1450/6909
f 1233/1608/6910 1402/1453/6910 1557/1455/6910
f 1558/1452/2145 1443/1451/2144 1252/1694/6911
f 1355/1448/2521 1555/1459/6912 1615/1459/2521
f 1251/1693/6913 1442/1450/6913 1558/1452/6913
f 1225/1669/6914 1323/1430/6914 1605/1430/6914
f 1443/1451/6915 1559/1449/6915 1372/1345/6915
f 1300/1692/6916 1441/1447/6916 1559/1449/6916
f 1438/1695/6917 1560/1444/6917 1440/1446/6917
f 1263/1583/6918 1383/1317/6918 1560/1444/6918
f 1383/1317/6919 1226/1316/6919 1385/1639/6919
f 1402/1453/6920 1561/1441/6920 1439/1443/6920
f 1233/1608/6921 1335/1584/6921 1561/1441/6921
f 1335/1584/6922 1263/1583/6922 1438/1695/6922
f 1354/1360/6923 1562/1438/6923 1356/1440/6923
f 1282/1696/6924 1439/1443/6924 1562/1438/6924
f 1439/1443/6925 1299/1442/6925 1437/1697/6925
f 1563/1437/6926 1436/1436/2637 1298/1698/2639
f 1407/1371/2537 1563/1437/6927 1434/1432/2538
f 1243/1370/2095 1405/1435/2136 1563/1437/2138
f 1564/1434/2135 1435/1433/2134 1261/1699/2545
f 1359/1422/2123 1564/1434/2135 1333/1700/2541
f 1287/1421/2122 1434/1432/2133 1564/1434/2135
f 1565/1431/6928 1323/1430/6928 1225/1669/6928
f 1435/1433/6929 1565/1431/6929 1381/1702/6929
f 1298/1698/6930 1433/1429/2130 1565/1431/2132
f 1430/1703/2554 1566/1426/2553 1432/1428/6931
f 1248/1403/6932 1368/1377/6932 1566/1426/6932
f 1368/1377/2555 1230/1376/6933 1406/1704/2556
f 1321/1705/6934 1567/1423/6934 1431/1425/6934
f 1221/1707/6935 1320/1404/6935 1567/1423/6935
f 1320/1404/6936 1248/1403/2552 1430/1703/2554
f 1369/1708/2563 1568/1420/2121 1359/1422/2123
f 1249/1706/2559 1431/1425/2558 1568/1420/2121
f 1431/1425/2126 1297/1424/2125 1429/1709/2631
f 1569/1419/2120 1428/1418/2119 1296/1710/2628
f 1380/1313/2571 1569/1419/2566 1426/1414/2568
f 1222/1712/6937 1382/1417/2118 1569/1419/2120
f 1570/1416/2572 1427/1415/2580 1286/1427/2573
f 1332/1592/2575 1570/1416/2572 1406/1704/2574
f 1260/1711/6938 1426/1414/2115 1570/1416/2117
f 1571/1413/2578 1360/1412/6848 1243/1370/2282
f 1427/1415/2580 1571/1413/2578 1358/1713/2579
f 1296/1710/2628 1425/1411/2627 1571/1413/6939
f 1422/1714/6940 1572/1408/6940 1424/1410/6940
f 1291/1715/6941 1411/1379/6941 1572/1408/6941
f 1411/1379/6942 1244/1602/6942 1409/1601/6942
f 1329/1716/6943 1573/1405/6943 1423/1407/6943
f 1574/1402/2588 1320/1404/2588 1621/1404/2588
f 1363/1394/6944 1291/1715/6944 1422/1714/6944
f 1317/1655/6945 1219/1654/6945 1620/1654/6945
f 1257/1717/6946 1423/1407/6946 1574/1402/6946
f 1423/1407/6947 1295/1406/6947 1421/1719/6947
f 1575/1401/6948 1420/1400/6948 1294/1720/6948
f 1330/1721/6949 1575/1401/6949 1418/1396/6949
f 1228/1723/6950 1410/1399/6950 1575/1401/6950
f 1576/1398/6951 1419/1397/6951 1245/1724/6951
f 1577/1395/2597 1632/1395/6952 1626/1726/2598
f 1258/1722/6953 1418/1396/6953 1576/1398/6953
f 1573/1405/2601 1329/1716/6954 1623/1716/2602
f 1419/1397/6955 1577/1395/6955 1365/1726/6955
f 1294/1720/6956 1417/1393/6956 1577/1395/6956
f 1414/1728/6957 1578/1390/6957 1416/1392/6957
f 1246/1729/6958 1318/1730/6958 1578/1390/6958
f 1318/1730/6959 1220/4272/6959 1379/1731/6959
f 1410/1399/6960 1579/1387/6960 1415/1389/6960
f 1228/1723/6961 1366/1733/6961 1579/1387/6961
f 1366/1733/6962 1246/1729/6962 1414/1728/6962
f 1362/1378/6963 1580/1384/6963 1364/1386/6963
f 1290/1732/6964 1415/1389/6964 1580/1384/6964
f 1415/1389/6965 1293/1388/6965 1413/1734/6965
f 1413/1734/6966 1581/1381/6966 1412/1383/6966
f 1293/1388/6967 1416/1392/6967 1581/1381/6967
f 1416/1392/6968 1259/1391/6968 1331/1735/6968
f 1582/1380/6969 1411/1379/6969 1291/1715/6969
f 1420/1400/6970 1582/1380/6970 1417/1393/6970
f 1290/1732/6971 1362/1378/6971 1582/1380/6971
f 1421/1719/6972 1583/1375/6972 1368/1377/6972
f 1295/1406/6973 1424/1410/6973 1583/1375/6973
f 1424/1410/6974 1289/1409/6974 1361/1603/6974
f 1584/1374/2099 1408/1373/2098 1288/1605/2275
f 1428/1418/2630 1584/1374/2624 1425/1411/2626
f 1262/1736/6975 1334/1372/2097 1584/1374/2099
f 1429/1709/2631 1585/1369/2632 1407/1371/2537
f 1297/1424/2551 1432/1428/2550 1585/1369/6976
f 1432/1428/2129 1286/1427/2128 1358/1713/2633
f 1586/1368/6977 1371/1367/6977 1251/1693/6977
f 1436/1436/6978 1586/1368/2634 1433/1429/2636
f 1285/1607/2640 1357/1366/2091 1586/1368/2093
f 1437/1697/6979 1587/1363/6979 1404/1365/6979
f 1299/1442/6980 1440/1446/6980 1587/1363/6980
f 1440/1446/6981 1265/1445/6981 1337/1641/6981
f 1588/1362/6982 1403/1361/6982 1283/1689/6982
f 1444/1454/6983 1588/1362/6983 1441/1447/6983
f 1282/1696/6984 1354/1360/6984 1588/1362/6984
f 1445/1691/6985 1589/1357/6985 1374/1359/6985
f 1301/1460/6986 1448/1464/6986 1589/1357/6986
f 1448/1464/6987 1281/1463/6987 1353/1613/6987
f 1590/1356/2087 1400/1355/2086 1280/1615/2304
f 1452/1472/2656 1590/1356/2650 1449/1465/2652
f 1268/1737/6988 1340/1354/2085 1590/1356/2087
f 1453/1684/2657 1591/1351/2658 1399/1353/2458
f 1303/1478/2472 1456/1482/2471 1591/1351/6989
f 1456/1482/2167 1278/1481/2166 1350/1687/2659
f 1592/1350/6990 1330/1349/6990 1258/1738/6990
f 1460/1490/6991 1592/1350/2660 1457/1483/2662
f 1277/1617/2666 1349/1348/2079 1592/1350/2081
f 1593/1347/2667 1396/1346/6992 1276/1621/2668
f 1464/1499/2670 1593/1347/6993 1461/1492/2671
f 1252/1694/2673 1372/1345/6994 1593/1347/2674
f 1465/1665/2676 1594/1342/2073 1395/1344/2075
f 1306/1505/2678 1468/1509/2681 1594/1342/2679
f 1468/1509/2681 1274/1508/2454 1346/1672/2453
f 1595/1341/2072 1339/1340/2071 1267/1739/2682
f 1472/1517/2686 1595/1341/2072 1469/1510/2683
f 1273/1623/2337 1345/1339/2070 1595/1341/2072
f 1596/1338/2069 1392/1337/2068 1272/1627/6995
f 1476/1526/2693 1596/1338/2692 1473/1519/6996
f 1247/1740/2691 1367/1336/6997 1596/1338/2692
f 1477/1642/2694 1597/1333/2064 1391/1335/2066
f 1309/1532/2695 1480/1536/2697 1597/1333/2696
f 1480/1536/2697 1270/1535/2404 1342/1649/2403
f 1598/1332/2063 1340/1331/2062 1268/1741/2698
f 1484/1544/2701 1598/1332/2063 1481/1537/2216
f 1269/1629/2352 1341/1330/2061 1598/1332/2063
f 1485/1631/2354 1599/1327/2058 1328/1329/2060
f 1311/1550/6998 1488/1554/2703 1599/1327/2705
f 1488/1554/2703 1259/1553/6999 1379/1742/2704
f 1489/1625/7000 1600/1324/7000 1327/1326/7000
f 1312/1559/7001 1492/1563/7001 1600/1324/7001
f 1492/1563/2708 1264/1562/7002 1384/1690/2709
f 1493/1619/2713 1601/1321/2712 1318/1323/7003
f 1313/1568/2303 1496/1572/2302 1601/1321/2715
f 1496/1572/2249 1256/1571/2248 1328/1743/7004
f 1602/1320/7005 1386/1319/7005 1266/1686/7005
f 1500/1580/7006 1602/1320/7006 1497/1573/7006
f 1253/1633/7007 1325/1318/7007 1602/1320/7007
f 1501/1609/2722 1603/1315/2721 1383/1317/7008
f 1315/1586/2274 1504/1590/2273 1603/1315/2724
f 1504/1590/2259 1250/1589/2258 1322/1744/7009
f 1604/1314/7010 1380/1313/7010 1260/1711/7010
f 1508/1598/7011 1604/1314/7011 1505/1591/7011
f 1247/1745/7012 1319/1312/7012 1604/1314/7012
f 1611/1746/7013 1612/1448/7013 1615/1459/7013
f 1614/1690/7014 1616/1456/7014 1608/1458/7014
f 1605/1430/7015 1617/1452/7015 1607/1498/7015
f 1618/1449/7016 1612/1448/7016 1611/1746/7016
f 1384/1690/7017 1614/1690/7017 1609/1325/7017
f 1555/1459/2733 1336/1622/7018 1610/1622/2734
f 1559/1449/2736 1618/1449/7019 1613/1345/2737
f 1223/1325/7020 1609/1325/7020 1608/1458/7020
f 1556/1456/2740 1326/1458/2740 1608/1458/2740
f 1234/1746/2741 1372/1345/7021 1613/1345/2742
f 1558/1452/2744 1617/1452/2744 1605/1430/2744
f 1384/1690/7022 1556/1456/7022 1616/1456/7022
f 1234/1746/2746 1611/1746/7023 1610/1622/2747
f 1324/1498/7024 1607/1498/7024 1617/1452/7024
f 1624/1747/7025 1625/1394/7025 1629/1405/7025
f 1627/1718/7026 1630/1402/7026 1621/1404/7026
f 1628/1727/7027 1631/1398/7027 1619/1725/7027
f 1632/1395/7028 1625/1394/7028 1624/1747/7028
f 1377/1660/7029 1627/1660/7029 1622/1662/7029
f 1378/1484/7030 1628/1484/7030 1620/1677/7030
f 1576/1398/2756 1631/1398/2756 1628/1727/2756
f 1574/1402/7031 1630/1402/7031 1627/1718/7031
f 1576/1398/7032 1317/1725/7032 1619/1725/7032
f 1320/1404/7033 1221/1707/7033 1622/1707/7033
f 1227/1653/2760 1365/1652/7034 1626/1652/2761
f 1363/1394/2763 1573/1405/2763 1629/1405/2764
f 1227/1653/2766 1624/1653/7035 1623/1664/2767
f 1363/1394/2769 1625/1394/7036 1632/1395/2769
f 2018/1749/7037 1733/2185/7037 1636/1750/7037
f 2017/1752/7038 1736/2184/7038 1640/1753/7038
f 2016/1755/7039 1739/2075/7039 1638/1756/7039
f 2015/1758/7040 1742/2183/7040 1634/1759/7040
f 2014/1761/7041 1798/2130/7041 1637/1762/7041
f 2013/1764/7042 1793/2182/7042 1634/1765/7042
f 1755/1767/7043 1652/2071/7043 1754/1768/7043
f 2011/1770/2778 1756/2089/7044 1653/1771/2778
f 1781/1773/7045 1643/4273/7045 1806/1774/7045
f 1759/1776/7046 1651/2065/7046 1753/1777/7046
f 2008/1779/2782 1760/2112/7047 1654/1780/2782
f 1786/1782/7048 1648/2129/7048 1810/1783/7048
f 1763/1785/7049 1642/2059/7049 1744/1786/7049
f 2005/1788/2786 1764/2127/7050 1655/1789/2786
f 1754/1791/7051 1652/4274/7051 1814/1792/7051
f 1767/1794/7052 1650/2053/7052 1788/1795/7052
f 2002/1797/2790 1768/2137/7053 1656/1798/2790
f 1751/1800/7054 1649/2074/7054 1818/1801/7054
f 1771/1803/7055 1647/2047/7055 1785/1804/7055
f 1999/1806/2794 1772/2152/7056 1657/1807/2794
f 1748/1809/7057 1646/4275/7057 1822/1810/7057
f 1775/1812/7058 1644/2041/7058 1782/1813/7058
f 1996/1815/2798 1776/2174/7059 1658/1816/2798
f 1745/1818/7060 1643/4276/7060 1826/1819/7060
f 1827/1821/2801 1706/2038/7061 1778/1822/2802
f 1828/1824/7062 1707/2168/7062 1829/1825/7062
f 1793/1827/7063 1673/2175/7063 1830/1828/7063
f 1991/1830/7064 1831/2167/7064 1705/1831/7064
f 1990/1833/7065 1832/2158/7065 1708/1834/7065
f 1989/1836/7066 1824/2161/7066 1704/1837/7066
f 1835/1839/7067 1662/2144/7067 1734/1840/7067
f 1836/1842/7068 1709/2153/7068 1837/1843/7068
f 1823/1845/2811 1703/2040/7069 1838/1846/2812
f 1839/1848/2814 1702/2044/7070 1774/1849/2815
f 1840/1851/7071 1710/2151/7071 1841/1852/7071
f 1796/1854/7072 1676/2176/7072 1842/1855/7072
f 1982/1857/7073 1843/2150/7073 1701/1858/7073
f 1981/1860/7074 1844/2143/7074 1711/1861/7074
f 1980/1863/7075 1820/2145/7075 1700/1864/7075
f 1847/1866/7076 1665/2132/7076 1737/1867/7076
f 1848/1869/7077 1712/2138/7077 1849/1870/7077
f 1819/1872/2824 1699/2046/7078 1850/1873/2825
f 1851/1875/2827 1698/2050/7079 1770/1876/2828
f 1852/1878/7080 1713/2136/7080 1853/1879/7080
f 1799/1881/7081 1679/2080/7081 1854/1882/7081
f 1973/1884/7082 1855/2135/7082 1697/1885/7082
f 1972/1887/7083 1856/2131/7083 1714/1888/7083
f 1971/1890/7084 1816/2133/7084 1696/1891/7084
f 1859/1893/7085 1668/2120/7085 1740/1894/7085
f 1860/1896/7086 1715/2128/7086 1861/1897/7086
f 1815/1899/2837 1695/2052/7087 1862/1900/2838
f 1863/1902/2840 1694/2056/7088 1766/1903/2841
f 1864/1905/7089 1716/2126/7089 1865/1906/7089
f 1802/1908/7090 1682/2177/7090 1866/1909/7090
f 1964/1911/7091 1867/2125/7091 1693/1912/7091
f 1963/1914/7092 1868/2119/7092 1717/1915/7092
f 1962/1917/7093 1812/2121/7093 1692/1918/7093
f 1871/1920/7094 1672/2178/7094 1792/1921/7094
f 1872/1923/7095 1718/2113/7095 1873/1924/7095
f 1811/1926/2850 1691/2058/7096 1874/1927/2851
f 1875/1929/2853 1690/2062/7097 1762/1930/2854
f 1876/1932/7098 1719/2106/7098 1877/1933/7098
f 1738/1935/7099 1666/2134/7099 1878/1936/7099
f 1955/1938/7100 1879/2105/7100 1689/1939/7100
f 1954/1941/7101 1880/2096/7101 1720/1942/7101
f 1953/1944/7102 1808/2099/7102 1688/1945/7102
f 1883/1947/7103 1681/2179/7103 1801/1948/7103
f 1884/1950/7104 1721/2090/7104 1885/1951/7104
f 1807/1953/2863 1687/2064/7105 1886/1954/2864
f 1887/1956/2866 1686/2068/7106 1758/1957/2867
f 1888/1959/7107 1722/2083/7107 1889/1960/7107
f 1733/1962/7108 1661/2180/7108 1890/1963/7108
f 1946/1965/7109 1891/2082/7109 1685/1966/7109
f 1945/1968/7110 1892/2076/7110 1723/1969/7110
f 1944/1971/7111 1804/2079/7111 1684/1972/7111
f 1895/1974/7112 1682/2181/7112 1802/1975/7112
f 1896/1977/7113 1724/2073/7113 1897/1978/7113
f 1803/1980/2876 1683/2070/7114 1898/1981/2877
f 1940/1983/7115 1899/2072/7115 1670/1984/7115
f 1939/1986/7116 1900/2067/7116 1725/1987/7116
f 1938/1989/7117 1745/2069/7117 1673/1990/7117
f 1937/1992/7118 1903/2066/7118 1669/1993/7118
f 1936/1995/7119 1904/2061/7119 1726/1996/7119
f 1935/1998/7120 1750/2063/7120 1678/1999/7120
f 1934/2001/7121 1907/2060/7121 1660/2002/7121
f 1933/2004/7122 1908/2055/7122 1727/2005/7122
f 1932/2007/7123 1790/2057/7123 1670/2008/7123
f 1931/2010/7124 1911/2054/7124 1680/2011/7124
f 1930/2013/7125 1912/2049/7125 1728/2014/7125
f 1929/2016/7126 1787/2051/7126 1667/2017/7126
f 1928/2019/7127 1915/2048/7127 1677/2020/7127
f 1927/2022/7128 1916/2043/7128 1729/2023/7128
f 1926/2025/7129 1784/2045/7129 1664/2026/7129
f 1925/2028/7130 1919/2042/7130 1674/2029/7130
f 1924/2031/7131 1920/2037/7131 1730/2032/7131
f 1923/2034/7132 1781/2039/7132 1661/2035/7132
f 1920/2037/7133 1923/2034/7133 1922/2036/7133
f 1706/2038/7134 1826/1819/7134 1923/2034/7134
f 1826/1819/7135 1643/4276/7135 1781/2039/7135
f 1823/1845/2900 1924/2031/7136 1921/2033/2901
f 1658/1816/2903 1778/1822/7137 1924/2031/2903
f 1778/1822/2905 1706/2038/7138 1920/2037/2906
f 1775/1812/7139 1925/2028/7139 1746/2030/7139
f 1703/2040/7140 1921/2033/7140 1925/2028/7140
f 1921/2033/7141 1730/2032/7141 1919/2042/7141
f 1916/2043/7142 1926/2025/7142 1918/2027/7142
f 1702/2044/7143 1822/1810/7143 1926/2025/7143
f 1822/1810/7144 1646/4275/7144 1784/2045/7144
f 1819/1872/2914 1927/2022/7145 1917/2024/2915
f 1657/1807/2917 1774/1849/7146 1927/2022/2917
f 1774/1849/2919 1702/2044/7147 1916/2043/2920
f 1771/1803/7148 1928/2019/7148 1749/2021/7148
f 1699/2046/7149 1917/2024/7149 1928/2019/7149
f 1917/2024/7150 1729/2023/7150 1915/2048/7150
f 1912/2049/7151 1929/2016/7151 1914/2018/7151
f 1698/2050/7152 1818/1801/7152 1929/2016/7152
f 1818/1801/7153 1649/2074/7153 1787/2051/7153
f 1815/1899/2928 1930/2013/7154 1913/2015/2929
f 1656/1798/2931 1770/1876/7155 1930/2013/2931
f 1770/1876/2933 1698/2050/7156 1912/2049/2934
f 1767/1794/7157 1931/2010/7157 1752/2012/7157
f 1695/2052/7158 1913/2015/7158 1931/2010/7158
f 1913/2015/7159 1728/2014/7159 1911/2054/7159
f 1908/2055/7160 1932/2007/7160 1910/2009/7160
f 1694/2056/7161 1814/1792/7161 1932/2007/7161
f 1814/1792/7162 1652/4274/7162 1790/2057/7162
f 1811/1926/2942 1933/2004/7163 1909/2006/2943
f 1655/1789/2945 1766/1903/7164 1933/2004/2945
f 1766/1903/2947 1694/2056/7165 1908/2055/2948
f 1763/1785/7166 1934/2001/7166 1780/2003/7166
f 1691/2058/7167 1909/2006/7167 1934/2001/7167
f 1909/2006/7168 1727/2005/7168 1907/2060/7168
f 1904/2061/7169 1935/1998/7169 1906/2000/7169
f 1690/2062/7170 1810/1783/7170 1935/1998/7170
f 1810/1783/7171 1648/2129/7171 1750/2063/7171
f 1807/1953/2956 1936/1995/7172 1905/1997/2957
f 1654/1780/2959 1762/1930/7173 1936/1995/2959
f 1762/1930/2961 1690/2062/7174 1904/2061/2962
f 1759/1776/7175 1937/1992/7175 1789/1994/7175
f 1687/2064/7176 1905/1997/7176 1937/1992/7176
f 1905/1997/7177 1726/1996/7177 1903/2066/7177
f 1900/2067/7178 1938/1989/7178 1902/1991/7178
f 1686/2068/7179 1806/1774/7179 1938/1989/7179
f 1806/1774/7180 1643/4273/7180 1745/2069/7180
f 1803/1980/2970 1939/1986/7181 1901/1988/2971
f 1653/1771/2973 1758/1957/7182 1939/1986/2973
f 1758/1957/2975 1686/2068/7183 1900/2067/2976
f 1755/1767/7184 1940/1983/7184 1790/1985/7184
f 1683/2070/7185 1901/1988/7185 1940/1983/7185
f 1901/1988/7186 1725/1987/7186 1899/2072/7186
f 1941/1982/7187 1898/1981/7187 1724/2073/7187
f 1805/1772/2982 1941/1982/7188 1896/1977/2983
f 1653/1771/2985 1803/1980/7189 1941/1982/2985
f 1942/1979/7190 1897/1978/7190 1667/2017/7190
f 1757/1967/7191 1942/1979/7191 1787/2051/7191
f 1685/1966/7192 1896/1977/7192 1942/1979/7192
f 1943/1976/7193 1802/1975/7193 1638/1756/7193
f 1897/1978/7194 1943/1976/7194 1739/2075/7194
f 1724/2073/7195 1895/1974/7195 1943/1976/7195
f 1892/2076/7196 1944/1971/7196 1894/1973/7196
f 1664/2077/7197 1784/2078/7197 1944/1971/7197
f 1784/2078/7198 1646/2088/7198 1804/2079/7198
f 1799/1881/7199 1945/1968/7199 1893/1970/7199
f 1640/1753/7200 1736/2081/7200 1945/1968/7200
f 1736/2081/7201 1664/2077/7201 1892/2076/7201
f 1751/1800/7202 1946/1965/7202 1757/1967/7202
f 1679/2080/7203 1893/1970/7203 1946/1965/7203
f 1893/1970/7204 1723/1969/7204 1891/2082/7204
f 1947/1964/7205 1890/1963/7205 1722/2083/7205
f 1796/2084/7206 1947/1964/7206 1888/1959/7206
f 1636/2086/7207 1733/1962/7207 1947/1964/7207
f 1948/1961/7208 1889/1960/7208 1684/1972/7208
f 1748/2087/7209 1948/1961/7209 1804/2079/7209
f 1676/2085/7210 1888/1959/7210 1948/1961/7210
f 1949/1958/3008 1758/1957/7211 1653/1771/3008
f 1889/1960/3010 1949/1958/7212 1756/2089/3011
f 1722/2083/7213 1887/1956/7213 1949/1958/7213
f 1950/1955/7214 1886/1954/7214 1721/2090/7214
f 1809/1781/3015 1950/1955/7215 1884/1950/3016
f 1654/1780/3018 1807/1953/7216 1950/1955/3018
f 1951/1952/7217 1885/1951/7217 1659/2091/7217
f 1761/1940/7218 1951/1952/7218 1779/2092/7218
f 1689/1939/7219 1884/1950/7219 1951/1952/7219
f 1952/1949/7220 1801/1948/7220 1633/2094/7220
f 1885/1951/7221 1952/1949/7221 1731/2095/7221
f 1721/2090/7222 1883/1947/7222 1952/1949/7222
f 1880/2096/7223 1953/1944/7223 1882/1946/7223
f 1663/2097/7224 1783/2098/7224 1953/1944/7224
f 1783/2098/7225 1645/2111/7225 1808/2099/7225
f 1791/2100/7226 1954/1941/7226 1881/1943/7226
f 1635/2102/7227 1735/2103/7227 1954/1941/7227
f 1735/2103/7228 1663/2097/7228 1880/2096/7228
f 1743/2104/7229 1955/1938/7229 1761/1940/7229
f 1671/2101/7230 1881/1943/7230 1955/1938/7230
f 1881/1943/7231 1720/1942/7231 1879/2105/7231
f 1956/1937/7232 1878/1936/7232 1719/2106/7232
f 1795/2107/7233 1956/1937/7233 1876/1932/7233
f 1639/2109/7234 1738/1935/7234 1956/1937/7234
f 1957/1934/7235 1877/1933/7235 1688/1945/7235
f 1747/2110/7236 1957/1934/7236 1808/2099/7236
f 1675/2108/7237 1876/1932/7237 1957/1934/7237
f 1958/1931/3041 1762/1930/7238 1654/1780/3041
f 1877/1933/3043 1958/1931/7239 1760/2112/3044
f 1719/2106/7240 1875/1929/7240 1958/1931/7240
f 1959/1928/7241 1874/1927/7241 1718/2113/7241
f 1813/1790/3048 1959/1928/7242 1872/1923/3049
f 1655/1789/3051 1811/1926/7243 1959/1928/3051
f 1960/1925/7244 1873/1924/7244 1681/2114/7244
f 1765/1913/7245 1960/1925/7245 1753/2115/7245
f 1693/1912/7246 1872/1923/7246 1960/1925/7246
f 1961/1922/7247 1792/1921/7247 1633/2117/7247
f 1873/1924/7248 1961/1922/7248 1801/2118/7248
f 1718/2113/7249 1871/1920/7249 1961/1922/7249
f 1868/2119/7250 1962/1917/7250 1870/1919/7250
f 1668/2120/7251 1788/1795/7251 1962/1917/7251
f 1788/1795/7252 1650/2053/7252 1812/2121/7252
f 1741/2122/7253 1963/1914/7253 1869/1916/7253
f 1637/1762/7254 1740/1894/7254 1963/1914/7254
f 1740/1894/7255 1668/2120/7255 1868/2119/7255
f 1789/2124/7256 1964/1911/7256 1765/1913/7256
f 1669/2123/7257 1869/1916/7257 1964/1911/7257
f 1869/1916/7258 1717/1915/7258 1867/2125/7258
f 1965/1910/7259 1866/1909/7259 1716/2126/7259
f 1800/1757/7260 1965/1910/7260 1864/1905/7260
f 1638/1756/7261 1802/1908/7261 1965/1910/7261
f 1966/1907/7262 1865/1906/7262 1692/1918/7262
f 1752/2012/7263 1966/1907/7263 1812/2121/7263
f 1680/2011/7264 1864/1905/7264 1966/1907/7264
f 1967/1904/3074 1766/1903/7265 1655/1789/3074
f 1865/1906/3076 1967/1904/7266 1764/2127/3077
f 1716/2126/7267 1863/1902/7267 1967/1904/7267
f 1968/1901/7268 1862/1900/7268 1715/2128/7268
f 1817/1799/3081 1968/1901/7269 1860/1896/3082
f 1656/1798/3084 1815/1899/7270 1968/1901/3084
f 1969/1898/7271 1861/1897/7271 1678/1999/7271
f 1769/1886/7272 1969/1898/7272 1750/2063/7272
f 1697/1885/7273 1860/1896/7273 1969/1898/7273
f 1970/1895/7274 1740/1894/7274 1637/1762/7274
f 1861/1897/7275 1970/1895/7275 1798/2130/7275
f 1715/2128/7276 1859/1893/7276 1970/1895/7276
f 1856/2131/7277 1971/1890/7277 1858/1892/7277
f 1665/2132/7278 1785/1804/7278 1971/1890/7278
f 1785/1804/7279 1647/2047/7279 1816/2133/7279
f 1738/1935/7280 1972/1887/7280 1857/1889/7280
f 1639/2109/7281 1737/1867/7281 1972/1887/7281
f 1737/1867/7282 1665/2132/7282 1856/2131/7282
f 1786/1782/7283 1973/1884/7283 1769/1886/7283
f 1666/2134/7284 1857/1889/7284 1973/1884/7284
f 1857/1889/7285 1714/1888/7285 1855/2135/7285
f 1974/1883/7286 1854/1882/7286 1713/2136/7286
f 1797/1754/7287 1974/1883/7287 1852/1878/7287
f 1640/1753/7288 1799/1881/7288 1974/1883/7288
f 1975/1880/7289 1853/1879/7289 1696/1891/7289
f 1749/2021/7290 1975/1880/7290 1816/2133/7290
f 1677/2020/7291 1852/1878/7291 1975/1880/7291
f 1976/1877/3107 1770/1876/7292 1656/1798/3107
f 1853/1879/3109 1976/1877/7293 1768/2137/3110
f 1713/2136/7294 1851/1875/7294 1976/1877/7294
f 1977/1874/7295 1850/1873/7295 1712/2138/7295
f 1821/1808/3114 1977/1874/7296 1848/1869/3115
f 1657/1807/3117 1819/1872/7297 1977/1874/3117
f 1978/1871/7298 1849/1870/7298 1675/2139/7298
f 1773/1859/7299 1978/1871/7299 1747/2140/7299
f 1701/1858/7300 1848/1869/7300 1978/1871/7300
f 1979/1868/7301 1737/1867/7301 1639/2109/7301
f 1849/1870/7302 1979/1868/7302 1795/2142/7302
f 1712/2138/7303 1847/1866/7303 1979/1868/7303
f 1844/2143/7304 1980/1863/7304 1846/1865/7304
f 1662/2144/7305 1782/1813/7305 1980/1863/7305
f 1782/1813/7306 1644/2041/7306 1820/2145/7306
f 1735/2146/7307 1981/1860/7307 1845/1862/7307
f 1635/2148/7308 1734/1840/7308 1981/1860/7308
f 1734/1840/7309 1662/2144/7309 1844/2143/7309
f 1783/2149/7310 1982/1857/7310 1773/1859/7310
f 1663/2147/7311 1845/1862/7311 1982/1857/7311
f 1845/1862/7312 1711/1861/7312 1843/2150/7312
f 1983/1856/7313 1842/1855/7313 1710/2151/7313
f 1794/1751/7314 1983/1856/7314 1840/1851/7314
f 1636/1750/7315 1796/1854/7315 1983/1856/7315
f 1984/1853/7316 1841/1852/7316 1700/1864/7316
f 1746/2030/7317 1984/1853/7317 1820/2145/7317
f 1674/2029/7318 1840/1851/7318 1984/1853/7318
f 1985/1850/3140 1774/1849/7319 1657/1807/3140
f 1841/1852/3142 1985/1850/7320 1772/2152/3143
f 1710/2151/7321 1839/1848/7321 1985/1850/7321
f 1986/1847/7322 1838/1846/7322 1709/2153/7322
f 1825/1817/3147 1986/1847/7323 1836/1842/3148
f 1658/1816/3150 1823/1845/7324 1986/1847/3150
f 1987/1844/7325 1837/1843/7325 1671/2154/7325
f 1777/1832/7326 1987/1844/7326 1743/2155/7326
f 1705/1831/7327 1836/1842/7327 1987/1844/7327
f 1988/1841/7328 1734/1840/7328 1635/2148/7328
f 1837/1843/7329 1988/1841/7329 1791/2157/7329
f 1709/2153/7330 1835/1839/7330 1988/1841/7330
f 1832/2158/7331 1989/1836/7331 1834/1838/7331
f 1672/2159/7332 1744/2160/7332 1989/1836/7332
f 1744/2160/7333 1642/2173/7333 1824/2161/7333
f 1731/2162/7334 1990/1833/7334 1833/1835/7334
f 1633/2164/7335 1792/2165/7335 1990/1833/7335
f 1792/2165/7336 1672/2159/7336 1832/2158/7336
f 1779/2166/7337 1991/1830/7337 1777/1832/7337
f 1659/2163/7338 1833/1835/7338 1991/1830/7338
f 1833/1835/7339 1708/1834/7339 1831/2167/7339
f 1992/1829/7340 1830/1828/7340 1707/2168/7340
f 1732/2169/7341 1992/1829/7341 1828/1824/7341
f 1634/2171/7342 1793/1827/7342 1992/1829/7342
f 1993/1826/7343 1829/1825/7343 1704/1837/7343
f 1780/2172/7344 1993/1826/7344 1824/2161/7344
f 1660/2170/7345 1828/1824/7345 1993/1826/7345
f 1994/1823/3173 1778/1822/7346 1658/1816/3173
f 1829/1825/3175 1994/1823/7347 1776/2174/3176
f 1707/2168/7348 1827/1821/7348 1994/1823/7348
f 1995/1820/7349 1826/1819/7349 1706/2038/7349
f 1830/1828/7350 1995/1820/7350 1827/1821/7350
f 1673/2175/7351 1745/1818/7351 1995/1820/7351
f 1831/2167/3182 1996/1815/7352 1825/1817/3183
f 1708/1834/7353 1834/1838/7353 1996/1815/7353
f 1834/1838/3186 1704/1837/7354 1776/2174/3187
f 1997/1814/7355 1782/1813/7355 1662/2144/7355
f 1838/1846/7356 1997/1814/7356 1835/1839/7356
f 1703/2040/7357 1775/1812/7357 1997/1814/7357
f 1998/1811/7358 1822/1810/7358 1702/2044/7358
f 1842/1855/7359 1998/1811/7359 1839/1848/7359
f 1676/2176/7360 1748/1809/7360 1998/1811/7360
f 1843/2150/3195 1999/1806/7361 1821/1808/3196
f 1711/1861/7362 1846/1865/7362 1999/1806/7362
f 1846/1865/3199 1700/1864/7363 1772/2152/3200
f 2000/1805/7364 1785/1804/7364 1665/2132/7364
f 1850/1873/7365 2000/1805/7365 1847/1866/7365
f 1699/2046/7366 1771/1803/7366 2000/1805/7366
f 2001/1802/7367 1818/1801/7367 1698/2050/7367
f 1854/1882/7368 2001/1802/7368 1851/1875/7368
f 1679/2080/7369 1751/1800/7369 2001/1802/7369
f 1855/2135/3208 2002/1797/7370 1817/1799/3209
f 1714/1888/7371 1858/1892/7371 2002/1797/7371
f 1858/1892/3212 1696/1891/7372 1768/2137/3213
f 2003/1796/7373 1788/1795/7373 1668/2120/7373
f 1862/1900/7374 2003/1796/7374 1859/1893/7374
f 1695/2052/7375 1767/1794/7375 2003/1796/7375
f 2004/1793/7376 1814/1792/7376 1694/2056/7376
f 1866/1909/7377 2004/1793/7377 1863/1902/7377
f 1682/2177/7378 1754/1791/7378 2004/1793/7378
f 1867/2125/3221 2005/1788/7379 1813/1790/3222
f 1717/1915/7380 1870/1919/7380 2005/1788/7380
f 1870/1919/3225 1692/1918/7381 1764/2127/3226
f 2006/1787/7382 1744/1786/7382 1672/2178/7382
f 1874/1927/7383 2006/1787/7383 1871/1920/7383
f 1691/2058/7384 1763/1785/7384 2006/1787/7384
f 2007/1784/7385 1810/1783/7385 1690/2062/7385
f 1878/1936/7386 2007/1784/7386 1875/1929/7386
f 1666/2134/7387 1786/1782/7387 2007/1784/7387
f 1879/2105/3234 2008/1779/7388 1809/1781/3235
f 1720/1942/7389 1882/1946/7389 2008/1779/7389
f 1882/1946/3238 1688/1945/7390 1760/2112/3239
f 2009/1778/7391 1753/1777/7391 1681/2179/7391
f 1886/1954/7392 2009/1778/7392 1883/1947/7392
f 1687/2064/7393 1759/1776/7393 2009/1778/7393
f 2010/1775/7394 1806/1774/7394 1686/2068/7394
f 1890/1963/7395 2010/1775/7395 1887/1956/7395
f 1661/2180/7396 1781/1773/7396 2010/1775/7396
f 1891/2082/3247 2011/1770/7397 1805/1772/3248
f 1723/1969/7398 1894/1973/7398 2011/1770/7398
f 1894/1973/3251 1684/1972/7399 1756/2089/3252
f 2012/1769/7400 1754/1768/7400 1682/2181/7400
f 1898/1981/7401 2012/1769/7401 1895/1974/7401
f 1683/2070/7402 1755/1767/7402 2012/1769/7402
f 1899/2072/7403 2013/1764/7403 1742/1766/7403
f 1725/1987/7404 1902/1991/7404 2013/1764/7404
f 1902/1991/7405 1673/1990/7405 1793/2182/7405
f 1903/2066/7406 2014/1761/7406 1741/1763/7406
f 1726/1996/7407 1906/2000/7407 2014/1761/7407
f 1906/2000/7408 1678/1999/7408 1798/2130/7408
f 1907/2060/7409 2015/1758/7409 1732/1760/7409
f 1727/2005/7410 1910/2009/7410 2015/1758/7410
f 1910/2009/7411 1670/2008/7411 1742/2183/7411
f 1911/2054/7412 2016/1755/7412 1800/1757/7412
f 1728/2014/7413 1914/2018/7413 2016/1755/7413
f 1914/2018/7414 1667/2017/7414 1739/2075/7414
f 1915/2048/7415 2017/1752/7415 1797/1754/7415
f 1729/2023/7416 1918/2027/7416 2017/1752/7416
f 1918/2027/7417 1664/2026/7417 1736/2184/7417
f 1919/2042/7418 2018/1749/7418 1794/1751/7418
f 1730/2032/7419 1922/2036/7419 2018/1749/7419
f 1922/2036/7420 1661/2035/7420 1733/2185/7420
f 2404/2186/7421 2119/2622/7421 2022/2187/7421
f 2403/2189/7422 2122/2621/7422 2026/2190/7422
f 2402/2192/7423 2125/2512/7423 2024/2193/7423
f 2401/2195/7424 2128/2620/7424 2020/2196/7424
f 2400/2198/7425 2184/2567/7425 2023/2199/7425
f 2399/2201/7426 2179/2619/7426 2020/2202/7426
f 2141/2204/7043 2038/2508/7043 2140/2205/7043
f 2397/2207/2778 2142/2526/7427 2039/2208/2778
f 2167/2210/7428 2029/4277/7428 2192/2211/7428
f 2145/2213/7046 2037/2502/7046 2139/2214/7046
f 2394/2216/2782 2146/2549/7429 2040/2217/2782
f 2172/2219/7048 2034/2566/7048 2196/2220/7048
f 2149/2222/7049 2028/2496/7049 2130/2223/7049
f 2391/2225/2786 2150/2564/7050 2041/2226/2786
f 2140/2228/7051 2038/4278/7051 2200/2229/7051
f 2153/2231/7430 2036/2490/7430 2174/2232/7430
f 2388/2234/2790 2154/2574/7053 2042/2235/2790
f 2137/2237/7054 2035/2511/7054 2204/2238/7054
f 2157/2240/7431 2033/2484/7431 2171/2241/7431
f 2385/2243/2794 2158/2589/7056 2043/2244/2794
f 2134/2246/7432 2032/4279/7432 2208/2247/7432
f 2161/2249/7058 2030/2478/7058 2168/2250/7058
f 2382/2252/2798 2162/2611/7059 2044/2253/2798
f 2131/2255/7060 2029/4280/7060 2212/2256/7060
f 2213/2258/3288 2092/2475/7433 2164/2259/3289
f 2214/2261/7434 2093/2605/7434 2215/2262/7434
f 2179/2264/7063 2059/2612/7063 2216/2265/7063
f 2377/2267/7435 2217/2604/7435 2091/2268/7435
f 2376/2270/7436 2218/2595/7436 2094/2271/7436
f 2375/2273/7437 2210/2598/7437 2090/2274/7437
f 2221/2276/7067 2048/2581/7067 2120/2277/7067
f 2222/2279/7438 2095/2590/7438 2223/2280/7438
f 2209/2282/3296 2089/2477/7069 2224/2283/3297
f 2225/2285/3299 2088/2481/7070 2160/2286/2815
f 2226/2288/7071 2096/2588/7071 2227/2289/7071
f 2182/2291/7072 2062/2613/7072 2228/2292/7072
f 2368/2294/7073 2229/2587/7073 2087/2295/7073
f 2367/2297/7439 2230/2580/7439 2097/2298/7439
f 2366/2300/7440 2206/2582/7440 2086/2301/7440
f 2233/2303/7441 2051/2569/7441 2123/2304/7441
f 2234/2306/7442 2098/2575/7442 2235/2307/7442
f 2205/2309/2824 2085/2483/7443 2236/2310/3304
f 2237/2312/3306 2084/2487/7444 2156/2313/3307
f 2238/2315/7445 2099/2573/7445 2239/2316/7445
f 2185/2318/7446 2065/2517/7446 2240/2319/7446
f 2359/2321/7447 2241/2572/7447 2083/2322/7447
f 2358/2324/7448 2242/2568/7448 2100/2325/7448
f 2357/2327/7449 2202/2570/7449 2082/2328/7449
f 2245/2330/7450 2054/2557/7450 2126/2331/7450
f 2246/2333/7086 2101/2565/7086 2247/2334/7086
f 2201/2336/3315 2081/2489/7451 2248/2337/2838
f 2249/2339/2840 2080/2493/7088 2152/2340/3316
f 2250/2342/7089 2102/2563/7089 2251/2343/7089
f 2188/2345/7090 2068/2614/7090 2252/2346/7090
f 2350/2348/7091 2253/2562/7091 2079/2349/7091
f 2349/2351/7092 2254/2556/7092 2103/2352/7092
f 2348/2354/7452 2198/2558/7452 2078/2355/7452
f 2257/2357/7094 2058/2615/7094 2178/2358/7094
f 2258/2360/7095 2104/2550/7095 2259/2361/7095
f 2197/2363/3319 2077/2495/7453 2260/2364/3320
f 2261/2366/3321 2076/2499/7097 2148/2367/2854
f 2262/2369/7454 2105/2543/7454 2263/2370/7454
f 2124/2372/7455 2052/2571/7455 2264/2373/7455
f 2341/2375/7100 2265/2542/7100 2075/2376/7100
f 2340/2378/7456 2266/2533/7456 2106/2379/7456
f 2339/2381/7102 2194/2536/7102 2074/2382/7102
f 2269/2384/7457 2067/2616/7457 2187/2385/7457
f 2270/2387/7104 2107/2527/7104 2271/2388/7104
f 2193/2390/3326 2073/2501/7458 2272/2391/2864
f 2273/2393/3327 2072/2505/7106 2144/2394/3328
f 2274/2396/7459 2108/2520/7459 2275/2397/7459
f 2119/2399/7460 2047/2617/7460 2276/2400/7460
f 2332/2402/7109 2277/2519/7109 2071/2403/7109
f 2331/2405/7461 2278/2513/7461 2109/2406/7461
f 2330/2408/7111 2190/2516/7111 2070/2409/7111
f 2281/2411/7462 2068/2618/7462 2188/2412/7462
f 2282/2414/7113 2110/2510/7113 2283/2415/7113
f 2189/2417/3333 2069/2507/7463 2284/2418/3334
f 2326/2420/7464 2285/2509/7464 2056/2421/7464
f 2325/2423/7116 2286/2504/7116 2111/2424/7116
f 2324/2426/7117 2131/2506/7117 2059/2427/7117
f 2323/2429/7465 2289/2503/7465 2055/2430/7465
f 2322/2432/7119 2290/2498/7119 2112/2433/7119
f 2321/2435/7120 2136/2500/7120 2064/2436/7120
f 2320/2438/7121 2293/2497/7121 2046/2439/7121
f 2319/2441/7122 2294/2492/7122 2113/2442/7122
f 2318/2444/7123 2176/2494/7123 2056/2445/7123
f 2317/2447/7466 2297/2491/7466 2066/2448/7466
f 2316/2450/7125 2298/2486/7125 2114/2451/7125
f 2315/2453/7126 2173/2488/7126 2053/2454/7126
f 2314/2456/7467 2301/2485/7467 2063/2457/7467
f 2313/2459/7128 2302/2480/7128 2115/2460/7128
f 2312/2462/7129 2170/2482/7129 2050/2463/7129
f 2311/2465/7468 2305/2479/7468 2060/2466/7468
f 2310/2468/7469 2306/2474/7469 2116/2469/7469
f 2309/2471/7132 2167/2476/7132 2047/2472/7132
f 2306/2474/7470 2309/2471/7470 2308/2473/7470
f 2092/2475/7471 2212/2256/7471 2309/2471/7471
f 2212/2256/7135 2029/4280/7135 2167/2476/7135
f 2209/2282/3343 2310/2468/7136 2307/2470/3344
f 2044/2253/2903 2164/2259/7472 2310/2468/2903
f 2164/2259/3346 2092/2475/7473 2306/2474/3347
f 2161/2249/7474 2311/2465/7474 2132/2467/7474
f 2089/2477/7475 2307/2470/7475 2311/2465/7475
f 2307/2470/7476 2116/2469/7476 2305/2479/7476
f 2302/2480/7142 2312/2462/7142 2304/2464/7142
f 2088/2481/7477 2208/2247/7477 2312/2462/7477
f 2208/2247/7478 2032/4279/7478 2170/2482/7478
f 2205/2309/2914 2313/2459/7145 2303/2461/3352
f 2043/2244/2917 2160/2286/7146 2313/2459/2917
f 2160/2286/2919 2088/2481/7147 2302/2480/3354
f 2157/2240/7479 2314/2456/7479 2135/2458/7479
f 2085/2483/7480 2303/2461/7480 2314/2456/7480
f 2303/2461/7150 2115/2460/7150 2301/2485/7150
f 2298/2486/7151 2315/2453/7151 2300/2455/7151
f 2084/2487/7481 2204/2238/7481 2315/2453/7481
f 2204/2238/7153 2035/2511/7153 2173/2488/7153
f 2201/2336/3359 2316/2450/7154 2299/2452/2929
f 2042/2235/2931 2156/2313/7155 2316/2450/2931
f 2156/2313/3361 2084/2487/7482 2298/2486/3362
f 2153/2231/7483 2317/2447/7483 2138/2449/7483
f 2081/2489/7484 2299/2452/7484 2317/2447/7484
f 2299/2452/7485 2114/2451/7485 2297/2491/7485
f 2294/2492/7486 2318/2444/7486 2296/2446/7486
f 2080/2493/7161 2200/2229/7161 2318/2444/7161
f 2200/2229/7162 2038/4278/7162 2176/2494/7162
f 2197/2363/3368 2319/2441/7163 2295/2443/3369
f 2041/2226/2945 2152/2340/7164 2319/2441/2945
f 2152/2340/3372 2080/2493/7165 2294/2492/3373
f 2149/2222/7166 2320/2438/7166 2166/2440/7166
f 2077/2495/7487 2295/2443/7487 2320/2438/7487
f 2295/2443/7168 2113/2442/7168 2293/2497/7168
f 2290/2498/7169 2321/2435/7169 2292/2437/7169
f 2076/2499/7170 2196/2220/7170 2321/2435/7170
f 2196/2220/7171 2034/2566/7171 2136/2500/7171
f 2193/2390/3375 2322/2432/7172 2291/2434/2957
f 2040/2217/2959 2148/2367/7173 2322/2432/2959
f 2148/2367/3377 2076/2499/7174 2290/2498/2962
f 2145/2213/7175 2323/2429/7175 2175/2431/7175
f 2073/2501/7488 2291/2434/7488 2323/2429/7488
f 2291/2434/7177 2112/2433/7177 2289/2503/7177
f 2286/2504/7178 2324/2426/7178 2288/2428/7178
f 2072/2505/7179 2192/2211/7179 2324/2426/7179
f 2192/2211/7489 2029/4277/7489 2131/2506/7489
f 2189/2417/3381 2325/2423/7490 2287/2425/3382
f 2039/2208/2973 2144/2394/7182 2325/2423/2973
f 2144/2394/3384 2072/2505/7183 2286/2504/3385
f 2141/2204/7491 2326/2420/7491 2176/2422/7491
f 2069/2507/7492 2287/2425/7492 2326/2420/7492
f 2287/2425/7493 2111/2424/7493 2285/2509/7493
f 2327/2419/7187 2284/2418/7187 2110/2510/7187
f 2191/2209/3388 2327/2419/7188 2282/2414/3389
f 2039/2208/2985 2189/2417/7189 2327/2419/2985
f 2328/2416/7190 2283/2415/7190 2053/2454/7190
f 2143/2404/7191 2328/2416/7191 2173/2488/7191
f 2071/2403/7192 2282/2414/7192 2328/2416/7192
f 2329/2413/7494 2188/2412/7494 2024/2193/7494
f 2283/2415/7194 2329/2413/7194 2125/2512/7194
f 2110/2510/7195 2281/2411/7195 2329/2413/7195
f 2278/2513/7196 2330/2408/7196 2280/2410/7196
f 2050/2514/7197 2170/2515/7197 2330/2408/7197
f 2170/2515/7198 2032/2525/7198 2190/2516/7198
f 2185/2318/7495 2331/2405/7495 2279/2407/7495
f 2026/2190/7496 2122/2518/7496 2331/2405/7496
f 2122/2518/7201 2050/2514/7201 2278/2513/7201
f 2137/2237/7202 2332/2402/7202 2143/2404/7202
f 2065/2517/7497 2279/2407/7497 2332/2402/7497
f 2279/2407/7498 2109/2406/7498 2277/2519/7498
f 2333/2401/7499 2276/2400/7499 2108/2520/7499
f 2182/2521/7206 2333/2401/7206 2274/2396/7206
f 2022/2523/7500 2119/2399/7500 2333/2401/7500
f 2334/2398/7208 2275/2397/7208 2070/2409/7208
f 2134/2524/7209 2334/2398/7209 2190/2516/7209
f 2062/2522/7210 2274/2396/7210 2334/2398/7210
f 2335/2395/3008 2144/2394/7211 2039/2208/3008
f 2275/2397/3010 2335/2395/7501 2142/2526/3398
f 2108/2520/7213 2273/2393/7213 2335/2395/7213
f 2336/2392/7502 2272/2391/7502 2107/2527/7502
f 2195/2218/3401 2336/2392/7215 2270/2387/3016
f 2040/2217/3018 2193/2390/7216 2336/2392/3018
f 2337/2389/7217 2271/2388/7217 2045/2528/7217
f 2147/2377/7218 2337/2389/7218 2165/2529/7218
f 2075/2376/7219 2270/2387/7219 2337/2389/7219
f 2338/2386/7503 2187/2385/7503 2019/2531/7503
f 2271/2388/7221 2338/2386/7221 2117/2532/7221
f 2107/2527/7504 2269/2384/7504 2338/2386/7504
f 2266/2533/7223 2339/2381/7223 2268/2383/7223
f 2049/2534/7224 2169/2535/7224 2339/2381/7224
f 2169/2535/7225 2031/2548/7225 2194/2536/7225
f 2177/2537/7505 2340/2378/7505 2267/2380/7505
f 2021/2539/7506 2121/2540/7506 2340/2378/7506
f 2121/2540/7228 2049/2534/7228 2266/2533/7228
f 2129/2541/7229 2341/2375/7229 2147/2377/7229
f 2057/2538/7507 2267/2380/7507 2341/2375/7507
f 2267/2380/7508 2106/2379/7508 2265/2542/7508
f 2342/2374/7509 2264/2373/7509 2105/2543/7509
f 2181/2544/7233 2342/2374/7233 2262/2369/7233
f 2025/2546/7510 2124/2372/7510 2342/2374/7510
f 2343/2371/7235 2263/2370/7235 2074/2382/7235
f 2133/2547/7236 2343/2371/7236 2194/2536/7236
f 2061/2545/7237 2262/2369/7237 2343/2371/7237
f 2344/2368/3041 2148/2367/7238 2040/2217/3041
f 2263/2370/3043 2344/2368/7511 2146/2549/3409
f 2105/2543/7512 2261/2366/7512 2344/2368/7512
f 2345/2365/7241 2260/2364/7241 2104/2550/7241
f 2199/2227/3411 2345/2365/7242 2258/2360/3049
f 2041/2226/3051 2197/2363/7243 2345/2365/3051
f 2346/2362/7513 2259/2361/7513 2067/2551/7513
f 2151/2350/7245 2346/2362/7245 2139/2552/7245
f 2079/2349/7246 2258/2360/7246 2346/2362/7246
f 2347/2359/7514 2178/2358/7514 2019/2554/7514
f 2259/2361/7515 2347/2359/7515 2187/2555/7515
f 2104/2550/7249 2257/2357/7249 2347/2359/7249
f 2254/2556/7250 2348/2354/7250 2256/2356/7250
f 2054/2557/7251 2174/2232/7251 2348/2354/7251
f 2174/2232/7252 2036/2490/7252 2198/2558/7252
f 2127/2559/7516 2349/2351/7516 2255/2353/7516
f 2023/2199/7517 2126/2331/7517 2349/2351/7517
f 2126/2331/7255 2054/2557/7255 2254/2556/7255
f 2175/2561/7256 2350/2348/7256 2151/2350/7256
f 2055/2560/7518 2255/2353/7518 2350/2348/7518
f 2255/2353/7258 2103/2352/7258 2253/2562/7258
f 2351/2347/7519 2252/2346/7519 2102/2563/7519
f 2186/2194/7260 2351/2347/7260 2250/2342/7260
f 2024/2193/7520 2188/2345/7520 2351/2347/7520
f 2352/2344/7521 2251/2343/7521 2078/2355/7521
f 2138/2449/7263 2352/2344/7263 2198/2558/7263
f 2066/2448/7264 2250/2342/7264 2352/2344/7264
f 2353/2341/3074 2152/2340/7265 2041/2226/3074
f 2251/2343/3419 2353/2341/7266 2150/2564/3420
f 2102/2563/7522 2249/2339/7522 2353/2341/7522
f 2354/2338/7268 2248/2337/7268 2101/2565/7268
f 2203/2236/3424 2354/2338/7269 2246/2333/3425
f 2042/2235/3084 2201/2336/7270 2354/2338/3084
f 2355/2335/7271 2247/2334/7271 2064/2436/7271
f 2155/2323/7272 2355/2335/7272 2136/2500/7272
f 2083/2322/7523 2246/2333/7523 2355/2335/7523
f 2356/2332/7524 2126/2331/7524 2023/2199/7524
f 2247/2334/7525 2356/2332/7525 2184/2567/7525
f 2101/2565/7526 2245/2330/7526 2356/2332/7526
f 2242/2568/7527 2357/2327/7527 2244/2329/7527
f 2051/2569/7528 2171/2241/7528 2357/2327/7528
f 2171/2241/7279 2033/2484/7279 2202/2570/7279
f 2124/2372/7529 2358/2324/7529 2243/2326/7529
f 2025/2546/7530 2123/2304/7530 2358/2324/7530
f 2123/2304/7282 2051/2569/7282 2242/2568/7282
f 2172/2219/7283 2359/2321/7283 2155/2323/7283
f 2052/2571/7531 2243/2326/7531 2359/2321/7531
f 2243/2326/7532 2100/2325/7532 2241/2572/7532
f 2360/2320/7533 2240/2319/7533 2099/2573/7533
f 2183/2191/7534 2360/2320/7534 2238/2315/7534
f 2026/2190/7535 2185/2318/7535 2360/2320/7535
f 2361/2317/7536 2239/2316/7536 2082/2328/7536
f 2135/2458/7537 2361/2317/7537 2202/2570/7537
f 2063/2457/7538 2238/2315/7538 2361/2317/7538
f 2362/2314/3107 2156/2313/7539 2042/2235/3107
f 2239/2316/3109 2362/2314/7293 2154/2574/3440
f 2099/2573/7540 2237/2312/7540 2362/2314/7540
f 2363/2311/7295 2236/2310/7295 2098/2575/7295
f 2207/2245/3442 2363/2311/7541 2234/2306/3443
f 2043/2244/3117 2205/2309/7297 2363/2311/3117
f 2364/2308/7542 2235/2307/7542 2061/2576/7542
f 2159/2296/7543 2364/2308/7543 2133/2577/7543
f 2087/2295/7300 2234/2306/7300 2364/2308/7300
f 2365/2305/7544 2123/2304/7544 2025/2546/7544
f 2235/2307/7302 2365/2305/7302 2181/2579/7302
f 2098/2575/7545 2233/2303/7545 2365/2305/7545
f 2230/2580/7304 2366/2300/7304 2232/2302/7304
f 2048/2581/7546 2168/2250/7546 2366/2300/7546
f 2168/2250/7547 2030/2478/7547 2206/2582/7547
f 2121/2583/7307 2367/2297/7307 2231/2299/7307
f 2021/2585/7548 2120/2277/7548 2367/2297/7548
f 2120/2277/7549 2048/2581/7549 2230/2580/7549
f 2169/2586/7550 2368/2294/7550 2159/2296/7550
f 2049/2584/7311 2231/2299/7311 2368/2294/7311
f 2231/2299/7551 2097/2298/7551 2229/2587/7551
f 2369/2293/7552 2228/2292/7552 2096/2588/7552
f 2180/2188/7553 2369/2293/7553 2226/2288/7553
f 2022/2187/7554 2182/2291/7554 2369/2293/7554
f 2370/2290/7555 2227/2289/7555 2086/2301/7555
f 2132/2467/7556 2370/2290/7556 2206/2582/7556
f 2060/2466/7557 2226/2288/7557 2370/2290/7557
f 2371/2287/3140 2160/2286/7319 2043/2244/3140
f 2227/2289/3458 2371/2287/7320 2158/2589/3143
f 2096/2588/7321 2225/2285/7321 2371/2287/7321
f 2372/2284/7558 2224/2283/7558 2095/2590/7558
f 2211/2254/3461 2372/2284/7559 2222/2279/3462
f 2044/2253/3150 2209/2282/7324 2372/2284/3150
f 2373/2281/7325 2223/2280/7325 2057/2591/7325
f 2163/2269/7326 2373/2281/7326 2129/2592/7326
f 2091/2268/7560 2222/2279/7560 2373/2281/7560
f 2374/2278/7561 2120/2277/7561 2021/2585/7561
f 2223/2280/7562 2374/2278/7562 2177/2594/7562
f 2095/2590/7563 2221/2276/7563 2374/2278/7563
f 2218/2595/7564 2375/2273/7564 2220/2275/7564
f 2058/2596/7332 2130/2597/7332 2375/2273/7332
f 2130/2597/7565 2028/2610/7565 2210/2598/7565
f 2117/2599/7334 2376/2270/7334 2219/2272/7334
f 2019/2601/7566 2178/2602/7566 2376/2270/7566
f 2178/2602/7567 2058/2596/7567 2218/2595/7567
f 2165/2603/7337 2377/2267/7337 2163/2269/7337
f 2045/2600/7338 2219/2272/7338 2377/2267/7338
f 2219/2272/7339 2094/2271/7339 2217/2604/7339
f 2378/2266/7340 2216/2265/7340 2093/2605/7340
f 2118/2606/7568 2378/2266/7568 2214/2261/7568
f 2020/2608/7569 2179/2264/7569 2378/2266/7569
f 2379/2263/7570 2215/2262/7570 2090/2274/7570
f 2166/2609/7571 2379/2263/7571 2210/2598/7571
f 2046/2607/7572 2214/2261/7572 2379/2263/7572
f 2380/2260/3173 2164/2259/7573 2044/2253/3173
f 2215/2262/3477 2380/2260/7347 2162/2611/3478
f 2093/2605/7348 2213/2258/7348 2380/2260/7348
f 2381/2257/7574 2212/2256/7574 2092/2475/7574
f 2216/2265/7350 2381/2257/7350 2213/2258/7350
f 2059/2612/7351 2131/2255/7351 2381/2257/7351
f 2217/2604/3182 2382/2252/7352 2211/2254/3482
f 2094/2271/7575 2220/2275/7575 2382/2252/7575
f 2220/2275/3484 2090/2274/7576 2162/2611/3485
f 2383/2251/7577 2168/2250/7577 2048/2581/7577
f 2224/2283/7578 2383/2251/7578 2221/2276/7578
f 2089/2477/7579 2161/2249/7579 2383/2251/7579
f 2384/2248/7580 2208/2247/7580 2088/2481/7580
f 2228/2292/7359 2384/2248/7359 2225/2285/7359
f 2062/2613/7360 2134/2246/7360 2384/2248/7360
f 2229/2587/3490 2385/2243/7581 2207/2245/3491
f 2097/2298/7362 2232/2302/7362 2385/2243/7362
f 2232/2302/3492 2086/2301/7582 2158/2589/3200
f 2386/2242/7583 2171/2241/7583 2051/2569/7583
f 2236/2310/7584 2386/2242/7584 2233/2303/7584
f 2085/2483/7585 2157/2240/7585 2386/2242/7585
f 2387/2239/7586 2204/2238/7586 2084/2487/7586
f 2240/2319/7587 2387/2239/7587 2237/2312/7587
f 2065/2517/7369 2137/2237/7369 2387/2239/7369
f 2241/2572/3498 2388/2234/7588 2203/2236/3499
f 2100/2325/7589 2244/2329/7589 2388/2234/7589
f 2244/2329/3502 2082/2328/7372 2154/2574/3503
f 2389/2233/7373 2174/2232/7373 2054/2557/7373
f 2248/2337/7590 2389/2233/7590 2245/2330/7590
f 2081/2489/7591 2153/2231/7591 2389/2233/7591
f 2390/2230/7376 2200/2229/7376 2080/2493/7376
f 2252/2346/7592 2390/2230/7592 2249/2339/7592
f 2068/2614/7378 2140/2228/7378 2390/2230/7378
f 2253/2562/3509 2391/2225/7379 2199/2227/3510
f 2103/2352/7380 2256/2356/7380 2391/2225/7380
f 2256/2356/3512 2078/2355/7593 2150/2564/3513
f 2392/2224/7382 2130/2223/7382 2058/2615/7382
f 2260/2364/7383 2392/2224/7383 2257/2357/7383
f 2077/2495/7594 2149/2222/7594 2392/2224/7594
f 2393/2221/7385 2196/2220/7385 2076/2499/7385
f 2264/2373/7386 2393/2221/7386 2261/2366/7386
f 2052/2571/7387 2172/2219/7387 2393/2221/7387
f 2265/2542/3517 2394/2216/7595 2195/2218/3235
f 2106/2379/7596 2268/2383/7596 2394/2216/7596
f 2268/2383/3238 2074/2382/7390 2146/2549/3518
f 2395/2215/7391 2139/2214/7391 2067/2616/7391
f 2272/2391/7597 2395/2215/7597 2269/2384/7597
f 2073/2501/7598 2145/2213/7598 2395/2215/7598
f 2396/2212/7394 2192/2211/7394 2072/2505/7394
f 2276/2400/7395 2396/2212/7395 2273/2393/7395
f 2047/2617/7396 2167/2210/7396 2396/2212/7396
f 2277/2519/3525 2397/2207/7599 2191/2209/3526
f 2109/2406/7600 2280/2410/7600 2397/2207/7600
f 2280/2410/3527 2070/2409/7399 2142/2526/3528
f 2398/2206/7400 2140/2205/7400 2068/2618/7400
f 2284/2418/7401 2398/2206/7401 2281/2411/7401
f 2069/2507/7601 2141/2204/7601 2398/2206/7601
f 2285/2509/7602 2399/2201/7602 2128/2203/7602
f 2111/2424/7404 2288/2428/7404 2399/2201/7404
f 2288/2428/7405 2059/2427/7405 2179/2619/7405
f 2289/2503/7406 2400/2198/7406 2127/2200/7406
f 2112/2433/7407 2292/2437/7407 2400/2198/7407
f 2292/2437/7408 2064/2436/7408 2184/2567/7408
f 2293/2497/7409 2401/2195/7409 2118/2197/7409
f 2113/2442/7603 2296/2446/7603 2401/2195/7603
f 2296/2446/7411 2056/2445/7411 2128/2620/7411
f 2297/2491/7604 2402/2192/7604 2186/2194/7604
f 2114/2451/7413 2300/2455/7413 2402/2192/7413
f 2300/2455/7414 2053/2454/7414 2125/2512/7414
f 2301/2485/7605 2403/2189/7605 2183/2191/7605
f 2115/2460/7606 2304/2464/7606 2403/2189/7606
f 2304/2464/7417 2050/2463/7417 2122/2621/7417
f 2305/2479/7607 2404/2186/7607 2180/2188/7607
f 2116/2469/7608 2308/2473/7608 2404/2186/7608
f 2308/2473/7609 2047/2472/7609 2119/2622/7609
f 2433/2623/3541 2408/2643/3541 2446/2624/3541
f 2436/2626/3542 2412/2705/3542 2449/2627/3543
f 2439/2629/3544 2410/2710/3544 2452/2630/3544
f 2442/2632/3545 2406/2638/3545 2432/2633/3545
f 2450/2635/3546 2409/2707/3547 2441/2636/3547
f 2442/2632/3545 2509/2632/3545 2510/2638/3545
f 2406/2639/3541 2510/2639/3541 2511/2640/3541
f 2448/2641/3542 2513/2641/3542 2514/2642/3542
f 2408/2643/3541 2433/2623/3541 2503/2623/3541
f 2459/2644/3546 2423/2726/3547 2453/2645/3547
f 2460/2647/3547 2426/2715/3546 2461/2648/3546
f 2438/2650/3547 2420/2706/3546 2462/2651/3546
f 2463/2653/3545 2414/2727/3545 2444/2654/3545
f 2464/2656/3545 2427/2708/3545 2465/2657/3545
f 2454/2659/3545 2424/2725/3545 2466/2660/3545
f 2467/2662/3544 2422/2709/3544 2440/2663/3544
f 2468/2665/3544 2428/2703/3544 2469/2666/3544
f 2485/2668/3544 2451/2724/3544 2421/2669/3544
f 2471/2671/3543 2419/2704/3543 2437/2672/3543
f 2472/2674/3543 2429/2697/3543 2473/2675/3543
f 2448/2641/3542 2418/2642/3542 2474/2677/3543
f 2475/2679/3541 2416/2698/3541 2434/2680/3541
f 2476/2682/3541 2430/2688/3541 2477/2683/3541
f 2479/2685/3541 2445/2640/3541 2415/2686/3541
f 2476/2682/3541 2479/2685/3541 2478/2687/3541
f 2414/2689/3541 2432/2690/3541 2479/2685/3541
f 2432/2690/3541 2406/2639/3541 2445/2640/3541
f 2480/2684/3541 2477/2683/3541 2413/2691/3541
f 2444/2693/3541 2480/2684/3541 2431/2692/3541
f 2444/2693/3541 2414/2689/3541 2476/2682/3541
f 2443/2695/3541 2481/2681/3541 2434/2680/3541
f 2477/2683/3541 2481/2681/3541 2443/2695/3541
f 2477/2683/3541 2430/2688/3541 2475/2679/3541
f 2482/2678/3543 2474/2677/3543 2429/2697/3543
f 2446/2624/3543 2482/2678/3543 2472/2674/3543
f 2408/2643/3542 2448/2641/3542 2482/2678/3543
f 2483/2676/3543 2473/2675/3543 2417/2699/3543
f 2434/2680/3543 2483/2676/3543 2435/2700/3543
f 2416/2698/3543 2472/2674/3543 2483/2676/3543
f 2484/2673/3543 2437/2672/3543 2411/2701/3543
f 2473/2675/3543 2484/2673/3543 2447/2702/3543
f 2429/2697/3543 2471/2671/3543 2484/2673/3543
f 2485/2668/3544 2470/2670/3544 2428/2703/3544
f 2419/2704/3544 2449/2627/3544 2485/2668/3544
f 2412/2705/3544 2451/2724/3544 2485/2668/3544
f 2486/2667/3544 2469/2666/3544 2420/2706/3544
f 2437/2672/3544 2486/2667/3544 2438/2650/3544
f 2419/2704/3544 2468/2665/3544 2486/2667/3544
f 2487/2664/3544 2440/2663/3544 2409/2707/3544
f 2420/2706/3544 2469/2666/3544 2487/2664/3544
f 2428/2703/3544 2467/2662/3544 2487/2664/3544
f 2488/2661/3545 2466/2660/3545 2427/2708/3545
f 2452/2630/3545 2488/2661/3545 2464/2656/3545
f 2410/2710/3545 2454/2659/3545 2488/2661/3545
f 2489/2658/3545 2465/2657/3545 2423/2711/3545
f 2440/2663/3545 2489/2658/3545 2441/2712/3545
f 2422/2709/3545 2464/2656/3545 2489/2658/3545
f 2490/2655/3545 2444/2654/3545 2405/2713/3545
f 2465/2657/3545 2490/2655/3545 2453/2714/3545
f 2427/2708/3545 2463/2653/3545 2490/2655/3545
f 2491/2652/3547 2462/2651/3546 2426/2715/3546
f 2447/2716/3547 2491/2652/3547 2460/2647/3547
f 2411/2701/3547 2438/2650/3547 2491/2652/3547
f 2492/2649/3547 2461/2648/3546 2413/2718/3546
f 2435/2720/3547 2492/2649/3547 2443/2719/3547
f 2417/2717/3547 2460/2647/3547 2492/2649/3547
f 2493/2646/3546 2453/2645/3547 2405/2722/3547
f 2461/2648/3546 2493/2646/3546 2431/2723/3546
f 2426/2715/3546 2459/2644/3546 2493/2646/3546
f 2412/2705/3544 2506/2705/3544 2515/2724/3544
f 2418/2642/3542 2514/2642/3542 2505/2626/3542
f 2454/2659/3545 2517/2659/3545 2518/2725/3545
f 2410/2710/3544 2439/2629/3544 2507/2629/3544
f 2424/2725/3545 2518/2725/3545 2509/2632/3545
f 2415/2686/3541 2445/2640/3541 2511/2640/3541
f 2408/2643/3542 2504/2643/3543 2513/2641/3542
f 2415/2686/3541 2512/2686/3541 2503/2623/3541
f 2421/2669/3544 2451/2724/3544 2515/2724/3544
f 2436/2626/3542 2505/2626/3542 2506/2705/3543
f 2410/2710/3545 2508/2710/3545 2517/2659/3545
f 2421/2669/3544 2516/2669/3544 2507/2629/3544
f 2498/2637/3546 2441/2636/3547 2423/2726/3547
f 2462/2651/3546 2498/2637/3546 2459/2644/3546
f 2420/2706/3546 2450/2635/3546 2498/2637/3546
f 2499/2634/3545 2432/2633/3545 2414/2727/3545
f 2466/2660/3545 2499/2634/3545 2463/2653/3545
f 2424/2725/3545 2442/2632/3545 2499/2634/3545
f 2500/2631/3544 2452/2630/3544 2422/2709/3544
f 2470/2670/3544 2500/2631/3544 2467/2662/3544
f 2421/2669/3544 2439/2629/3544 2500/2631/3544
f 2501/2628/3543 2449/2627/3543 2419/2704/3543
f 2474/2677/3543 2501/2628/3543 2471/2671/3543
f 2418/2642/3542 2436/2626/3542 2501/2628/3543
f 2502/2625/3541 2446/2624/3541 2416/2698/3541
f 2478/2687/3541 2502/2625/3541 2475/2679/3541
f 2415/2686/3541 2433/2623/3541 2502/2625/3541
f 2509/2728/3544 2527/2729/3544 2534/2729/3544
f 2519/2730/3548 2518/2743/3548 2517/2731/3548
f 2520/2733/3549 2521/2739/3549 2522/2734/3549
f 2503/2736/3549 2512/2744/3549 2523/2737/3549
f 2524/2738/3549 2523/2737/3549 2521/2739/3549
f 2513/2740/3548 2524/2738/3549 2520/2733/3549
f 2524/2738/3550 2531/2738/3550 2497/2736/3550
f 2525/2735/3549 2522/2734/3549 2516/2669/3549
f 2526/2732/3543 2533/2732/3543 2458/2629/3543
f 2514/2741/3548 2520/2733/3549 2525/2735/3549
f 2508/2710/3545 2457/2710/3550 2530/2659/3550
f 2522/2734/3549 2526/2732/3548 2507/2629/3548
f 2521/2739/3549 2519/2730/3548 2526/2732/3548
f 2527/2729/3548 2509/2728/3548 2518/2743/3548
f 2523/2737/3549 2527/2729/3548 2519/2730/3548
f 2512/2744/3549 2511/2745/3548 2527/2729/3548
f 2425/2745/3549 2455/4281/3549 2456/2728/3549
f 2496/2746/3549 2497/2736/3549 2531/2738/3549
f 2495/2742/3549 2532/2735/3549 2529/2724/3549
f 2533/2732/3549 2530/2731/3549 2457/2710/3549
f 2505/2742/3541 2525/2735/3541 2532/2735/3541
f 2504/2643/3541 2503/2623/3541 2497/2623/3541
f 2515/2724/3550 2529/2724/3550 2532/2735/3550
f 2505/2626/3542 2495/2626/3543 2494/2705/3543
f 2510/2639/3541 2455/2639/3541 2425/2640/3541
f 2511/2745/3543 2425/2745/3543 2534/2729/3543
f 2508/2710/3544 2507/2629/3544 2458/2629/3544
f 2504/2643/3543 2496/2643/3543 2528/2641/3543
f 2517/2731/3541 2530/2731/3541 2533/2732/3541
f 2513/2740/3544 2528/2740/3544 2531/2738/3544
f 2509/2632/3545 2456/2632/3550 2455/2638/3550
f 2506/2705/3544 2494/2705/3544 2529/2724/3544
f 2563/2747/3551 2538/2767/3551 2576/2748/3551
f 2566/2750/3552 2542/2827/3552 2579/2751/3553
f 2569/2753/3554 2540/2831/3554 2582/2754/3554
f 2572/2756/3555 2536/2762/3555 2562/2757/3555
f 2628/2759/3556 2580/2829/3556 2539/2760/3557
f 2572/2756/3555 2639/2756/3555 2640/2762/3555
f 2536/2763/3551 2640/2763/3551 2641/2764/3551
f 2578/2765/3552 2643/2765/3552 2644/2766/3552
f 2538/2767/3551 2563/2747/3551 2633/2747/3551
f 2589/2768/3556 2553/2848/3557 2583/2769/3557
f 2590/2771/3557 2556/2836/3556 2591/2772/3556
f 2568/2774/3557 2550/2828/3556 2592/2775/3556
f 2593/2777/3555 2544/2849/3555 2574/2778/3555
f 2594/2780/3555 2557/2830/3555 2595/2781/3555
f 2584/2783/3555 2554/2846/3555 2596/2784/3555
f 2617/2786/3554 2597/2850/3554 2552/2787/3554
f 2598/2789/3554 2558/2826/3554 2599/2790/3554
f 2615/2792/3554 2581/2845/3554 2551/2793/3554
f 2614/2795/3553 2601/2851/3553 2549/2796/3553
f 2602/2798/3553 2559/2820/3553 2603/2799/3553
f 2578/2765/3552 2548/2766/3552 2604/2801/3553
f 2605/2803/3551 2546/2821/3551 2564/2804/3551
f 2606/2806/3551 2560/2811/3551 2607/2807/3551
f 2575/2764/3551 2545/2847/3551 2608/2809/3551
f 2609/2810/3551 2608/2809/3551 2560/2811/3551
f 2544/2812/3551 2562/2813/3551 2609/2810/3551
f 2562/2813/3551 2536/2763/3551 2575/2764/3551
f 2610/2808/3551 2607/2807/3551 2543/2814/3551
f 2574/2816/3551 2610/2808/3551 2561/2815/3551
f 2544/2812/3551 2606/2806/3551 2610/2808/3551
f 2611/2805/3551 2564/2804/3551 2537/2818/3551
f 2543/2814/3551 2607/2807/3551 2611/2805/3551
f 2607/2807/3551 2560/2811/3551 2605/2803/3551
f 2612/2802/3553 2604/2801/3553 2559/2820/3553
f 2576/2748/3553 2612/2802/3553 2602/2798/3553
f 2576/2748/3553 2538/2767/3552 2578/2765/3552
f 2613/2800/3553 2603/2799/3553 2547/2822/3553
f 2564/2804/3553 2613/2800/3553 2565/2823/3553
f 2546/2821/3553 2602/2798/3553 2613/2800/3553
f 2577/2824/3553 2614/2795/3553 2567/2797/3553
f 2603/2799/3553 2614/2795/3553 2577/2824/3553
f 2559/2820/3553 2601/2851/3553 2614/2795/3553
f 2598/2789/3554 2615/2792/3554 2600/2794/3554
f 2579/2751/3554 2615/2792/3554 2598/2789/3554
f 2542/2827/3554 2581/2845/3554 2615/2792/3554
f 2616/2791/3554 2599/2790/3554 2550/2828/3554
f 2567/2797/3554 2616/2791/3554 2568/2774/3554
f 2549/2796/3554 2598/2789/3554 2616/2791/3554
f 2580/2829/3554 2617/2786/3554 2570/2788/3554
f 2550/2828/3554 2599/2790/3554 2617/2786/3554
f 2558/2826/3554 2597/2850/3554 2617/2786/3554
f 2618/2785/3555 2596/2784/3555 2557/2830/3555
f 2582/2754/3555 2618/2785/3555 2594/2780/3555
f 2540/2831/3555 2584/2783/3555 2618/2785/3555
f 2619/2782/3555 2595/2781/3555 2553/2832/3555
f 2570/2788/3555 2619/2782/3555 2571/2833/3555
f 2552/2787/3555 2594/2780/3555 2619/2782/3555
f 2620/2779/3555 2574/2778/3555 2535/2834/3555
f 2595/2781/3555 2620/2779/3555 2583/2835/3555
f 2557/2830/3555 2593/2777/3555 2620/2779/3555
f 2621/2776/3557 2592/2775/3556 2556/2836/3556
f 2547/2837/3557 2577/2838/3557 2621/2776/3557
f 2541/2825/3557 2568/2774/3557 2621/2776/3557
f 2622/2773/3557 2591/2772/3556 2543/2839/3556
f 2537/2841/3557 2565/2842/3557 2622/2773/3557
f 2565/2842/3557 2547/2837/3557 2590/2771/3557
f 2623/2770/3556 2583/2769/3557 2535/2843/3557
f 2591/2772/3556 2623/2770/3556 2561/2844/3556
f 2556/2836/3556 2589/2768/3556 2623/2770/3556
f 2542/2827/3554 2636/2827/3554 2645/2845/3554
f 2548/2766/3552 2644/2766/3552 2635/2750/3552
f 2584/2783/3555 2647/2783/3555 2648/2846/3555
f 2540/2831/3554 2569/2753/3554 2637/2753/3554
f 2554/2846/3555 2648/2846/3555 2639/2756/3555
f 2545/2847/3551 2575/2764/3551 2641/2764/3551
f 2538/2767/3552 2634/2767/3553 2643/2765/3552
f 2545/2847/3551 2642/2847/3551 2633/2747/3551
f 2551/2793/3554 2581/2845/3554 2645/2845/3554
f 2566/2750/3552 2635/2750/3552 2636/2827/3553
f 2540/2831/3555 2638/2831/3555 2647/2783/3555
f 2551/2793/3554 2646/2793/3554 2637/2753/3554
f 2589/2768/3556 2628/2759/3556 2571/2761/3557
f 2592/2775/3556 2628/2759/3556 2589/2768/3556
f 2550/2828/3556 2580/2829/3556 2628/2759/3556
f 2629/2758/3555 2562/2757/3555 2544/2849/3555
f 2596/2784/3555 2629/2758/3555 2593/2777/3555
f 2554/2846/3555 2572/2756/3555 2629/2758/3555
f 2630/2755/3554 2582/2754/3554 2552/2787/3554
f 2600/2794/3554 2630/2755/3554 2597/2850/3554
f 2551/2793/3554 2569/2753/3554 2630/2755/3554
f 2631/2752/3553 2579/2751/3553 2549/2796/3553
f 2604/2801/3553 2631/2752/3553 2601/2851/3553
f 2548/2766/3552 2566/2750/3552 2631/2752/3553
f 2632/2749/3551 2576/2748/3551 2546/2821/3551
f 2608/2809/3551 2632/2749/3551 2605/2803/3551
f 2545/2847/3551 2563/2747/3551 2632/2749/3551
f 2639/2852/3554 2657/2853/3554 2664/2853/3554
f 2649/2854/3558 2648/2867/3558 2647/2855/3558
f 2650/2857/3559 2651/2863/3559 2652/2858/3559
f 2633/2860/3559 2642/2868/3559 2653/2861/3559
f 2654/2862/3559 2653/2861/3559 2651/2863/3559
f 2643/2864/3558 2654/2862/3559 2650/2857/3559
f 2654/2862/3560 2661/2862/3560 2627/2860/3560
f 2655/2859/3559 2652/2858/3559 2646/2793/3559
f 2656/2856/3552 2663/2856/3552 2588/2753/3552
f 2644/2865/3558 2650/2857/3559 2655/2859/3559
f 2638/2831/3555 2587/2831/3560 2660/2783/3560
f 2652/2858/3559 2656/2856/3558 2637/2753/3558
f 2651/2863/3559 2649/2854/3558 2656/2856/3558
f 2657/2853/3558 2639/2852/3558 2648/2867/3558
f 2653/2861/3559 2657/2853/3558 2649/2854/3558
f 2642/2868/3559 2641/2869/3558 2657/2853/3558
f 2555/2869/3558 2585/4282/3558 2586/2852/3558
f 2626/2870/3559 2627/2860/3559 2661/2862/3559
f 2625/2866/3559 2662/2859/3559 2659/2845/3559
f 2663/2856/3558 2660/2855/3558 2587/2831/3558
f 2635/2866/3551 2655/2859/3551 2662/2859/3551
f 2634/2767/3551 2633/2747/3551 2627/2747/3551
f 2645/2845/3560 2659/2845/3560 2662/2859/3560
f 2635/2750/3552 2625/2750/3553 2624/2827/3553
f 2640/2763/3551 2585/2763/3551 2555/2764/3551
f 2641/2869/3552 2555/2869/3552 2664/2853/3552
f 2638/2831/3554 2637/2753/3554 2588/2753/3554
f 2634/2767/3553 2626/2767/3553 2658/2765/3553
f 2647/2855/3551 2660/2855/3551 2663/2856/3551
f 2643/2864/3554 2658/2864/3554 2661/2862/3554
f 2639/2756/3555 2586/2756/3560 2585/2762/3560
f 2636/2827/3554 2624/2827/3554 2659/2845/3554
f 2693/2871/3554 2668/2891/3554 2706/2872/3554
f 2696/2874/3561 2672/2951/3561 2709/2875/3561
f 2699/2877/3551 2670/2971/3551 2712/2878/3551
f 2702/2880/3562 2666/2886/3562 2692/2881/3563
f 2710/2883/3564 2669/2953/3564 2701/2884/3564
f 2702/2880/3562 2769/2880/3562 2770/2886/3563
f 2666/2887/3554 2770/2887/3554 2771/2888/3554
f 2708/2889/3561 2773/2889/3561 2774/2890/3561
f 2668/2891/3554 2693/2871/3554 2763/2871/3554
f 2719/2892/3564 2683/2973/3564 2713/2893/3564
f 2720/2895/3565 2686/2961/3565 2721/2896/3565
f 2698/2898/3565 2680/2952/3565 2722/2899/3565
f 2723/2901/3563 2674/2974/3563 2704/2902/3563
f 2749/2904/3563 2724/2954/3563 2687/2905/3563
f 2748/2907/3563 2714/2956/3562 2684/2908/3562
f 2727/2910/3551 2682/2955/3551 2700/2911/3551
f 2728/2913/3551 2688/2949/3551 2729/2914/3551
f 2745/2916/3551 2711/2970/3551 2681/2917/3551
f 2731/2919/3561 2679/2950/3561 2697/2920/3561
f 2732/2922/3561 2689/2944/3561 2733/2923/3561
f 2708/2889/3561 2678/2890/3561 2734/2925/3561
f 2741/2927/3554 2735/2975/3554 2676/2928/3554
f 2736/2930/3554 2690/2935/3554 2737/2931/3554
f 2705/2888/3554 2675/2972/3554 2738/2933/3554
f 2736/2930/3554 2739/2934/3554 2738/2933/3554
f 2692/2936/3554 2739/2934/3554 2736/2930/3554
f 2692/2936/3554 2666/2887/3554 2705/2888/3554
f 2740/2932/3554 2737/2931/3554 2673/2938/3554
f 2704/2940/3554 2740/2932/3554 2691/2939/3554
f 2674/2937/3554 2736/2930/3554 2740/2932/3554
f 2741/2927/3554 2694/2929/3554 2667/2942/3554
f 2673/2938/3554 2737/2931/3554 2741/2927/3554
f 2690/2935/3554 2735/2975/3554 2741/2927/3554
f 2742/2926/3561 2734/2925/3561 2689/2944/3561
f 2706/2872/3561 2742/2926/3561 2732/2922/3561
f 2668/2891/3561 2708/2889/3561 2742/2926/3561
f 2743/2924/3561 2733/2923/3561 2677/2945/3561
f 2694/2929/3561 2743/2924/3561 2695/2946/3561
f 2676/2928/3561 2732/2922/3561 2743/2924/3561
f 2744/2921/3561 2697/2920/3561 2671/2947/3561
f 2733/2923/3561 2744/2921/3561 2707/2948/3561
f 2689/2944/3561 2731/2919/3561 2744/2921/3561
f 2745/2916/3551 2730/2918/3551 2688/2949/3551
f 2679/2950/3551 2709/2875/3551 2745/2916/3551
f 2672/2951/3551 2711/2970/3551 2745/2916/3551
f 2746/2915/3551 2729/2914/3551 2680/2952/3551
f 2697/2920/3551 2746/2915/3551 2698/2898/3551
f 2697/2920/3551 2679/2950/3551 2728/2913/3551
f 2747/2912/3551 2700/2911/3551 2669/2953/3551
f 2680/2952/3551 2729/2914/3551 2747/2912/3551
f 2729/2914/3551 2688/2949/3551 2727/2910/3551
f 2748/2907/3563 2726/2909/3563 2687/2905/3563
f 2712/2878/3563 2748/2907/3563 2724/2954/3563
f 2712/2878/3563 2670/2971/3562 2714/2956/3562
f 2749/2904/3563 2725/2906/3563 2683/2957/3563
f 2700/2911/3563 2749/2904/3563 2701/2958/3563
f 2700/2911/3563 2682/2955/3563 2724/2954/3563
f 2713/2959/3563 2750/2903/3563 2704/2902/3563
f 2725/2906/3563 2750/2903/3563 2713/2959/3563
f 2687/2905/3563 2723/2901/3563 2750/2903/3563
f 2751/2900/3565 2722/2899/3565 2686/2961/3565
f 2707/2962/3564 2751/2900/3565 2720/2895/3565
f 2671/2947/3564 2698/2898/3565 2751/2900/3565
f 2752/2897/3565 2721/2896/3565 2673/2964/3565
f 2695/2966/3564 2752/2897/3565 2703/2965/3565
f 2677/2963/3564 2720/2895/3565 2752/2897/3565
f 2753/2894/3564 2713/2893/3564 2665/2968/3564
f 2721/2896/3565 2753/2894/3564 2691/2969/3564
f 2686/2961/3565 2719/2892/3564 2753/2894/3564
f 2672/2951/3551 2766/2951/3551 2775/2970/3551
f 2678/2890/3561 2774/2890/3561 2765/2874/3561
f 2714/2956/3562 2777/2956/3562 2778/2908/3562
f 2670/2971/3551 2699/2877/3551 2767/2877/3551
f 2684/2908/3562 2778/2908/3562 2769/2880/3562
f 2675/2972/3554 2705/2888/3554 2771/2888/3554
f 2668/2891/3561 2764/2891/3561 2773/2889/3561
f 2675/2972/3554 2772/2972/3554 2763/2871/3554
f 2681/2917/3551 2711/2970/3551 2775/2970/3551
f 2696/2874/3561 2765/2874/3561 2766/2951/3561
f 2670/2971/3562 2768/2971/3563 2777/2956/3562
f 2681/2917/3551 2776/2917/3551 2767/2877/3551
f 2758/2885/3564 2701/2884/3564 2683/2973/3564
f 2722/2899/3565 2758/2885/3564 2719/2892/3564
f 2680/2952/3565 2710/2883/3564 2758/2885/3564
f 2759/2882/3563 2692/2881/3563 2674/2974/3563
f 2726/2909/3563 2759/2882/3563 2723/2901/3563
f 2726/2909/3563 2684/2908/3562 2702/2880/3562
f 2760/2879/3551 2712/2878/3551 2682/2955/3551
f 2730/2918/3551 2760/2879/3551 2727/2910/3551
f 2681/2917/3551 2699/2877/3551 2760/2879/3551
f 2761/2876/3561 2709/2875/3561 2679/2950/3561
f 2734/2925/3561 2761/2876/3561 2731/2919/3561
f 2678/2890/3561 2696/2874/3561 2761/2876/3561
f 2762/2873/3554 2706/2872/3554 2676/2928/3554
f 2738/2933/3554 2762/2873/3554 2735/2975/3554
f 2675/2972/3554 2693/2871/3554 2762/2873/3554
f 2769/2976/3551 2787/2977/3551 2794/2977/3551
f 2779/2978/3566 2778/2991/3566 2777/2979/3566
f 2780/2981/3566 2781/2987/3567 2782/2982/3567
f 2763/2984/3567 2772/2992/3567 2783/2985/3567
f 2784/2986/3566 2783/2985/3567 2781/2987/3567
f 2773/2988/3566 2784/2986/3566 2780/2981/3566
f 2784/2986/3563 2791/2986/3563 2757/2984/3563
f 2785/2983/3566 2782/2982/3567 2776/2917/3567
f 2786/2980/3568 2793/2980/3568 2718/2877/3568
f 2765/2990/3566 2774/2989/3566 2780/2981/3566
f 2768/2971/3563 2717/2971/3563 2790/2956/3563
f 2782/2982/3567 2786/2980/3566 2767/2877/3567
f 2782/2982/3567 2781/2987/3567 2779/2978/3566
f 2787/2977/3566 2769/2976/3566 2778/2991/3566
f 2781/2987/3567 2783/2985/3567 2787/2977/3566
f 2772/2992/3567 2771/2993/3567 2787/2977/3566
f 2685/2993/3567 2715/4283/3567 2716/2976/3567
f 2756/2994/3567 2757/2984/3567 2791/2986/3567
f 2754/2951/3567 2755/2990/3567 2792/2983/3567
f 2793/2980/3567 2790/2979/3567 2717/2971/3567
f 2765/2990/3554 2785/2983/3554 2792/2983/3554
f 2764/2891/3554 2763/2871/3554 2757/2871/3554
f 2775/2970/3563 2789/2970/3563 2792/2983/3563
f 2765/2874/3561 2755/2874/3568 2754/2951/3568
f 2770/2887/3554 2715/2887/3554 2685/2888/3554
f 2771/2993/3568 2685/2993/3568 2794/2977/3568
f 2768/2971/3551 2767/2877/3551 2718/2877/3551
f 2764/2891/3561 2756/2891/3568 2788/2889/3568
f 2777/2979/3554 2790/2979/3554 2793/2980/3554
f 2773/2988/3551 2788/2988/3551 2791/2986/3551
f 2769/2880/3562 2716/2880/3563 2715/2886/3563
f 2766/2951/3551 2754/2951/3551 2789/2970/3551
f 2823/2995/3541 2798/3015/3541 2836/2996/3541
f 2826/2998/3551 2802/3076/3551 2839/2999/3551
f 2829/3001/3544 2800/3081/3544 2842/3002/3544
f 2832/3004/3554 2796/3010/3554 2822/3005/3554
f 2840/3007/3569 2799/3078/3569 2831/3008/3569
f 2832/3004/3554 2899/3004/3554 2900/3010/3554
f 2796/3011/3541 2900/3011/3541 2901/3012/3541
f 2838/3013/3551 2903/3013/3551 2904/3014/3551
f 2823/2995/3541 2893/2995/3541 2894/3015/3541
f 2849/3016/3569 2813/3098/3569 2843/3017/3569
f 2850/3019/3569 2816/3086/3569 2851/3020/3569
f 2828/3022/3569 2810/3077/3569 2852/3023/3569
f 2853/3025/3554 2804/3099/3554 2834/3026/3554
f 2854/3028/3554 2817/3079/3554 2855/3029/3554
f 2844/3031/3554 2814/3095/3554 2856/3032/3554
f 2857/3034/3544 2812/3080/3544 2830/3035/3544
f 2858/3037/3544 2818/3074/3544 2859/3038/3544
f 2841/3040/3544 2811/3097/3544 2860/3041/3544
f 2861/3043/3551 2809/3075/3551 2827/3044/3551
f 2862/3046/3551 2819/3068/3551 2863/3047/3551
f 2838/3013/3551 2808/3014/3551 2864/3049/3551
f 2865/3051/3541 2806/3069/3541 2824/3052/3541
f 2866/3054/3541 2820/3059/3541 2867/3055/3541
f 2835/3012/3541 2805/3096/3541 2868/3057/3541
f 2869/3058/3541 2868/3057/3541 2820/3059/3541
f 2822/3060/3541 2869/3058/3541 2866/3054/3541
f 2796/3011/3541 2835/3012/3541 2869/3058/3541
f 2870/3056/3541 2867/3055/3541 2803/3062/3541
f 2834/3064/3541 2870/3056/3541 2821/3063/3541
f 2804/3061/3541 2866/3054/3541 2870/3056/3541
f 2871/3053/3541 2824/3052/3541 2797/3066/3541
f 2867/3055/3541 2871/3053/3541 2833/3067/3541
f 2820/3059/3541 2865/3051/3541 2871/3053/3541
f 2872/3050/3551 2864/3049/3551 2819/3068/3551
f 2836/2996/3551 2872/3050/3551 2862/3046/3551
f 2798/3015/3551 2838/3013/3551 2872/3050/3551
f 2873/3048/3551 2863/3047/3551 2807/3070/3551
f 2824/3052/3551 2873/3048/3551 2825/3071/3551
f 2806/3069/3551 2862/3046/3551 2873/3048/3551
f 2874/3045/3551 2827/3044/3551 2801/3072/3551
f 2863/3047/3551 2874/3045/3551 2837/3073/3551
f 2819/3068/3551 2861/3043/3551 2874/3045/3551
f 2875/3042/3544 2860/3041/3544 2818/3074/3544
f 2839/2999/3544 2875/3042/3544 2858/3037/3544
f 2802/3076/3544 2841/3040/3544 2875/3042/3544
f 2876/3039/3544 2859/3038/3544 2810/3077/3544
f 2827/3044/3544 2876/3039/3544 2828/3022/3544
f 2809/3075/3544 2858/3037/3544 2876/3039/3544
f 2877/3036/3544 2830/3035/3544 2799/3078/3544
f 2859/3038/3544 2877/3036/3544 2840/3007/3544
f 2818/3074/3544 2857/3034/3544 2877/3036/3544
f 2878/3033/3554 2856/3032/3554 2817/3079/3554
f 2842/3002/3554 2878/3033/3554 2854/3028/3554
f 2800/3081/3554 2844/3031/3554 2878/3033/3554
f 2879/3030/3554 2855/3029/3554 2813/3082/3554
f 2830/3035/3554 2879/3030/3554 2831/3083/3554
f 2812/3080/3554 2854/3028/3554 2879/3030/3554
f 2880/3027/3554 2834/3026/3554 2795/3084/3554
f 2855/3029/3554 2880/3027/3554 2843/3085/3554
f 2817/3079/3554 2853/3025/3554 2880/3027/3554
f 2881/3024/3569 2852/3023/3569 2816/3086/3569
f 2837/3087/3569 2881/3024/3569 2850/3019/3569
f 2801/3072/3569 2828/3022/3569 2881/3024/3569
f 2882/3021/3569 2851/3020/3569 2803/3089/3569
f 2825/3091/3569 2882/3021/3569 2833/3090/3569
f 2807/3088/3569 2850/3019/3569 2882/3021/3569
f 2883/3018/3569 2843/3017/3569 2795/3093/3569
f 2851/3020/3569 2883/3018/3569 2821/3094/3569
f 2816/3086/3569 2849/3016/3569 2883/3018/3569
f 2802/3076/3544 2896/3076/3544 2905/3040/3544
f 2808/3014/3551 2904/3014/3551 2895/2998/3551
f 2844/3031/3554 2907/3031/3554 2908/3095/3554
f 2829/3001/3544 2897/3001/3544 2898/3081/3544
f 2814/3095/3554 2908/3095/3554 2899/3004/3554
f 2835/3012/3541 2901/3012/3541 2902/3096/3541
f 2798/3015/3551 2894/3015/3551 2903/3013/3551
f 2805/3096/3541 2902/3096/3541 2893/2995/3541
f 2841/3040/3544 2905/3040/3544 2906/3097/3544
f 2826/2998/3551 2895/2998/3551 2896/3076/3551
f 2800/3081/3554 2898/3081/3554 2907/3031/3554
f 2811/3097/3544 2906/3097/3544 2897/3001/3544
f 2888/3009/3569 2831/3008/3569 2813/3098/3569
f 2852/3023/3569 2888/3009/3569 2849/3016/3569
f 2810/3077/3569 2840/3007/3569 2888/3009/3569
f 2889/3006/3554 2822/3005/3554 2804/3099/3554
f 2856/3032/3554 2889/3006/3554 2853/3025/3554
f 2814/3095/3554 2832/3004/3554 2889/3006/3554
f 2890/3003/3544 2842/3002/3544 2812/3080/3544
f 2860/3041/3544 2890/3003/3544 2857/3034/3544
f 2811/3097/3544 2829/3001/3544 2890/3003/3544
f 2891/3000/3551 2839/2999/3551 2809/3075/3551
f 2864/3049/3551 2891/3000/3551 2861/3043/3551
f 2808/3014/3551 2826/2998/3551 2891/3000/3551
f 2892/2997/3541 2836/2996/3541 2806/3069/3541
f 2868/3057/3541 2892/2997/3541 2865/3051/3541
f 2805/3096/3541 2823/2995/3541 2892/2997/3541
f 2917/3100/3544 2924/3100/3544 2846/3101/3544
f 2909/3102/3570 2908/3115/3570 2907/3103/3570
f 2910/3105/3570 2911/3111/3570 2912/3106/3570
f 2893/3108/3570 2902/3116/3570 2913/3109/3570
f 2914/3110/3570 2913/3109/3570 2911/3111/3570
f 2903/3112/3570 2914/3110/3570 2910/3105/3570
f 2914/3110/3554 2921/3110/3554 2887/3108/3554
f 2915/3107/3570 2912/3106/3570 2906/3097/3570
f 2916/3104/3551 2923/3104/3551 2848/3001/3551
f 2904/3113/3570 2910/3105/3570 2915/3107/3570
f 2898/3081/3554 2847/3081/3554 2920/3031/3554
f 2912/3106/3570 2916/3104/3570 2897/3001/3570
f 2911/3111/3570 2909/3102/3570 2916/3104/3570
f 2917/3100/3570 2899/3101/3570 2908/3115/3570
f 2913/3109/3570 2917/3100/3570 2909/3102/3570
f 2902/3116/3570 2901/3117/3570 2917/3100/3570
f 2815/3117/3570 2845/4284/3570 2846/3101/3570
f 2886/3118/3570 2887/3108/3570 2921/3110/3570
f 2885/3114/3570 2922/3107/3570 2919/3040/3570
f 2923/3104/3570 2920/3103/3570 2847/3081/3570
f 2915/3107/3541 2922/3107/3541 2885/3114/3541
f 2893/2995/3541 2887/2995/3541 2886/3015/3541
f 2905/3040/3554 2919/3040/3554 2922/3107/3554
f 2895/2998/3551 2885/2998/3551 2884/3076/3551
f 2900/3011/3541 2845/3011/3541 2815/3012/3541
f 2901/3117/3551 2815/3117/3551 2924/3100/3551
f 2897/3001/3544 2848/3001/3544 2847/3081/3544
f 2894/3015/3551 2886/3015/3551 2918/3013/3551
f 2907/3103/3541 2920/3103/3541 2923/3104/3541
f 2903/3112/3544 2918/3112/3544 2921/3110/3544
f 2899/3004/3554 2846/3004/3554 2845/3010/3554
f 2896/3076/3544 2884/3076/3544 2919/3040/3544
f 3558/3119/3571 3087/3687/7610 2928/3120/3572
f 3090/3122/3574 2932/3493/7611 3279/3123/3575
f 3287/3125/7612 3061/3125/7612 3364/3126/7612
f 3555/3127/3578 3096/3685/4665 2926/3128/3579
f 3554/3130/7613 3152/3646/7613 2929/3131/7613
f 3147/3133/7614 2926/4285/7614 3096/3134/7614
f 3552/3136/7615 3109/3591/7615 2944/3137/7615
f 3551/3139/7616 3110/3606/7616 2945/3140/7616
f 3135/3142/7617 2935/4286/7617 3160/3143/7617
f 3549/3145/7618 3113/3586/7618 2943/3146/7618
f 3114/3148/4383 2946/3585/4382 3163/3149/7619
f 3140/3151/7620 2940/3645/7620 3164/3152/7620
f 3117/3154/3591 2934/3535/4124 3098/3155/3592
f 3118/3157/4111 2947/3532/4110 3167/3158/7621
f 3544/3160/3597 3108/3682/4620 2944/3161/3598
f 3121/3163/7622 2942/3479/7622 3142/3164/7622
f 3542/3166/7623 3122/3250/7623 2948/3167/7623
f 3541/3169/7624 3371/3170/7624 3056/3170/7624
f 3540/3171/4602 3125/3539/4601 2939/3172/7625
f 3539/3174/3610 3126/3527/4090 2949/3175/3611
f 3102/3177/3613 2938/3578/4263 3283/3178/3614
f 3129/3180/3616 2936/3530/4153 3136/3181/3617
f 3536/3183/3619 3130/3521/4074 2950/3184/3620
f 3099/3186/3622 2935/4287/7626 3284/3187/3623
f 3181/3189/3625 2998/3561/7627 3315/3190/3626
f 3182/3192/3628 2999/3562/7628 3317/3193/3629
f 3147/3195/3631 2965/3680/7629 3285/3196/3632
f 3531/3198/3634 3185/3676/7630 2997/3199/3635
f 3530/3201/7631 3186/3668/4533 3000/3202/4535
f 3529/3204/3640 3178/3523/4082 2996/3205/3641
f 3189/3207/7632 2954/3657/7632 3088/3208/7632
f 3190/3210/3646 3001/3663/7633 3191/3211/3647
f 3177/3213/3649 2995/3543/4161 3192/3214/3650
f 3193/3216/3652 2994/3558/4195 3314/3217/3653
f 3194/3219/3655 3002/3559/4213 3318/3220/3656
f 3150/3222/3658 2968/3681/7634 3286/3223/3659
f 3522/3225/7635 3197/3662/4591 2993/3226/4593
f 3521/3228/7636 3198/3656/4489 3003/3229/4490
f 3520/3231/4493 3174/3529/4095 2992/3232/4097
f 3519/3234/4488 3201/3655/4487 2957/3235/4599
f 3518/3237/7637 3202/3650/4470 3004/3238/4472
f 3517/3240/4476 3173/3541/4147 2991/3241/3677
f 3205/3243/7638 2990/3556/7638 3313/3244/7638
f 3206/3246/7639 3005/3557/7639 3319/3247/7639
f 3369/3249/7640 3064/3249/7640 3346/3250/7640
f 3513/3251/7641 3209/3649/7641 2989/3252/7641
f 3512/3254/7642 3210/3647/7642 3006/3255/7642
f 3511/3257/7643 3170/3510/7643 2988/3249/7643
f 3213/3259/4615 2960/3639/4614 3094/3260/7644
f 3214/3262/4435 3007/3644/4434 3215/3263/7645
f 3169/3265/7646 2987/3464/7646 3216/3266/7646
f 3507/3268/3694 3217/3554/4190 2986/3269/3695
f 3506/3271/3697 3218/3567/4222 3008/3272/3698
f 3505/3274/3700 3156/3643/4427 2974/3275/3701
f 3221/3277/4623 2985/3632/4622 3119/3278/7647
f 3222/3280/4409 3009/3638/4408 3223/3281/4424
f 3166/3283/4118 2984/3533/4117 3224/3284/7648
f 3225/3286/3712 2964/3683/4628 3146/3287/3713
f 3226/3289/4390 3010/3631/4389 3227/3290/7649
f 3165/3292/3718 2983/3536/4129 3228/3293/3719
f 3229/3295/7650 2982/3582/7650 3116/3296/7650
f 3230/3298/7651 3011/3625/7651 3231/3299/7651
f 3092/3301/7652 2958/3648/7652 3232/3302/7652
f 3233/3304/7653 2981/3609/7653 3115/3305/7653
f 3234/3307/4362 3012/3616/4361 3235/3308/7654
f 3162/3310/7655 2980/3629/7655 3236/3311/7655
f 3492/3313/7656 3237/3615/4638 2973/3314/4640
f 3491/3316/7657 3238/3608/7657 3013/3317/7657
f 3490/3319/7658 3161/3584/4296 2979/3320/4298
f 3489/3322/7659 3241/3607/7659 2978/3323/7659
f 3242/3325/7660 3014/3600/7660 3243/3326/7660
f 3487/3328/7661 3087/3603/7661 2953/3329/7661
f 3486/3331/7662 3245/3599/7662 2977/3332/7662
f 3485/3334/7663 3246/3594/7663 3015/3335/7663
f 3484/3337/7664 3158/3604/7664 2976/3338/7664
f 3249/3340/7665 2974/3684/7665 3156/3341/7665
f 3250/3343/4320 3016/3593/4319 3251/3344/7666
f 3157/3346/7667 2975/3590/7667 3252/3347/7667
f 3480/3349/7668 3253/3592/7668 2962/3350/7668
f 3254/3352/7669 3017/3588/7669 3255/3353/7669
f 3478/3355/7670 3099/3589/7670 2965/3356/7670
f 3477/3358/7671 3257/3587/7671 2961/3359/7671
f 3476/3361/7672 3258/3581/7672 3018/3362/7672
f 3475/3364/7673 3104/3583/7673 2970/3365/7673
f 3474/3367/3754 3261/3552/4186 2952/3368/3755
f 3473/3370/3757 3262/3569/4226 3019/3371/3758
f 3472/3373/3760 3144/3579/4285 2962/3374/3761
f 3471/3376/4282 3265/3551/4179 2972/3377/4181
f 3470/3379/7674 3266/3571/7674 3020/3380/7674
f 3368/3382/7675 3069/3382/7675 3363/3383/7675
f 3269/3384/4176 2969/3548/4175 3310/3385/7676
f 3270/3387/3773 3021/3549/4177 3323/3388/3774
f 3138/3390/3776 2956/3686/4670 3291/3391/3777
f 3465/3393/3779 3273/3546/4168 2966/3394/3780
f 3464/3396/3782 3274/3573/7677 3022/3397/3783
f 3463/3399/3785 3135/3576/7678 2953/3400/3786
f 3462/3402/3788 3293/3574/4245 3038/3403/3789
f 3294/3405/3791 3037/3550/4178 3272/3406/3792
f 3460/3408/7679 3295/3508/7679 3036/3409/7679
f 3459/3411/3795 3296/3570/4229 3035/3412/3796
f 3458/3414/3798 3297/3568/4225 3034/3415/3799
f 3298/3417/7680 3033/3492/7680 3208/3418/7680
f 3299/3420/3804 3032/3560/4504 3196/3421/3805
f 3300/3423/3807 3031/3563/4553 3184/3424/3808
f 3301/3426/3810 3030/3575/4571 3180/3427/3811
f 3302/3429/3813 3029/3572/4237 3176/3430/3814
f 3303/3432/7681 3028/3509/7681 3172/3433/7681
f 3451/3435/3819 3304/3555/4191 3027/3436/4284
f 3450/3438/3822 3305/3553/4189 3023/3439/3823
f 3449/3441/7682 3306/3477/7682 3026/3442/7682
f 3307/3444/3826 3025/3494/4669 3151/3445/3827
f 3447/3447/3829 3308/3547/4671 3024/3448/3830
f 3446/3450/3832 3325/3545/7683 3054/3451/3833
f 3445/3453/3835 3326/3544/7684 3039/3454/3836
f 3444/3456/7685 3327/3542/7685 3053/3457/7685
f 3443/3459/7686 3328/3540/7686 3040/3460/7686
f 3442/3462/7687 3124/3463/7687 3066/3463/7687
f 3441/3163/7688 3207/3464/7688 3063/3464/7688
f 3331/3465/7689 3051/3537/7689 3263/3466/7689
f 3332/3468/7690 3046/3580/7690 3316/3469/7690
f 3333/3471/7691 3050/3534/7691 3219/3472/7691
f 3334/3474/7692 3042/3538/7692 3120/3475/7692
f 3436/3477/7693 3282/3409/7693 3074/3409/7693
f 3435/3478/3849 3290/3479/7694 3062/3479/3850
f 3434/3480/7695 3337/3531/7695 3048/3481/7695
f 3433/3483/7696 3338/3528/7696 3044/3484/7696
f 3339/3486/3854 3047/3522/7697 3183/3487/3855
f 3340/3489/3857 3045/3577/7698 3132/3490/3858
f 3430/3432/3860 3394/3492/4062 3083/3492/3861
f 3429/3123/3863 3395/3493/4070 3079/3493/3864
f 3428/3417/3865 3356/3494/4067 3080/3494/3866
f 3358/3495/3868 3078/3495/3955 3382/3496/3869
f 3363/3383/3871 3069/3382/3871 3353/3497/3872
f 3364/3126/3874 3061/3125/3874 3344/3478/3875
f 3424/3500/3877 3365/3513/3878 3068/3501/3878
f 3423/3503/3880 3366/3462/3881 3066/3463/3881
f 3422/3505/7699 3373/3506/7699 3059/3506/7699
f 3374/3493/3886 3067/3493/7700 3354/3123/3887
f 3420/3265/7701 3370/3167/7701 3065/3167/7701
f 3419/3507/3890 3267/3442/4022 3071/3442/3891
f 3418/3508/4015 3376/3509/4014 3072/3509/7702
f 3377/3460/3894 3057/3460/7703 3342/3461/3895
f 3379/3492/7704 3073/3492/7704 3361/3432/7704
f 3378/3172/7705 3058/3172/7705 3351/3510/7705
f 3414/3511/7706 3372/3512/7706 3055/3512/7706
f 3413/3496/7707 3380/3495/7707 3060/3495/7707
f 3412/3513/7708 3367/3501/7708 3068/3501/7708
f 3411/3417/7709 3375/3494/7709 3070/3494/7709
f 3410/3514/3909 3381/3169/3984 3076/3170/3910
f 3382/3496/3912 3078/3495/3912 3387/3515/3913
f 3384/3505/3915 3077/3506/7710 3388/3517/3916
f 3407/3519/3918 3383/3511/3971 3075/3512/3919
f 3406/3169/3966 3397/3170/3965 3076/3170/7711
f 3405/3511/3922 3398/3512/3959 3075/3512/3923
f 3399/3442/3925 3081/3442/3926 3386/3507/3926
f 3400/3409/3928 3084/3409/3942 3393/3477/3929
f 3396/3509/3931 3082/3509/4071 3390/3508/3932
f 3357/3506/4058 3077/3506/4057 3384/3505/7712
f 3401/3505/3936 3384/3505/3935 3079/3493/7713
f 3349/3505/3941 3401/3505/3940 3395/3493/7714
f 3059/3506/7715 3357/3506/7715 3401/3505/7715
f 3402/3508/3933 3390/3508/3932 3084/3409/3942
f 3359/3508/3943 3402/3508/3933 3400/3409/3928
f 3072/3509/3945 3396/3509/3931 3402/3508/3933
f 3403/3477/3930 3393/3477/3929 3081/3442/3946
f 3362/3477/3950 3403/3477/3930 3399/3442/3947
f 3074/3409/3949 3400/3409/3928 3403/3477/3930
f 3404/3507/3927 3386/3507/3926 3076/3170/3926
f 3355/3507/3952 3404/3507/3927 3397/3170/3951
f 3071/3442/3952 3399/3442/3925 3404/3507/3927
f 3358/3495/3957 3405/3511/3922 3383/3511/3924
f 3060/3495/3956 3348/3511/3958 3405/3511/3922
f 3348/3511/3958 3055/3512/7716 3398/3512/3959
f 3398/3512/3963 3406/3169/3962 3381/3169/7717
f 3055/3512/7718 3341/3169/7718 3406/3169/7718
f 3341/3169/7719 3056/3170/7719 3397/3170/7719
f 3390/3508/3967 3407/3519/3918 3389/3520/3920
f 3082/3509/3969 3387/3515/3970 3407/3519/3918
f 3387/3515/3970 3078/3495/3971 3383/3511/3971
f 3408/3518/3917 3388/3517/3916 3083/3492/3972
f 3385/3123/3974 3408/3518/3917 3391/3417/3973
f 3079/3493/3975 3384/3505/3915 3408/3518/3917
f 3409/3516/3914 3387/3515/3913 3082/3509/3976
f 3388/3517/3978 3409/3516/3914 3392/3432/3977
f 3077/3506/3980 3382/3496/3912 3409/3516/3914
f 3393/3477/3981 3410/3514/3909 3386/3507/3911
f 3084/3409/3982 3389/3520/3983 3410/3514/3909
f 3389/3520/3983 3075/3512/7720 3381/3169/3984
f 3411/3417/3906 3360/3417/3908 3073/3492/7721
f 3298/3417/7722 3411/3417/7722 3379/3492/7722
f 3025/3494/7723 3375/3494/7723 3411/3417/7723
f 3377/3460/7724 3412/3513/7724 3365/3513/7724
f 3040/3460/7725 3335/3513/7725 3412/3513/7725
f 3335/3513/7726 3049/3501/7726 3367/3501/7726
f 3413/3496/3902 3343/3496/3904 3059/3506/7727
f 2971/3506/7728 3105/3496/7728 3413/3496/7728
f 3105/3496/7729 2941/3495/7729 3380/3495/7729
f 3414/3511/3899 3348/3511/3901 3060/3495/7730
f 3141/3511/7731 3414/3511/7731 3380/3495/7731
f 2959/3512/7732 3372/3512/7732 3414/3511/7732
f 3415/3510/7733 3351/3510/7733 3064/3249/7733
f 3170/3510/7734 3415/3510/7734 3369/3249/7734
f 2939/3172/7735 3378/3172/7735 3415/3510/7735
f 3416/3432/7736 3361/3432/7736 3072/3509/7736
f 3303/3432/7737 3416/3432/4000 3376/3509/4002
f 3033/3492/7738 3379/3492/7738 3416/3432/7738
f 3417/3461/3896 3342/3461/3895 3058/3172/4005
f 3103/3461/4007 3417/3461/4007 3378/3172/4008
f 3103/3461/7739 3040/3460/7739 3377/3460/7739
f 3282/3409/7740 3418/3508/7740 3359/3508/7740
f 3036/3409/7741 3295/3508/7741 3418/3508/7741
f 3295/3508/7742 3028/3509/7742 3376/3509/7742
f 3371/3170/4016 3419/3507/4020 3355/3507/4017
f 2930/3170/4019 3280/3507/7743 3419/3507/4020
f 3280/3507/4021 3026/3442/7744 3267/3442/4022
f 3207/3464/7745 3420/3265/7745 3350/3265/7745
f 2987/3464/7746 3169/3265/7746 3420/3265/7746
f 3169/3265/7747 2948/3167/7747 3370/3167/7747
f 3421/3123/3888 3354/3123/3887 3070/3494/7748
f 3279/3123/4029 3421/3123/4026 3375/3494/4028
f 2932/3493/4031 3374/3493/7749 3421/3123/4026
f 3422/3505/3883 3349/3505/3885 3067/3493/7750
f 2932/3493/7751 3153/3505/7751 3422/3505/7751
f 3153/3505/7752 2971/3506/7752 3373/3506/7752
f 3346/3250/4035 3423/3503/3880 3347/3504/3882
f 3064/3249/4036 3352/3502/4038 3423/3503/4037
f 3352/3502/4038 3068/3501/4039 3366/3462/4039
f 3351/3510/4040 3424/3500/3877 3352/3502/3879
f 3058/3172/4041 3342/3461/4044 3424/3500/4042
f 3342/3461/4044 3057/3460/4045 3365/3513/4045
f 3425/3499/3876 3344/3478/3875 3062/3479/4046
f 3353/3497/4047 3425/3499/4050 3345/3163/4048
f 3069/3382/4049 3364/3126/4049 3425/3499/4050
f 3426/3498/3873 3353/3497/3872 3063/3464/4051
f 3347/3504/4053 3426/3498/4056 3350/3265/4054
f 3066/3463/4055 3363/3383/4055 3426/3498/4056
f 3427/3496/3870 3382/3496/3869 3077/3506/4057
f 3343/3496/4059 3427/3496/3870 3357/3506/4058
f 3060/3495/4061 3358/3495/3868 3427/3496/3870
f 3394/3492/4065 3428/3417/3865 3391/3417/3867
f 3073/3492/7753 3360/3417/4066 3428/3417/3865
f 3360/3417/7754 3070/3494/7754 3356/3494/7754
f 3356/3494/4068 3429/3123/3863 3385/3123/3864
f 3070/3494/4069 3354/3123/4069 3429/3123/3863
f 3354/3123/4069 3067/3493/7755 3395/3493/4070
f 3396/3509/3931 3430/3432/3860 3392/3432/3862
f 3072/3509/4072 3361/3432/4073 3430/3432/3860
f 3361/3432/7756 3073/3492/4064 3394/3492/4065
f 3130/3521/4074 3431/3491/7757 3132/3490/4075
f 2996/3205/4076 3183/3487/7758 3431/3491/4077
f 3047/3522/4079 3340/3489/7759 3431/3491/4080
f 3178/3523/4082 3432/3488/7760 3183/3487/4083
f 2934/3524/4084 3316/3526/7761 3432/3488/4085
f 3046/3525/4087 3339/3486/7762 3432/3488/4088
f 3126/3527/4090 3433/3483/4093 3128/3485/4091
f 2992/3232/4092 3195/3482/7763 3433/3483/4093
f 3195/3482/7764 3048/3481/7764 3338/3528/7764
f 3174/3529/4095 3434/3480/4099 3195/3482/4096
f 2936/3530/4098 3100/3455/7765 3434/3480/4099
f 3100/3455/7766 3039/3454/7766 3337/3531/7766
f 3287/3125/4101 3435/3478/3849 3344/3478/3851
f 3106/3478/4104 3435/3478/4104 3287/3125/7767
f 3106/3478/4104 2942/3479/7768 3290/3479/4105
f 3436/3477/3846 3362/3477/3848 3071/3442/7769
f 3026/3442/7770 3306/3477/7770 3436/3477/7770
f 3306/3477/7771 3036/3409/7771 3282/3409/7771
f 3437/3476/4109 3120/3475/7772 2947/3532/4110
f 3219/3472/7773 3437/3476/4109 3118/3157/4111
f 3050/3534/7774 3334/3474/7774 3437/3476/7774
f 3438/3473/4116 3219/3472/7775 2984/3533/4117
f 3106/3478/4119 3438/3473/7776 3166/3283/4120
f 3041/3125/7777 3333/3471/7777 3438/3473/7777
f 3439/3470/4123 3316/3469/7778 2934/3535/4124
f 3263/3466/4125 3439/3470/4123 3117/3154/3591
f 3051/3537/7779 3332/3468/7779 3439/3470/7779
f 3440/3467/4128 3263/3466/7780 2983/3536/4129
f 3120/3475/4130 3440/3467/4128 3165/3292/3718
f 3042/3538/7781 3331/3465/7781 3440/3467/7781
f 3290/3479/7782 3441/3163/7782 3345/3163/7782
f 2942/3479/7783 3121/3163/7783 3441/3163/7783
f 3121/3163/7784 2987/3464/7784 3207/3464/7784
f 3367/3501/7785 3442/3462/7785 3366/3462/7785
f 3049/3501/7786 3336/3462/7786 3442/3462/7786
f 3336/3462/4138 3043/3463/7787 3124/3463/4139
f 3125/3539/4141 3443/3459/7788 3103/3461/4142
f 2991/3241/3677 3271/3458/4148 3443/3459/4144
f 3271/3458/7789 3053/3457/7789 3328/3540/7789
f 3173/3541/4147 3444/3456/4150 3271/3458/4148
f 2949/3175/4149 3128/3485/7790 3444/3456/4150
f 3128/3485/7791 3044/3484/7791 3327/3542/7791
f 3445/3453/4152 3100/3455/7792 2936/3530/4153
f 3275/3452/4154 3445/3453/7793 3129/3180/4155
f 3275/3452/4157 3054/3451/7794 3326/3544/4158
f 3446/3450/4160 3275/3452/7795 2995/3543/4161
f 3132/3490/4162 3446/3450/7796 3177/3213/4163
f 3132/3490/4165 3045/3577/7797 3325/3545/4166
f 3273/3546/4168 3447/3447/3829 3148/3449/3831
f 3022/3397/7798 3276/3404/4172 3447/3447/4174
f 3276/3404/4172 3038/3403/4672 3308/3547/4173
f 3448/3446/3828 3151/3445/3827 2969/3548/4175
f 3272/3406/3792 3448/3446/3828 3269/3384/4176
f 3037/3550/4178 3307/3444/3826 3448/3446/3828
f 3265/3551/7799 3449/3441/7799 3154/3443/7799
f 3020/3380/7800 3268/3410/4183 3449/3441/4185
f 3268/3410/7801 3036/3409/7801 3306/3477/7801
f 3261/3552/4186 3450/3438/3822 3277/3440/3824
f 3019/3371/4187 3264/3413/4188 3450/3438/3822
f 3264/3413/4188 3035/3412/4664 3305/3553/4189
f 3217/3554/4190 3451/3435/3819 3168/3437/3821
f 3008/3272/3698 3220/3416/3800 3451/3435/3819
f 3220/3416/3800 3034/3415/3799 3304/3555/4191
f 3452/3434/3818 3172/3433/3817 2990/3556/7802
f 3208/3418/7803 3452/3434/7803 3205/3243/7803
f 3033/3492/7804 3303/3432/7804 3452/3434/7804
f 3453/3431/3815 3176/3430/3814 2994/3558/4195
f 3196/3421/4196 3453/3431/3815 3193/3216/3652
f 3032/3560/4198 3302/3429/3813 3453/3431/3815
f 3454/3428/3812 3180/3427/3811 2998/3561/4199
f 3184/3424/4201 3454/3428/4205 3181/3189/4202
f 3031/3563/4204 3301/3426/4573 3454/3428/4205
f 3455/3425/3809 3184/3424/3808 2999/3562/4206
f 3277/3564/4208 3455/3425/4212 3182/3192/4209
f 3023/3566/4211 3300/3423/4555 3455/3425/4212
f 3456/3422/3806 3196/3421/3805 3002/3559/4213
f 3148/3449/4214 3456/3422/3806 3194/3219/3655
f 3024/3448/4216 3299/3420/3804 3456/3422/3806
f 3457/3419/3803 3208/3418/3802 3005/3557/7805
f 3151/3445/7806 3457/3419/7806 3206/3246/7806
f 3025/3494/7807 3298/3417/7807 3457/3419/7807
f 3218/3567/4222 3458/3414/3798 3220/3416/3800
f 2972/3377/4223 3154/3443/4224 3458/3414/3798
f 3154/3443/4224 3026/3442/4425 3297/3568/4225
f 3262/3569/4226 3459/3411/3795 3264/3413/3797
f 2986/3269/4227 3168/3437/4228 3459/3411/3795
f 3168/3437/7808 3027/3436/4284 3296/3570/4229
f 3266/3571/7809 3460/3408/7809 3268/3410/7809
f 2990/3556/7810 3172/3433/4232 3460/3408/4234
f 3172/3433/7811 3028/3509/7811 3295/3508/7811
f 3461/3407/3793 3272/3406/3792 3021/3549/4177
f 3176/3430/4235 3461/3407/3793 3270/3387/3773
f 3029/3572/4237 3294/3405/3791 3461/3407/3793
f 3274/3573/4238 3462/3402/3788 3276/3404/3790
f 2998/3561/4240 3180/3427/4243 3462/3402/4241
f 3180/3427/4243 3030/3575/4246 3293/3574/4244
f 3293/3574/4245 3463/3399/3785 3292/3401/3787
f 3030/3575/4246 3284/3187/4248 3463/3399/4247
f 3284/3187/4248 2935/4287/7812 3135/3576/4249
f 3325/3545/4250 3464/3396/3782 3324/3398/3784
f 3045/3577/4252 3315/3190/4255 3464/3396/4253
f 3315/3190/4255 2998/3561/7813 3274/3573/4256
f 3326/3544/4257 3465/3393/3779 3309/3395/3781
f 3054/3451/4259 3324/3398/4262 3465/3393/4260
f 3324/3398/4262 3022/3397/4169 3273/3546/4171
f 3466/3392/3778 3291/3391/3777 3037/3550/4178
f 3283/3178/3614 3466/3392/3778 3294/3405/3791
f 2938/3578/4263 3138/3390/3776 3466/3392/3778
f 3467/3389/3775 3323/3388/3774 3053/3457/4264
f 3314/3217/4266 3467/3389/3775 3327/3542/4265
f 2994/3558/4236 3270/3387/3773 3467/3389/3775
f 3468/3386/3772 3310/3385/3771 3040/3460/4268
f 3323/3388/3774 3468/3386/3772 3328/3540/4269
f 3021/3549/4177 3269/3384/3770 3468/3386/3772
f 3469/3383/7814 3363/3383/7814 3066/3463/7814
f 3329/3383/4271 3469/3383/7815 3124/3463/4272
f 3052/3382/7816 3368/3382/7816 3469/3383/7816
f 3329/3383/7817 3470/3379/3766 3322/3381/3768
f 3043/3463/7818 3313/3244/7818 3470/3379/7818
f 3313/3244/7819 2990/3556/7819 3266/3571/7819
f 3330/3126/4278 3471/3376/3763 3311/3378/3765
f 3052/3382/7820 3322/3381/4281 3471/3376/4282
f 3322/3381/7821 3020/3380/7821 3265/3551/7821
f 3296/3570/4229 3472/3373/3760 3289/3375/4283
f 3027/3436/4284 3281/3162/3599 3472/3373/3760
f 3281/3162/3599 2944/3161/3598 3144/3579/4285
f 3331/3465/4286 3473/3370/3757 3321/3372/3759
f 3042/3538/4288 3312/3270/3696 3473/3370/3757
f 3312/3270/7822 2986/3269/4227 3262/3569/4226
f 3332/3468/4289 3474/3367/3754 3134/3369/3756
f 3051/3537/4291 3321/3372/4292 3474/3367/3754
f 3321/3372/4292 3019/3371/4187 3261/3552/4186
f 3258/3581/7823 3475/3364/7823 3260/3366/7823
f 2982/3582/7824 3164/3152/7824 3475/3364/7824
f 3164/3152/7825 2940/3645/7825 3104/3583/7825
f 3161/3584/7826 3476/3361/7826 3259/3363/7826
f 2946/3585/7827 3116/3296/7827 3476/3361/7827
f 3116/3296/7828 2982/3582/7828 3258/3581/7828
f 3113/3586/7829 3477/3358/7829 3143/3360/7829
f 2979/3320/7830 3259/3363/7830 3477/3358/7830
f 3259/3363/7831 3018/3362/7831 3257/3587/7831
f 3254/3352/7832 3478/3355/7832 3256/3357/7832
f 2978/3323/7833 3160/3143/7833 3478/3355/7833
f 3160/3143/7834 2935/4286/7834 3099/3589/7834
f 3479/3354/7835 3255/3353/7835 2975/3590/7835
f 3112/3324/4313 3479/3354/4312 3157/3346/7836
f 2978/3323/7837 3254/3352/7837 3479/3354/7837
f 3109/3591/7838 3480/3349/7838 3144/3351/7838
f 3255/3353/4316 3480/3349/4316 3109/3591/7839
f 3255/3353/7840 3017/3588/7840 3253/3592/7840
f 3481/3348/7841 3252/3347/7841 3016/3593/7841
f 3159/3141/7842 3481/3348/7842 3250/3343/7842
f 2945/3140/7843 3157/3346/7843 3481/3348/7843
f 3482/3345/7844 3251/3344/7844 2959/3512/7844
f 3111/3333/7845 3482/3345/7845 3141/3511/7845
f 2977/3332/7846 3250/3343/7846 3482/3345/7846
f 3483/3342/7847 3156/3341/7847 2930/3170/7847
f 3251/3344/7848 3483/3342/7848 3093/3169/7848
f 3016/3593/7849 3249/3340/7849 3483/3342/7849
f 3246/3594/7850 3484/3337/7850 3248/3339/7850
f 2956/3595/7851 3138/3597/7851 3484/3337/7851
f 2938/3596/7852 3158/3604/7852 3484/3337/7852
f 3153/3505/7853 3485/3334/7853 3247/3336/7853
f 2932/3493/7854 3090/3598/7854 3485/3334/7854
f 3090/3598/7855 2956/3595/7855 3246/3594/7855
f 3105/3496/7856 3486/3331/7856 3111/3333/7856
f 2971/3506/7857 3247/3336/7857 3486/3331/7857
f 3247/3336/7858 3015/3335/4649 3245/3599/4651
f 3487/3328/3739 3244/3330/3741 3014/3600/7859
f 3150/3601/4340 3487/3328/4342 3242/3325/7860
f 3150/3601/7861 2928/4288/7861 3087/3603/7861
f 3158/3604/7862 3488/3327/3738 3243/3326/3738
f 3102/3605/7863 3488/3327/7863 3158/3604/7863
f 2968/3602/7864 3242/3325/7864 3488/3327/7864
f 3110/3606/7865 3489/3322/3734 3112/3324/3736
f 2976/3338/7866 3243/3326/7866 3489/3322/7866
f 3243/3326/7867 3014/3600/7867 3241/3607/7867
f 3238/3608/7868 3490/3319/7868 3240/3321/7868
f 2981/3609/7869 3163/3149/7869 3490/3319/7869
f 3163/3149/7870 2946/3585/4299 3161/3584/4301
f 3133/3610/7871 3491/3316/3730 3239/3318/3732
f 2933/3612/7872 3115/3305/4354 3491/3316/4356
f 3115/3305/7873 2981/3609/7873 3238/3608/7873
f 3085/3613/7874 3492/3313/7874 3155/3315/7874
f 2951/3611/7875 3239/3318/7875 3492/3313/7875
f 3239/3318/7876 3013/3317/4641 3237/3615/4643
f 3493/3312/7877 3236/3311/7877 3012/3616/7877
f 3137/3617/7878 3493/3312/7878 3234/3307/7878
f 2937/3619/7879 3162/3310/7879 3493/3312/7879
f 3494/3309/7880 3235/3308/7880 2963/3620/7880
f 3089/3622/7881 3494/3309/7881 3145/3621/7881
f 2955/3618/4365 3234/3307/4364 3494/3309/7882
f 3495/3306/3726 3115/3305/3725 2933/3612/7883
f 3235/3308/4374 3495/3306/4373 3097/3624/7884
f 3012/3616/7885 3233/3304/7885 3495/3306/7885
f 3496/3303/7886 3232/3302/7886 3011/3625/7886
f 3149/3626/7887 3496/3303/7887 3230/3298/7887
f 2931/3628/7888 3092/3301/7888 3496/3303/7888
f 3497/3300/7889 3231/3299/7889 2980/3629/7889
f 3101/3630/7890 3497/3300/7890 3162/3310/7890
f 2967/3627/7891 3230/3298/7891 3497/3300/7891
f 3498/3297/7892 3116/3296/7892 2946/3585/7892
f 3231/3299/7893 3498/3297/7893 3114/3148/7893
f 3011/3625/7894 3229/3295/7894 3498/3297/7894
f 3499/3294/3720 3228/3293/3719 3010/3631/7895
f 3167/3158/4394 3499/3294/3720 3226/3289/7896
f 2947/3532/4131 3165/3292/3718 3499/3294/3720
f 3500/3291/3717 3227/3290/3716 2973/3633/7897
f 3119/3278/4399 3500/3291/4398 3107/3634/7898
f 2985/3632/4393 3226/3289/4392 3500/3291/7899
f 3501/3288/3714 3146/3287/3713 2925/3636/4400
f 3227/3290/4402 3501/3288/4406 3155/3637/4403
f 3010/3631/4405 3225/3286/4630 3501/3288/4406
f 3502/3285/3711 3224/3284/3710 3009/3638/4625
f 3142/3164/4413 3502/3285/4407 3222/3280/4409
f 2942/3479/4121 3166/3283/4120 3502/3285/7900
f 3503/3282/3708 3223/3281/3707 2961/3640/4422
f 3094/3260/4419 3503/3282/4414 3095/3641/4416
f 2960/3639/4411 3222/3280/3706 3503/3282/3708
f 3504/3279/3705 3119/3278/3704 2943/3635/7901
f 3223/3281/4424 3504/3279/4423 3143/3642/7902
f 3009/3638/4625 3221/3277/4624 3504/3279/7903
f 3297/3568/4225 3505/3274/3700 3288/3276/3702
f 3026/3442/4425 3280/3507/4426 3505/3274/3700
f 3280/3507/4426 2930/3170/7904 3156/3643/4427
f 3333/3471/4428 3506/3271/3697 3320/3273/3699
f 3041/3125/4430 3311/3378/4431 3506/3271/3697
f 3311/3378/4431 2972/3377/4223 3218/3567/4222
f 3334/3474/4432 3507/3268/3694 3312/3270/3696
f 3050/3534/4429 3320/3273/3699 3507/3268/3694
f 3320/3273/3699 3008/3272/3698 3217/3554/4190
f 3508/3267/3693 3216/3266/3692 3007/3644/7905
f 3171/3168/7906 3508/3267/7906 3214/3262/7906
f 2948/3167/7907 3169/3265/7907 3508/3267/7907
f 3509/3264/7908 3215/3263/7908 2970/3365/7908
f 3123/3253/7909 3509/3264/7909 3104/3583/7909
f 2989/3252/7910 3214/3262/7910 3509/3264/7910
f 3510/3261/7911 3094/3260/7911 2929/3131/7911
f 3215/3263/7912 3510/3261/7912 3152/3646/7912
f 3007/3644/7913 3213/3259/7913 3510/3261/7913
f 3210/3647/7914 3511/3257/3686 3212/3258/3688
f 2957/3235/7915 3139/3173/4448 3511/3257/4450
f 3139/3173/7916 2939/3172/7916 3170/3510/7916
f 3092/3301/7917 3512/3254/7917 3211/3256/7917
f 2931/3628/7918 3091/3236/7918 3512/3254/7918
f 3091/3236/7919 2957/3235/4445 3210/3647/4447
f 3140/3151/7920 3513/3251/7920 3123/3253/7920
f 2958/3648/7921 3211/3256/7921 3513/3251/7921
f 3211/3256/7922 3006/3255/4607 3209/3649/4609
f 3514/3250/7923 3346/3250/7923 3065/3167/7923
f 3122/3250/7924 3514/3250/7924 3370/3167/7924
f 2988/3249/7925 3369/3249/7925 3514/3250/7925
f 3515/3248/3682 3319/3247/3681 3049/3501/4460
f 3310/3385/4462 3515/3248/3682 3335/3513/4461
f 2969/3548/4220 3206/3246/4219 3515/3248/7926
f 3516/3245/7927 3313/3244/7927 3043/3463/7927
f 3319/3247/4469 3516/3245/4468 3336/3462/7928
f 3005/3557/7929 3205/3243/7929 3516/3245/7929
f 3202/3650/4474 3517/3240/3676 3204/3242/3678
f 2993/3226/7930 3175/3176/4475 3517/3240/4476
f 3175/3176/7931 2949/3175/4149 3173/3541/4147
f 3101/3651/7932 3518/3237/3673 3203/3239/3675
f 2937/3653/7933 3127/3227/4481 3518/3237/4483
f 3127/3227/7934 2993/3226/4473 3202/3650/4474
f 3149/3654/4486 3519/3234/3670 3091/3236/3672
f 2967/3652/4479 3203/3239/4478 3519/3234/4488
f 3203/3239/3675 3004/3238/3674 3201/3655/4600
f 3198/3656/4489 3520/3231/3667 3200/3233/3669
f 2954/3657/7935 3136/3181/4492 3520/3231/4493
f 3136/3181/4492 2936/3530/4098 3174/3529/4095
f 3089/3658/4494 3521/3228/3664 3199/3230/3666
f 2927/3660/4496 3088/3208/4497 3521/3228/3664
f 3088/3208/7936 2954/3657/4491 3198/3656/4489
f 3137/3661/7937 3522/3225/3661 3127/3227/3663
f 2955/3659/7938 3199/3230/4501 3522/3225/4503
f 3199/3230/7939 3003/3229/4594 3197/3662/4596
f 3523/3224/3660 3286/3223/3659 3032/3560/4504
f 3278/3121/4505 3523/3224/3660 3299/3420/3804
f 2928/3120/4506 3150/3222/3658 3523/3224/3660
f 3524/3221/3657 3318/3220/3656 3048/3481/4507
f 3309/3395/4509 3524/3221/3657 3337/3531/4508
f 2966/3394/4215 3194/3219/3655 3524/3221/3657
f 3525/3218/3654 3314/3217/3653 3044/3484/4511
f 3318/3220/4513 3525/3218/3654 3338/3528/4512
f 3002/3559/4197 3193/3216/3652 3525/3218/3654
f 3526/3215/3651 3192/3214/3650 3001/3663/4515
f 3179/3185/4517 3526/3215/4520 3190/3210/4518
f 2950/3184/4164 3177/3213/4163 3526/3215/4520
f 3527/3212/3648 3191/3211/3647 2963/3664/4521
f 3131/3200/4523 3527/3212/4527 3097/3665/4524
f 2997/3199/4526 3190/3210/7940 3527/3212/4527
f 3528/3209/3645 3088/3208/3644 2927/3660/7941
f 3191/3211/4532 3528/3209/4531 3145/3667/7942
f 3001/3663/7943 3189/3207/7943 3528/3209/7943
f 3186/3668/7944 3529/3204/3640 3188/3206/3642
f 2964/3669/7945 3098/3670/4539 3529/3204/4540
f 3098/3670/4539 2934/3524/4084 3178/3523/4086
f 3085/3671/7946 3530/3201/3637 3187/3203/3639
f 2925/3673/7947 3146/3674/4543 3530/3201/4545
f 3146/3674/7948 2964/3669/4536 3186/3668/4538
f 3133/3675/4546 3531/3198/3634 3131/3200/3636
f 2951/3672/4548 3187/3203/4551 3531/3198/4549
f 3187/3203/7949 3000/3202/4578 3185/3676/4580
f 3532/3197/3633 3285/3196/3632 3031/3563/4553
f 3086/3677/4554 3532/3197/4557 3300/3423/4555
f 2926/3678/4556 3147/3195/7950 3532/3197/4557
f 3533/3194/3630 3317/3193/3629 3047/3522/4558
f 3134/3679/4560 3533/3194/4563 3339/3486/4561
f 2952/3565/4210 3182/3192/4209 3533/3194/4563
f 3534/3191/3627 3315/3190/3626 3045/3577/4564
f 3317/3193/4566 3534/3191/4570 3340/3489/4567
f 2999/3562/4569 3181/3189/7951 3534/3191/4570
f 3535/3188/3624 3284/3187/3623 3030/3575/4571
f 3285/3196/4572 3535/3188/4575 3301/3426/4573
f 2965/3680/4574 3099/3186/7952 3535/3188/4575
f 3185/3676/4576 3536/3183/3619 3179/3185/3621
f 3000/3202/7953 3188/3206/4581 3536/3183/4582
f 3188/3206/4581 2996/3205/4076 3130/3521/4078
f 3537/3182/3618 3136/3181/3617 2954/3657/4583
f 3192/3214/4585 3537/3182/4588 3189/3207/4586
f 2995/3543/4156 3129/3180/4155 3537/3182/4588
f 3538/3179/3615 3283/3178/3614 3029/3572/4237
f 3286/3223/4589 3538/3179/3615 3302/3429/3813
f 2968/3681/4590 3102/3177/3613 3538/3179/3615
f 3197/3662/7954 3539/3174/3610 3175/3176/3612
f 3003/3229/7955 3200/3233/4597 3539/3174/3610
f 3200/3233/4597 2992/3232/4092 3126/3527/4090
f 3201/3655/4600 3540/3171/3607 3139/3173/3609
f 3004/3238/4472 3204/3242/4471 3540/3171/4602
f 3204/3242/3678 2991/3241/3677 3125/3539/4145
f 3541/3169/3604 3341/3169/3606 3055/3512/7956
f 3093/3169/7957 3541/3169/7957 3372/3512/7957
f 2930/3170/7958 3371/3170/7958 3541/3169/7958
f 3209/3649/7959 3542/3166/7959 3171/3168/7959
f 3006/3255/7960 3212/3258/4610 3542/3166/4612
f 3212/3258/7961 2988/3249/7961 3122/3250/7961
f 3543/3165/3602 3142/3164/3601 2960/3639/7962
f 3216/3266/4619 3543/3165/4618 3213/3259/7963
f 2987/3464/7964 3121/3163/7964 3543/3165/7964
f 3304/3555/4191 3544/3160/3597 3281/3162/3599
f 3034/3415/3799 3288/3276/3702 3544/3160/3597
f 3288/3276/3702 2974/3275/3701 3108/3682/4620
f 3545/3159/3596 3167/3158/3595 2985/3632/7965
f 3224/3284/4627 3545/3159/4621 3221/3277/4623
f 2984/3533/4114 3118/3157/4113 3545/3159/7966
f 3546/3156/3593 3098/3155/3592 2964/3683/4628
f 3228/3293/4629 3546/3156/4631 3225/3286/4630
f 2983/3536/4126 3117/3154/3591 3546/3156/4631
f 3547/3153/7967 3164/3152/7967 2982/3582/7967
f 3232/3302/7968 3547/3153/7968 3229/3295/7968
f 2958/3648/7969 3140/3151/7969 3547/3153/7969
f 3548/3150/7970 3163/3149/7970 2981/3609/7970
f 3236/3311/7971 3548/3150/7971 3233/3304/7971
f 2980/3629/4386 3114/3148/4385 3548/3150/7972
f 3237/3615/7973 3549/3145/7973 3107/3147/7973
f 3013/3317/7974 3240/3321/7974 3549/3145/7974
f 3240/3321/7975 2979/3320/7975 3113/3586/7975
f 3550/3144/7976 3160/3143/7976 2978/3323/7976
f 3244/3330/7977 3550/3144/7977 3241/3607/7977
f 2953/3329/7978 3135/3142/7978 3550/3144/7978
f 3245/3599/7979 3551/3139/7979 3159/3141/7979
f 3015/3335/7980 3248/3339/7980 3551/3139/7980
f 3248/3339/7981 2976/3338/7981 3110/3606/7981
f 3552/3136/7982 3108/3138/7982 2974/3684/7982
f 3252/3347/7983 3552/3136/7983 3249/3340/7983
f 2975/3590/7984 3109/3591/7984 3552/3136/7984
f 3253/3592/7985 3553/3135/3584 3096/3134/3583
f 3017/3588/7986 3256/3357/4660 3553/3135/4659
f 2965/3356/7987 3147/3133/7987 3553/3135/7987
f 3257/3587/7988 3554/3130/7988 3095/3132/7988
f 3018/3362/7989 3260/3366/7989 3554/3130/7989
f 3260/3366/7990 2970/3365/7990 3152/3646/7990
f 3305/3553/4189 3555/3127/3578 3086/3129/3580
f 3035/3412/4664 3289/3375/7991 3555/3127/3578
f 3289/3375/3762 2962/3374/3761 3096/3685/4665
f 3556/3126/7992 3364/3126/7992 3069/3382/7992
f 3330/3126/7993 3556/3126/7993 3368/3382/7993
f 3041/3125/7994 3287/3125/7994 3556/3126/7994
f 3557/3124/3576 3279/3123/3575 3025/3494/4669
f 3291/3391/3777 3557/3124/3576 3307/3444/3826
f 2956/3686/4670 3090/3122/3574 3557/3124/3576
f 3308/3547/4671 3558/3119/3571 3278/3121/3573
f 3038/3403/4672 3292/3401/4674 3558/3119/4673
f 3292/3401/4674 2953/3400/7995 3087/3687/4675
f 4192/3688/4676 3721/4256/7996 3562/3689/4677
f 3724/3691/4679 3566/4062/7997 3913/3692/4680
f 3921/3694/7998 3695/3694/7998 3998/3695/7998
f 4189/3696/4683 3730/4254/5776 3560/3697/4684
f 4188/3699/7999 3786/4215/7999 3563/3700/7999
f 3781/3702/8000 3560/4289/8000 3730/3703/8000
f 4186/3705/8001 3743/4160/8001 3578/3706/8001
f 4185/3708/8002 3744/4175/8002 3579/3709/8002
f 3769/3711/8003 3569/4290/8003 3794/3712/8003
f 4183/3714/8004 3747/4155/8004 3577/3715/8004
f 3748/3717/5494 3580/4154/5493 3797/3718/8005
f 3774/3720/8006 3574/4214/8006 3798/3721/8006
f 3751/3723/4696 3568/4104/5235 3732/3724/4697
f 3752/3726/5222 3581/4101/5221 3801/3727/8007
f 4178/3729/4702 3742/4251/5731 3578/3730/4703
f 3755/3732/8008 3576/4048/8008 3776/3733/8008
f 4176/3735/8009 3756/3819/8009 3582/3736/8009
f 4175/3738/8010 4005/3739/8010 3690/3739/8010
f 4174/3740/5713 3759/4108/5712 3573/3741/8011
f 4173/3743/4715 3760/4096/5200 3583/3744/4716
f 3736/3746/4718 3572/4147/5374 3917/3747/4719
f 3763/3749/4721 3570/4099/5264 3770/3750/4722
f 4170/3752/4724 3764/4090/5184 3584/3753/4725
f 3733/3755/4727 3569/4291/8012 3918/3756/4728
f 3815/3758/4730 3632/4130/8013 3949/3759/4731
f 3816/3761/4733 3633/4131/8014 3951/3762/4734
f 3781/3764/4736 3599/4249/8015 3919/3765/4737
f 4165/3767/4739 3819/4245/8016 3631/3768/4740
f 4164/3770/8017 3820/4237/5644 3634/3771/5646
f 4163/3773/4745 3812/4092/5192 3630/3774/4746
f 3823/3776/8018 3588/4226/8018 3722/3777/8018
f 3824/3779/4751 3635/4232/8019 3825/3780/4752
f 3811/3782/4754 3629/4112/5272 3826/3783/4755
f 3827/3785/4757 3628/4127/5306 3948/3786/4758
f 3828/3788/4760 3636/4128/5324 3952/3789/4761
f 3784/3791/4763 3602/4250/8020 3920/3792/4764
f 4156/3794/8021 3831/4231/5702 3627/3795/5704
f 4155/3797/8022 3832/4225/5600 3637/3798/5601
f 4154/3800/5604 3808/4098/5205 3626/3801/5207
f 4153/3803/5599 3835/4224/5598 3591/3804/5710
f 4152/3806/8023 3836/4219/5581 3638/3807/5583
f 4151/3809/5587 3807/4110/5258 3625/3810/4782
f 3839/3812/8024 3624/4125/8024 3947/3813/8024
f 3840/3815/8025 3639/4126/8025 3953/3816/8025
f 4003/3818/8026 3698/3818/8026 3980/3819/8026
f 4147/3820/8027 3843/4218/8027 3623/3821/8027
f 4146/3823/8028 3844/4216/8028 3640/3824/8028
f 4145/3826/8029 3804/4079/8029 3622/3818/8029
f 3847/3828/5726 3594/4208/5725 3728/3829/8030
f 3848/3831/5546 3641/4213/5545 3849/3832/8031
f 3803/3834/8032 3621/4033/8032 3850/3835/8032
f 4141/3837/4799 3851/4123/5301 3620/3838/4800
f 4140/3840/4802 3852/4136/5333 3642/3841/4803
f 4139/3843/4805 3790/4212/5538 3608/3844/4806
f 3855/3846/5734 3619/4201/5733 3753/3847/8033
f 3856/3849/5520 3643/4207/5519 3857/3850/5535
f 3800/3852/5229 3618/4102/5228 3858/3853/8034
f 3859/3855/4817 3598/4252/5739 3780/3856/4818
f 3860/3858/5501 3644/4200/5500 3861/3859/8035
f 3799/3861/4823 3617/4105/5240 3862/3862/4824
f 3863/3864/8036 3616/4151/8036 3750/3865/8036
f 3864/3867/8037 3645/4194/8037 3865/3868/8037
f 3726/3870/8038 3592/4217/8038 3866/3871/8038
f 3867/3873/8039 3615/4178/8039 3749/3874/8039
f 3868/3876/5473 3646/4185/5472 3869/3877/8040
f 3796/3879/8041 3614/4198/8041 3870/3880/8041
f 4126/3882/8042 3871/4184/5749 3607/3883/5751
f 4125/3885/8043 3872/4177/8043 3647/3886/8043
f 4124/3888/8044 3795/4153/5407 3613/3889/5409
f 4123/3891/8045 3875/4176/8045 3612/3892/8045
f 3876/3894/8046 3648/4169/8046 3877/3895/8046
f 4121/3897/8047 3721/4172/8047 3587/3898/8047
f 4120/3900/8048 3879/4168/8048 3611/3901/8048
f 4119/3903/8049 3880/4163/8049 3649/3904/8049
f 4118/3906/8050 3792/4173/8050 3610/3907/8050
f 3883/3909/8051 3608/4253/8051 3790/3910/8051
f 3884/3912/5431 3650/4162/5430 3885/3913/8052
f 3791/3915/8053 3609/4159/8053 3886/3916/8053
f 4114/3918/8054 3887/4161/8054 3596/3919/8054
f 3888/3921/8055 3651/4157/8055 3889/3922/8055
f 4112/3924/8056 3733/4158/8056 3599/3925/8056
f 4111/3927/8057 3891/4156/8057 3595/3928/8057
f 4110/3930/8058 3892/4150/8058 3652/3931/8058
f 4109/3933/8059 3738/4152/8059 3604/3934/8059
f 4108/3936/4859 3895/4121/5297 3586/3937/4860
f 4107/3939/4862 3896/4138/5337 3653/3940/4863
f 4106/3942/4865 3778/4148/5396 3596/3943/4866
f 4105/3945/5393 3899/4120/5290 3606/3946/5292
f 4104/3948/8060 3900/4140/8060 3654/3949/8060
f 4002/3951/8061 3703/3951/8061 3997/3952/8061
f 3903/3953/5287 3603/4117/5286 3944/3954/8062
f 3904/3956/4878 3655/4118/5288 3957/3957/4879
f 3772/3959/4881 3590/4255/5781 3925/3960/4882
f 4099/3962/4884 3907/4115/5279 3600/3963/4885
f 4098/3965/4887 3908/4142/8063 3656/3966/4888
f 4097/3968/4890 3769/4145/8064 3587/3969/4891
f 4096/3971/4893 3927/4143/5356 3672/3972/4894
f 3928/3974/4896 3671/4119/5289 3906/3975/4897
f 4094/3977/8065 3929/4077/8065 3670/3978/8065
f 4093/3980/4900 3930/4139/5340 3669/3981/4901
f 4092/3983/4903 3931/4137/5336 3668/3984/4904
f 3932/3986/8066 3667/4061/8066 3842/3987/8066
f 3933/3989/4909 3666/4129/5615 3830/3990/4910
f 3934/3992/4912 3665/4132/5664 3818/3993/4913
f 3935/3995/4915 3664/4144/5682 3814/3996/4916
f 3936/3998/4918 3663/4141/5348 3810/3999/4919
f 3937/4001/8067 3662/4078/8067 3806/4002/8067
f 4085/4004/4924 3938/4124/5302 3661/4005/5395
f 4084/4007/4927 3939/4122/5300 3657/4008/4928
f 4083/4010/8068 3940/4046/8068 3660/4011/8068
f 3941/4013/4931 3659/4063/5780 3785/4014/4932
f 4081/4016/4934 3942/4116/5782 3658/4017/4935
f 4080/4019/4937 3959/4114/8069 3688/4020/4938
f 4079/4022/4940 3960/4113/8070 3673/4023/4941
f 4078/4025/8071 3961/4111/8071 3687/4026/8071
f 4077/4028/8072 3962/4109/8072 3674/4029/8072
f 4076/4031/8073 3758/4032/8073 3700/4032/8073
f 4075/3732/8074 3841/4033/8074 3697/4033/8074
f 3965/4034/8075 3685/4106/8075 3897/4035/8075
f 3966/4037/8076 3680/4149/8076 3950/4038/8076
f 3967/4040/8077 3684/4103/8077 3853/4041/8077
f 3968/4043/8078 3676/4107/8078 3754/4044/8078
f 4070/4046/8079 3916/3978/8079 3708/3978/8079
f 4069/4047/4954 3924/4048/8080 3696/4048/4955
f 4068/4049/8081 3971/4100/8081 3682/4050/8081
f 4067/4052/8082 3972/4097/8082 3678/4053/8082
f 3973/4055/4959 3681/4091/8083 3817/4056/4960
f 3974/4058/4962 3679/4146/8084 3766/4059/4963
f 4064/4001/4965 4028/4061/5172 3717/4061/4966
f 4063/3692/4968 4029/4062/5180 3713/4062/4969
f 4062/3986/4970 3990/4063/5177 3714/4063/4971
f 3992/4064/4973 3712/4064/5060 4016/4065/4974
f 3997/3952/4976 3703/3951/4976 3987/4066/4977
f 3998/3695/4979 3695/3694/4979 3978/4047/4980
f 4058/4069/4982 3999/4082/8085 3702/4070/4983
f 4057/4072/4985 4000/4031/4986 3700/4032/4986
f 4056/4074/8086 4007/4075/8086 3693/4075/8086
f 4008/4062/4991 3701/4062/8087 3988/3692/4992
f 4054/3834/8088 4004/3736/8088 3699/3736/8088
f 4053/4076/4995 3901/4011/5130 3705/4011/4996
f 4052/4077/5123 4010/4078/5122 3706/4078/8089
f 4011/4029/4999 3691/4029/8090 3976/4030/5000
f 4013/4061/8091 3707/4061/8091 3995/4001/8091
f 4012/3741/8092 3692/3741/8092 3985/4079/8092
f 4048/4080/8093 4006/4081/8093 3689/4081/8093
f 4047/4065/8094 4014/4064/8094 3694/4064/8094
f 4046/4082/8095 4001/4070/8095 3702/4070/8095
f 4045/3986/8096 4009/4063/8096 3704/4063/8096
f 4044/4083/5014 4015/3738/5091 3710/3739/5015
f 4016/4065/5017 3712/4064/5017 4021/4084/5018
f 4018/4074/5020 3711/4075/8097 4022/4086/5021
f 4041/4088/5023 4017/4080/5076 3709/4081/5024
f 4040/3738/5071 4031/3739/5070 3710/3739/8098
f 4039/4080/5027 4032/4081/5064 3709/4081/5028
f 4033/4011/5030 3715/4011/5031 4020/4076/5031
f 4034/3978/5033 3718/3978/5047 4027/4046/5034
f 4030/4078/5036 3716/4078/5181 4024/4077/5037
f 3991/4075/5168 3711/4075/5167 4018/4074/8099
f 4035/4074/5041 4018/4074/5040 3713/4062/8100
f 3983/4074/5046 4035/4074/5045 4029/4062/8101
f 3693/4075/8102 3991/4075/8102 4035/4074/8102
f 4036/4077/5038 4024/4077/5037 3718/3978/5047
f 3993/4077/5048 4036/4077/5038 4034/3978/5033
f 3706/4078/5050 4030/4078/5036 4036/4077/5038
f 4037/4046/5035 4027/4046/5034 3715/4011/5051
f 3996/4046/5055 4037/4046/5035 4033/4011/5052
f 3708/3978/5054 4034/3978/5033 4037/4046/5035
f 4038/4076/5032 4020/4076/5031 3710/3739/5031
f 3989/4076/5057 4038/4076/5032 4031/3739/5056
f 3705/4011/5057 4033/4011/5030 4038/4076/5032
f 3992/4064/5062 4039/4080/5027 4017/4080/5029
f 3694/4064/5061 3982/4080/5063 4039/4080/5027
f 3982/4080/5063 3689/4081/8103 4032/4081/5064
f 4032/4081/5068 4040/3738/5067 4015/3738/8104
f 3689/4081/8105 3975/3738/8105 4040/3738/8105
f 3975/3738/8106 3690/3739/8106 4031/3739/8106
f 4024/4077/5072 4041/4088/5023 4023/4089/5025
f 3716/4078/5074 4021/4084/5075 4041/4088/5023
f 4021/4084/5075 3712/4064/8107 4017/4080/5076
f 4042/4087/5022 4022/4086/5021 3717/4061/5077
f 4019/3692/5079 4042/4087/5022 4025/3986/5078
f 3713/4062/5081 4018/4074/5020 4042/4087/5022
f 4043/4085/5019 4021/4084/5018 3716/4078/5082
f 4022/4086/5084 4043/4085/5019 4026/4001/5083
f 3711/4075/5086 4016/4065/5017 4043/4085/5019
f 4027/4046/5087 4044/4083/5014 4020/4076/5016
f 3718/3978/5089 4023/4089/5090 4044/4083/5014
f 4023/4089/5090 3709/4081/8108 4015/3738/5091
f 4045/3986/5011 3994/3986/5013 3707/4061/8109
f 3932/3986/8110 4045/3986/8110 4013/4061/8110
f 3659/4063/8111 4009/4063/8111 4045/3986/8111
f 4011/4029/8112 4046/4082/8112 3999/4082/8112
f 3674/4029/8113 3969/4082/8113 4046/4082/8113
f 3969/4082/8114 3683/4070/8114 4001/4070/8114
f 4047/4065/5007 3977/4065/5009 3693/4075/8115
f 3605/4075/8116 3739/4065/8116 4047/4065/8116
f 3739/4065/8117 3575/4064/8117 4014/4064/8117
f 4048/4080/5004 3982/4080/5006 3694/4064/8118
f 3775/4080/8119 4048/4080/8119 4014/4064/8119
f 3593/4081/8120 4006/4081/8120 4048/4080/8120
f 4049/4079/8121 3985/4079/8121 3698/3818/8121
f 3804/4079/8122 4049/4079/8122 4003/3818/8122
f 3573/3741/8123 4012/3741/8123 4049/4079/8123
f 4050/4001/8124 3995/4001/8124 3706/4078/8124
f 3937/4001/8125 4050/4001/5107 4010/4078/5109
f 3667/4061/8126 4013/4061/8126 4050/4001/8126
f 4051/4030/5001 3976/4030/5000 3692/3741/5112
f 3737/4030/5114 4051/4030/5118 4012/3741/5115
f 3737/4030/8127 3674/4029/8127 4011/4029/8127
f 3916/3978/8128 4052/4077/8128 3993/4077/8128
f 3670/3978/8129 3929/4077/8129 4052/4077/8129
f 3929/4077/8130 3662/4078/8130 4010/4078/8130
f 4005/3739/5124 4053/4076/5128 3989/4076/5125
f 3564/3739/5127 3914/4076/8131 4053/4076/5128
f 3914/4076/5129 3660/4011/8132 3901/4011/5130
f 3841/4033/8133 4054/3834/8133 3984/3834/8133
f 3621/4033/8134 3803/3834/8134 4054/3834/8134
f 3803/3834/8135 3582/3736/8135 4004/3736/8135
f 4055/3692/4993 3988/3692/4992 3704/4063/8136
f 3913/3692/5137 4055/3692/5134 4009/4063/5136
f 3566/4062/5139 4008/4062/8137 4055/3692/5134
f 4056/4074/4988 3983/4074/4990 3701/4062/8138
f 3566/4062/8139 3787/4074/8139 4056/4074/8139
f 3787/4074/8140 3605/4075/8140 4007/4075/8140
f 3980/3819/5143 4057/4072/4985 3981/4073/4987
f 3698/3818/5144 3986/4071/5147 4057/4072/5145
f 3986/4071/5147 3702/4070/8141 4000/4031/5148
f 3985/4079/5149 4058/4069/4982 3986/4071/4984
f 3692/3741/5150 3976/4030/5153 4058/4069/5151
f 3976/4030/5153 3691/4029/5154 3999/4082/5154
f 4059/4068/4981 3978/4047/4980 3696/4048/5155
f 3987/4066/5157 4059/4068/5160 3979/3732/5158
f 3703/3951/5159 3998/3695/8142 4059/4068/5160
f 4060/4067/4978 3987/4066/4977 3697/4033/5161
f 3981/4073/5163 4060/4067/5166 3984/3834/5164
f 3700/4032/5165 3997/3952/5165 4060/4067/5166
f 4061/4065/4975 4016/4065/4974 3711/4075/5167
f 3977/4065/5169 4061/4065/4975 3991/4075/5168
f 3694/4064/5171 3992/4064/4973 4061/4065/4975
f 4028/4061/5175 4062/3986/4970 4025/3986/4972
f 3707/4061/8143 3994/3986/5176 4062/3986/4970
f 3994/3986/8144 3704/4063/8144 3990/4063/8144
f 3990/4063/5178 4063/3692/4968 4019/3692/4969
f 3704/4063/5179 3988/3692/5179 4063/3692/4968
f 3988/3692/5179 3701/4062/8145 4029/4062/5180
f 4030/4078/5036 4064/4001/4965 4026/4001/4967
f 3706/4078/5182 3995/4001/5183 4064/4001/4965
f 3995/4001/8146 3707/4061/5174 4028/4061/5175
f 3764/4090/5184 4065/4060/5185 3766/4059/5185
f 3630/3774/5186 3817/4056/8147 4065/4060/5187
f 3681/4091/5189 3974/4058/8148 4065/4060/5190
f 3812/4092/5192 4066/4057/8149 3817/4056/5193
f 3568/4093/5194 3950/4095/8150 4066/4057/5195
f 3680/4094/5197 3973/4055/8151 4066/4057/5198
f 3760/4096/5200 4067/4052/5203 3762/4054/5201
f 3626/3801/5202 3829/4051/8152 4067/4052/5203
f 3829/4051/8153 3682/4050/8153 3972/4097/8153
f 3808/4098/5205 4068/4049/5209 3829/4051/5206
f 3570/4099/5208 3734/4024/8154 4068/4049/5209
f 3734/4024/8155 3673/4023/8155 3971/4100/8155
f 3921/3694/5211 4069/4047/4954 3978/4047/4956
f 3740/4047/5214 4069/4047/5216 3921/3694/8156
f 3740/4047/5214 3576/4048/8157 3924/4048/5215
f 4070/4046/4951 3996/4046/4953 3705/4011/8158
f 3660/4011/8159 3940/4046/8159 4070/4046/8159
f 3940/4046/8160 3670/3978/8160 3916/3978/8160
f 4071/4045/5220 3754/4044/8161 3581/4101/5221
f 3853/4041/8162 4071/4045/5220 3752/3726/5222
f 3684/4103/8163 3968/4043/8163 4071/4045/8163
f 4072/4042/5227 3853/4041/8164 3618/4102/5228
f 3740/4047/5230 4072/4042/8165 3800/3852/5231
f 3675/3694/8166 3967/4040/8166 4072/4042/8166
f 4073/4039/5234 3950/4038/8167 3568/4104/5235
f 3897/4035/5236 4073/4039/5234 3751/3723/4696
f 3685/4106/8168 3966/4037/8168 4073/4039/8168
f 4074/4036/5239 3897/4035/8169 3617/4105/5240
f 3754/4044/5241 4074/4036/5239 3799/3861/4823
f 3676/4107/8170 3965/4034/8170 4074/4036/8170
f 3924/4048/8171 4075/3732/8171 3979/3732/8171
f 3576/4048/8172 3755/3732/8172 4075/3732/8172
f 3755/3732/8173 3621/4033/8173 3841/4033/8173
f 4001/4070/8174 4076/4031/8174 4000/4031/8174
f 3683/4070/8175 3970/4031/8175 4076/4031/8175
f 3970/4031/5249 3677/4032/8176 3758/4032/5250
f 3759/4108/5252 4077/4028/8177 3737/4030/5253
f 3625/3810/4782 3905/4027/5259 4077/4028/5255
f 3905/4027/8178 3687/4026/8178 3962/4109/8178
f 3807/4110/5258 4078/4025/5261 3905/4027/5259
f 3583/3744/5260 3762/4054/8179 4078/4025/5261
f 3762/4054/8180 3678/4053/8180 3961/4111/8180
f 4079/4022/5263 3734/4024/8181 3570/4099/5264
f 3909/4021/5265 4079/4022/8182 3763/3749/5266
f 3909/4021/5268 3688/4020/8183 3960/4113/5269
f 4080/4019/5271 3909/4021/8184 3629/4112/5272
f 3766/4059/5273 4080/4019/5273 3811/3782/5274
f 3766/4059/5276 3679/4146/8185 3959/4114/5277
f 3907/4115/5279 4081/4016/4934 3782/4018/4936
f 3656/3966/8186 3910/3973/5283 4081/4016/5285
f 3910/3973/5283 3672/3972/5783 3942/4116/5284
f 4082/4015/4933 3785/4014/4932 3603/4117/5286
f 3906/3975/4897 4082/4015/4933 3903/3953/5287
f 3671/4119/5289 3941/4013/4931 4082/4015/4933
f 3899/4120/8187 4083/4010/8187 3788/4012/8187
f 3654/3949/8188 3902/3979/5294 4083/4010/5296
f 3902/3979/8189 3670/3978/8189 3940/4046/8189
f 3895/4121/5297 4084/4007/4927 3911/4009/4929
f 3653/3940/5298 3898/3982/5299 4084/4007/4927
f 3898/3982/5299 3669/3981/5775 3939/4122/5300
f 3851/4123/5301 4085/4004/4924 3802/4006/4926
f 3642/3841/4803 3854/3985/4905 4085/4004/4924
f 3854/3985/4905 3668/3984/4904 3938/4124/5302
f 4086/4003/4923 3806/4002/4922 3624/4125/8190
f 3842/3987/8191 4086/4003/8191 3839/3812/8191
f 3667/4061/8192 3937/4001/8192 4086/4003/8192
f 4087/4000/4920 3810/3999/4919 3628/4127/5306
f 3830/3990/5307 4087/4000/4920 3827/3785/4757
f 3666/4129/5309 3936/3998/4918 4087/4000/4920
f 4088/3997/4917 3814/3996/4916 3632/4130/5310
f 3818/3993/5312 4088/3997/5316 3815/3758/5313
f 3665/4132/5315 3935/3995/5684 4088/3997/5316
f 4089/3994/4914 3818/3993/4913 3633/4131/5317
f 3911/4133/5319 4089/3994/5323 3816/3761/5320
f 3657/4135/5322 3934/3992/5666 4089/3994/5323
f 4090/3991/4911 3830/3990/4910 3636/4128/5324
f 3782/4018/5325 4090/3991/4911 3828/3788/4760
f 3658/4017/5327 3933/3989/4909 4090/3991/4911
f 4091/3988/4908 3842/3987/4907 3639/4126/8193
f 3785/4014/8194 4091/3988/8194 3840/3815/8194
f 3659/4063/8195 3932/3986/8195 4091/3988/8195
f 3852/4136/5333 4092/3983/4903 3854/3985/4905
f 3606/3946/5334 3788/4012/5335 4092/3983/4903
f 3788/4012/5335 3660/4011/5536 3931/4137/5336
f 3896/4138/5337 4093/3980/4900 3898/3982/4902
f 3620/3838/5338 3802/4006/5339 4093/3980/4900
f 3802/4006/8196 3661/4005/5395 3930/4139/5340
f 3900/4140/8197 4094/3977/8197 3902/3979/8197
f 3624/4125/8198 3806/4002/5343 4094/3977/5345
f 3806/4002/8199 3662/4078/8199 3929/4077/8199
f 4095/3976/4898 3906/3975/4897 3655/4118/5288
f 3810/3999/5346 4095/3976/4898 3904/3956/4878
f 3663/4141/5348 3928/3974/4896 4095/3976/4898
f 3908/4142/5349 4096/3971/4893 3910/3973/4895
f 3632/4130/5351 3814/3996/5354 4096/3971/5352
f 3814/3996/5354 3664/4144/5357 3927/4143/5355
f 3927/4143/5356 4097/3968/4890 3926/3970/4892
f 3664/4144/5357 3918/3756/5359 4097/3968/5358
f 3918/3756/5359 3569/4291/8200 3769/4145/5360
f 3959/4114/5361 4098/3965/4887 3958/3967/4889
f 3679/4146/5363 3949/3759/5366 4098/3965/5364
f 3949/3759/5366 3632/4130/8201 3908/4142/5367
f 3960/4113/5368 4099/3962/4884 3943/3964/4886
f 3688/4020/5370 3958/3967/5373 4099/3962/5371
f 3958/3967/5373 3656/3966/5280 3907/4115/5282
f 4100/3961/4883 3925/3960/4882 3671/4119/5289
f 3917/3747/4719 4100/3961/4883 3928/3974/4896
f 3572/4147/5374 3772/3959/4881 4100/3961/4883
f 4101/3958/4880 3957/3957/4879 3687/4026/5375
f 3948/3786/5377 4101/3958/4880 3961/4111/5376
f 3628/4127/5347 3904/3956/4878 4101/3958/4880
f 4102/3955/4877 3944/3954/4876 3674/4029/5379
f 3957/3957/4879 4102/3955/4877 3962/4109/5380
f 3655/4118/5288 3903/3953/4875 4102/3955/4877
f 4103/3952/8202 3997/3952/8202 3700/4032/8202
f 3963/3952/5382 4103/3952/8203 3758/4032/5383
f 3686/3951/8204 4002/3951/8204 4103/3952/8204
f 3963/3952/8205 4104/3948/4871 3956/3950/4873
f 3677/4032/8206 3947/3813/8206 4104/3948/8206
f 3947/3813/8207 3624/4125/8207 3900/4140/8207
f 3964/3695/5389 4105/3945/4868 3945/3947/4870
f 3686/3951/8208 3956/3950/5392 4105/3945/5393
f 3956/3950/8209 3654/3949/8209 3899/4120/8209
f 3930/4139/5340 4106/3942/4865 3923/3944/5394
f 3661/4005/5395 3915/3731/4704 4106/3942/4865
f 3915/3731/4704 3578/3730/4703 3778/4148/5396
f 3965/4034/5397 4107/3939/4862 3955/3941/4864
f 3676/4107/5399 3946/3839/4801 4107/3939/4862
f 3946/3839/8210 3620/3838/5338 3896/4138/5337
f 3966/4037/5400 4108/3936/4859 3768/3938/4861
f 3685/4106/5402 3955/3941/5403 4108/3936/4859
f 3955/3941/5403 3653/3940/5298 3895/4121/5297
f 3892/4150/8211 4109/3933/8211 3894/3935/8211
f 3616/4151/8212 3798/3721/8212 4109/3933/8212
f 3798/3721/8213 3574/4214/8213 3738/4152/8213
f 3795/4153/8214 4110/3930/8214 3893/3932/8214
f 3580/4154/8215 3750/3865/8215 4110/3930/8215
f 3750/3865/8216 3616/4151/8216 3892/4150/8216
f 3747/4155/8217 4111/3927/8217 3777/3929/8217
f 3613/3889/8218 3893/3932/8218 4111/3927/8218
f 3893/3932/8219 3652/3931/8219 3891/4156/8219
f 3888/3921/8220 4112/3924/8220 3890/3926/8220
f 3612/3892/8221 3794/3712/8221 4112/3924/8221
f 3794/3712/8222 3569/4290/8222 3733/4158/8222
f 4113/3923/8223 3889/3922/8223 3609/4159/8223
f 3746/3893/5424 4113/3923/5423 3791/3915/8224
f 3612/3892/8225 3888/3921/8225 4113/3923/8225
f 3743/4160/8226 4114/3918/8226 3778/3920/8226
f 3889/3922/5427 4114/3918/5427 3743/4160/8227
f 3889/3922/8228 3651/4157/8228 3887/4161/8228
f 4115/3917/8229 3886/3916/8229 3650/4162/8229
f 3793/3710/8230 4115/3917/8230 3884/3912/8230
f 3579/3709/8231 3791/3915/8231 4115/3917/8231
f 4116/3914/8232 3885/3913/8232 3593/4081/8232
f 3745/3902/8233 4116/3914/8233 3775/4080/8233
f 3611/3901/8234 3884/3912/8234 4116/3914/8234
f 4117/3911/8235 3790/3910/8235 3564/3739/8235
f 3885/3913/8236 4117/3911/8236 3727/3738/8236
f 3650/4162/8237 3883/3909/8237 4117/3911/8237
f 3880/4163/8238 4118/3906/8238 3882/3908/8238
f 3590/4164/8239 3772/4166/8239 4118/3906/8239
f 3572/4165/8240 3792/4173/8240 4118/3906/8240
f 3787/4074/8241 4119/3903/8241 3881/3905/8241
f 3566/4062/8242 3724/4167/8242 4119/3903/8242
f 3724/4167/8243 3590/4164/8243 3880/4163/8243
f 3739/4065/8244 4120/3900/8244 3745/3902/8244
f 3605/4075/8245 3881/3905/8245 4120/3900/8245
f 3881/3905/8246 3649/3904/5760 3879/4168/5762
f 4121/3897/4844 3878/3899/4846 3648/4169/8247
f 3784/4170/5451 4121/3897/5453 3876/3894/8248
f 3784/4170/8249 3562/4292/8249 3721/4172/8249
f 3792/4173/8250 4122/3896/4843 3877/3895/4843
f 3736/4174/8251 4122/3896/8251 3792/4173/8251
f 3602/4171/8252 3876/3894/8252 4122/3896/8252
f 3744/4175/8253 4123/3891/4839 3746/3893/4841
f 3610/3907/8254 3877/3895/8254 4123/3891/8254
f 3877/3895/8255 3648/4169/8255 3875/4176/8255
f 3872/4177/8256 4124/3888/8256 3874/3890/8256
f 3615/4178/8257 3797/3718/8257 4124/3888/8257
f 3797/3718/8258 3580/4154/5410 3795/4153/5412
f 3767/4179/8259 4125/3885/4835 3873/3887/4837
f 3567/4181/8260 3749/3874/5465 4125/3885/5467
f 3749/3874/8261 3615/4178/8261 3872/4177/8261
f 3719/4182/8262 4126/3882/8262 3789/3884/8262
f 3585/4180/8263 3873/3887/8263 4126/3882/8263
f 3873/3887/8264 3647/3886/5752 3871/4184/5754
f 4127/3881/8265 3870/3880/8265 3646/4185/8265
f 3771/4186/8266 4127/3881/8266 3868/3876/8266
f 3571/4188/8267 3796/3879/8267 4127/3881/8267
f 4128/3878/8268 3869/3877/8268 3597/4189/8268
f 3723/4191/8269 4128/3878/8269 3779/4190/8269
f 3589/4187/5476 3868/3876/5475 4128/3878/8270
f 4129/3875/4831 3749/3874/4830 3567/4181/8271
f 3869/3877/5485 4129/3875/5484 3731/4193/8272
f 3646/4185/8273 3867/3873/8273 4129/3875/8273
f 4130/3872/8274 3866/3871/8274 3645/4194/8274
f 3783/4195/8275 4130/3872/8275 3864/3867/8275
f 3565/4197/8276 3726/3870/8276 4130/3872/8276
f 4131/3869/8277 3865/3868/8277 3614/4198/8277
f 3735/4199/8278 4131/3869/8278 3796/3879/8278
f 3601/4196/8279 3864/3867/8279 4131/3869/8279
f 4132/3866/8280 3750/3865/8280 3580/4154/8280
f 3865/3868/8281 4132/3866/8281 3748/3717/8281
f 3645/4194/8282 3863/3864/8282 4132/3866/8282
f 4133/3863/4825 3862/3862/4824 3644/4200/8283
f 3801/3727/5505 4133/3863/4825 3860/3858/8284
f 3581/4101/5242 3799/3861/4823 4133/3863/4825
f 4134/3860/4822 3861/3859/4821 3607/4202/8285
f 3753/3847/5510 4134/3860/5509 3741/4203/8286
f 3619/4201/5504 3860/3858/5503 4134/3860/8287
f 4135/3857/4819 3780/3856/4818 3559/4205/5511
f 3861/3859/5513 4135/3857/5517 3789/4206/5514
f 3644/4200/5516 3859/3855/5741 4135/3857/5517
f 4136/3854/4816 3858/3853/4815 3643/4207/5736
f 3776/3733/5524 4136/3854/5518 3856/3849/5520
f 3576/4048/5232 3800/3852/5231 4136/3854/8288
f 4137/3851/4813 3857/3850/4812 3595/4209/5533
f 3728/3829/5530 4137/3851/5525 3729/4210/5527
f 3594/4208/5522 3856/3849/4811 4137/3851/4813
f 4138/3848/4810 3753/3847/4809 3577/4204/8289
f 3857/3850/5535 4138/3848/5534 3777/4211/8290
f 3643/4207/5736 3855/3846/5735 4138/3848/8291
f 3931/4137/5336 4139/3843/4805 3922/3845/4807
f 3660/4011/5536 3914/4076/5537 4139/3843/4805
f 3914/4076/5537 3564/3739/8292 3790/4212/5538
f 3967/4040/5539 4140/3840/4802 3954/3842/4804
f 3675/3694/5541 3945/3947/5542 4140/3840/4802
f 3945/3947/5542 3606/3946/5334 3852/4136/5333
f 3968/4043/5543 4141/3837/4799 3946/3839/4801
f 3684/4103/5540 3954/3842/4804 4141/3837/4799
f 3954/3842/4804 3642/3841/4803 3851/4123/5301
f 4142/3836/4798 3850/3835/4797 3641/4213/8293
f 3805/3737/8294 4142/3836/8294 3848/3831/8294
f 3582/3736/8295 3803/3834/8295 4142/3836/8295
f 4143/3833/8296 3849/3832/8296 3604/3934/8296
f 3757/3822/8297 4143/3833/8297 3738/4152/8297
f 3623/3821/8298 3848/3831/8298 4143/3833/8298
f 4144/3830/8299 3728/3829/8299 3563/3700/8299
f 3849/3832/8300 4144/3830/8300 3786/4215/8300
f 3641/4213/8301 3847/3828/8301 4144/3830/8301
f 3844/4216/8302 4145/3826/4791 3846/3827/4793
f 3591/3804/8303 3773/3742/5559 4145/3826/5561
f 3773/3742/8304 3573/3741/8304 3804/4079/8304
f 3726/3870/8305 4146/3823/8305 3845/3825/8305
f 3565/4197/8306 3725/3805/8306 4146/3823/8306
f 3725/3805/8307 3591/3804/5556 3844/4216/5558
f 3774/3720/8308 4147/3820/8308 3757/3822/8308
f 3592/4217/8309 3845/3825/8309 4147/3820/8309
f 3845/3825/8310 3640/3824/5718 3843/4218/5720
f 4148/3819/8311 3980/3819/8311 3699/3736/8311
f 3756/3819/8312 4148/3819/8312 4004/3736/8312
f 3622/3818/8313 4003/3818/8313 4148/3819/8313
f 4149/3817/4787 3953/3816/4786 3683/4070/5571
f 3944/3954/5573 4149/3817/4787 3969/4082/5572
f 3603/4117/5331 3840/3815/5330 4149/3817/8314
f 4150/3814/8315 3947/3813/8315 3677/4032/8315
f 3953/3816/5580 4150/3814/5579 3970/4031/8316
f 3639/4126/8317 3839/3812/8317 4150/3814/8317
f 3836/4219/5585 4151/3809/4781 3838/3811/4783
f 3627/3795/8318 3809/3745/5586 4151/3809/5587
f 3809/3745/8319 3583/3744/5260 3807/4110/5258
f 3735/4220/8320 4152/3806/4778 3837/3808/4780
f 3571/4222/8321 3761/3796/5592 4152/3806/5594
f 3761/3796/8322 3627/3795/5584 3836/4219/5585
f 3783/4223/5597 4153/3803/4775 3725/3805/4777
f 3601/4221/5590 3837/3808/5589 4153/3803/5599
f 3837/3808/4780 3638/3807/4779 3835/4224/5711
f 3832/4225/5600 4154/3800/4772 3834/3802/4774
f 3588/4226/8323 3770/3750/5603 4154/3800/5604
f 3770/3750/5603 3570/4099/5208 3808/4098/5205
f 3723/4227/5605 4155/3797/4769 3833/3799/4771
f 3561/4229/5607 3722/3777/5608 4155/3797/4769
f 3722/3777/8324 3588/4226/5602 3832/4225/5600
f 3771/4230/8325 4156/3794/4766 3761/3796/4768
f 3589/4228/8326 3833/3799/5612 4156/3794/5614
f 3833/3799/8327 3637/3798/5705 3831/4231/5707
f 4157/3793/4765 3920/3792/4764 3666/4129/5615
f 3912/3690/5616 4157/3793/4765 3933/3989/4909
f 3562/3689/5617 3784/3791/4763 4157/3793/4765
f 4158/3790/4762 3952/3789/4761 3682/4050/5618
f 3943/3964/5620 4158/3790/4762 3971/4100/5619
f 3600/3963/5326 3828/3788/4760 4158/3790/4762
f 4159/3787/4759 3948/3786/4758 3678/4053/5622
f 3952/3789/5624 4159/3787/4759 3972/4097/5623
f 3636/4128/5308 3827/3785/4757 4159/3787/4759
f 4160/3784/4756 3826/3783/4755 3635/4232/5626
f 3813/3754/5628 4160/3784/5631 3824/3779/5629
f 3584/3753/5275 3811/3782/5274 4160/3784/5631
f 4161/3781/4753 3825/3780/4752 3597/4233/5632
f 3765/3769/5634 4161/3781/5638 3731/4234/5635
f 3631/3768/5637 3824/3779/8328 4161/3781/5638
f 4162/3778/4750 3722/3777/4749 3561/4229/8329
f 3825/3780/5643 4162/3778/5642 3779/4236/8330
f 3635/4232/8331 3823/3776/8331 4162/3778/8331
f 3820/4237/8332 4163/3773/4745 3822/3775/4747
f 3598/4238/8333 3732/4239/5650 4163/3773/5651
f 3732/4239/5650 3568/4093/5194 3812/4092/5196
f 3719/4240/8334 4164/3770/4742 3821/3772/4744
f 3559/4242/8335 3780/4243/5654 4164/3770/5656
f 3780/4243/8336 3598/4238/5647 3820/4237/5649
f 3767/4244/5657 4165/3767/4739 3765/3769/4741
f 3585/4241/5659 3821/3772/5662 4165/3767/5660
f 3821/3772/8337 3634/3771/5689 3819/4245/5691
f 4166/3766/4738 3919/3765/4737 3665/4132/5664
f 3720/4246/5665 4166/3766/5668 3934/3992/5666
f 3560/4247/5667 3781/3764/8338 4166/3766/5668
f 4167/3763/4735 3951/3762/4734 3681/4091/5669
f 3768/4248/5671 4167/3763/5674 3973/4055/5672
f 3586/4134/5321 3816/3761/5320 4167/3763/5674
f 4168/3760/4732 3949/3759/4731 3679/4146/5675
f 3951/3762/5677 4168/3760/5681 3974/4058/5678
f 3633/4131/5680 3815/3758/8339 4168/3760/5681
f 4169/3757/4729 3918/3756/4728 3664/4144/5682
f 3919/3765/5683 4169/3757/5686 3935/3995/5684
f 3599/4249/5685 3733/3755/8340 4169/3757/5686
f 3819/4245/5687 4170/3752/4724 3813/3754/4726
f 3634/3771/8341 3822/3775/5692 4170/3752/5693
f 3822/3775/5692 3630/3774/5186 3764/4090/5188
f 4171/3751/4723 3770/3750/4722 3588/4226/5694
f 3826/3783/5696 4171/3751/5699 3823/3776/5697
f 3629/4112/5267 3763/3749/5266 4171/3751/5699
f 4172/3748/4720 3917/3747/4719 3663/4141/5348
f 3920/3792/5700 4172/3748/4720 3936/3998/4918
f 3602/4250/5701 3736/3746/4718 4172/3748/4720
f 3831/4231/8342 4173/3743/4715 3809/3745/4717
f 3637/3798/8343 3834/3802/5708 4173/3743/4715
f 3834/3802/5708 3626/3801/5202 3760/4096/5200
f 3835/4224/5711 4174/3740/4712 3773/3742/4714
f 3638/3807/5583 3838/3811/5582 4174/3740/5713
f 3838/3811/4783 3625/3810/4782 3759/4108/5256
f 4175/3738/4709 3975/3738/4711 3689/4081/8344
f 3727/3738/8345 4175/3738/8345 4006/4081/8345
f 3564/3739/8346 4005/3739/8346 4175/3738/8346
f 3843/4218/8347 4176/3735/8347 3805/3737/8347
f 3640/3824/8348 3846/3827/5721 4176/3735/5723
f 3846/3827/8349 3622/3818/8349 3756/3819/8349
f 4177/3734/4707 3776/3733/4706 3594/4208/8350
f 3850/3835/5730 4177/3734/5729 3847/3828/8351
f 3621/4033/8352 3755/3732/8352 4177/3734/8352
f 3938/4124/5302 4178/3729/4702 3915/3731/4704
f 3668/3984/4904 3922/3845/4807 4178/3729/4702
f 3922/3845/4807 3608/3844/4806 3742/4251/5731
f 4179/3728/4701 3801/3727/4700 3619/4201/8353
f 3858/3853/5738 4179/3728/5732 3855/3846/5734
f 3618/4102/5225 3752/3726/5224 4179/3728/8354
f 4180/3725/4698 3732/3724/4697 3598/4252/5739
f 3862/3862/5740 4180/3725/5742 3859/3855/5741
f 3617/4105/5237 3751/3723/4696 4180/3725/5742
f 4181/3722/8355 3798/3721/8355 3616/4151/8355
f 3866/3871/8356 4181/3722/8356 3863/3864/8356
f 3592/4217/8357 3774/3720/8357 4181/3722/8357
f 4182/3719/8358 3797/3718/8358 3615/4178/8358
f 3870/3880/8359 4182/3719/8359 3867/3873/8359
f 3614/4198/5497 3748/3717/5496 4182/3719/8360
f 3871/4184/8361 4183/3714/8361 3741/3716/8361
f 3647/3886/8362 3874/3890/8362 4183/3714/8362
f 3874/3890/8363 3613/3889/8363 3747/4155/8363
f 4184/3713/8364 3794/3712/8364 3612/3892/8364
f 3878/3899/8365 4184/3713/8365 3875/4176/8365
f 3587/3898/8366 3769/3711/8366 4184/3713/8366
f 3879/4168/8367 4185/3708/8367 3793/3710/8367
f 3649/3904/8368 3882/3908/8368 4185/3708/8368
f 3882/3908/8369 3610/3907/8369 3744/4175/8369
f 4186/3705/8370 3742/3707/8370 3608/4253/8370
f 3886/3916/8371 4186/3705/8371 3883/3909/8371
f 3609/4159/8372 3743/4160/8372 4186/3705/8372
f 3887/4161/8373 4187/3704/4689 3730/3703/4688
f 3651/4157/8374 3890/3926/5771 4187/3704/5770
f 3599/3925/8375 3781/3702/8375 4187/3704/8375
f 3891/4156/8376 4188/3699/8376 3729/3701/8376
f 3652/3931/8377 3894/3935/8377 4188/3699/8377
f 3894/3935/8378 3604/3934/8378 3786/4215/8378
f 3939/4122/5300 4189/3696/4683 3720/3698/4685
f 3669/3981/5775 3923/3944/8379 4189/3696/4683
f 3923/3944/4867 3596/3943/4866 3730/4254/5776
f 4190/3695/8380 3998/3695/8380 3703/3951/8380
f 3964/3695/8381 4190/3695/8381 4002/3951/8381
f 3675/3694/8382 3921/3694/8382 4190/3695/8382
f 4191/3693/4681 3913/3692/4680 3659/4063/5780
f 3925/3960/4882 4191/3693/4681 3941/4013/4931
f 3590/4255/5781 3724/3691/4679 4191/3693/4681
f 3942/4116/5782 4192/3688/4676 3912/3690/4678
f 3672/3972/5783 3926/3970/5785 4192/3688/5784
f 3926/3970/5785 3587/3969/8383 3721/4256/5786
